street,number
Abbrecher,1
Abbrecher,2
Abbrecher,3
Abbrecher,4
Abbrecher,5
Abbrecher,6
Abbrecher,7
Aberlestrasse,1
Aberlestrasse,2
Aberlestrasse,3
Aberlestrasse,4
Aberlestrasse,5
Aberlestrasse,6
Aberlestrasse,7
Aberlestrasse,8
Aberlestrasse,9
Aberlestrasse,10
Aberlestrasse,11
Aberlestrasse,12
Aberlestrasse,13
Aberlestrasse,14
Aberlestrasse,15
Aberlestrasse,16
Aberlestrasse,17
Aberlestrasse,18
Aberlestrasse,19
Aberlestrasse,20
Aberlestrasse,21
Aberlestrasse,22
Ackerstrasse,1
Ackerstrasse,2
Ackerstrasse,3
Ackerstrasse,4
Ackerstrasse,5
Ackerstrasse,6
Ackerstrasse,7
Ackerstrasse,8
Ackerstrasse,9
Ackerstrasse,10
Ackerstrasse,11
Ackerstrasse,12
Ackerstrasse,13
Ackerstrasse,14
Ackerstrasse,15
Ackerstrasse,16
Ackerstrasse,17
Ackerstrasse,18
Ackerstrasse,19
Ackerstrasse,20
Ackerstrasse,21
Ackerstrasse,22
Ackerstrasse,23
Ackerstrasse,24
Ackerstrasse,25
Ackerstrasse,26
Adalbertstrasse,1
Adalbertstrasse,2
Adalbertstrasse,3
Adalbertstrasse,4
Adalbertstrasse,5
Adalbertstrasse,6
Adalbertstrasse,7
Adalbertstrasse,8
Adalbertstrasse,9
Adalbertstrasse,10
Adalbertstrasse,11
Adalbertstrasse,12
Adalbertstrasse,13
Adalbertstrasse,14
Adalbertstrasse,15
Adalbertstrasse,16
Adalbertstrasse,17
Adalbertstrasse,18
Adalbertstrasse,19
Adalbertstrasse,20
Adalbertstrasse,21
Adalbertstrasse,22
Adalbertstrasse,23
Adalbertstrasse,24
Adalbertstrasse,25
Adalbertstrasse,26
Adalbertstrasse,27
Adalbertstrasse,28
Adalbertstrasse,29
Adalbertstrasse,30
Adalbertstrasse,31
Adalbertstrasse,32
Adalbertstrasse,33
Adalbertstrasse,34
Adalbertstrasse,35
Adalbertstrasse,36
Adalbertstrasse,37
Adalbertstrasse,38
Adalbertstrasse,39
Adalbertstrasse,40
Adalbertstrasse,41
Adalbertstrasse,42
Adalbertstrasse,43
Adalbertstrasse,44
Adalbertstrasse,45
Adalbertstrasse,46
Adalbertstrasse,47
Adalbertstrasse,48
Adalbertstrasse,49
Adalbertstrasse,50
Adalbertstrasse,51
Adalbertstrasse,52
Adalbertstrasse,53
Adalbertstrasse,54
Adalbertstrasse,55
Adalbertstrasse,56
Adalbertstrasse,57
Adalbertstrasse,58
Adalbertstrasse,59
Adalbertstrasse,60
Adalbertstrasse,61
Adalbertstrasse,62
Adalbertstrasse,63
Adalbertstrasse,64
Adalbertstrasse,65
Adalbertstrasse,66
Adalbertstrasse,67
Adalbertstrasse,68
Adalbertstrasse,69
Adalbertstrasse,70
Adalbertstrasse,71
Adalbertstrasse,72
Adalbertstrasse,73
Adalbertstrasse,74
Adalbertstrasse,75
Adalbertstrasse,76
Adalbertstrasse,77
Adalbertstrasse,78
Adalbertstrasse,79
Adalbertstrasse,80
Adalbertstrasse,81
Adalbertstrasse,82
Adalbertstrasse,83
Adalbertstrasse,84
Adalbertstrasse,85
Adalbertstrasse,86
Adalbertstrasse,87
Adalbertstrasse,88
Adalbertstrasse,89
Adalbertstrasse,90
Adalbertstrasse,91
Adalbertstrasse,92
Adalbertstrasse,93
Adalbertstrasse,94
Adamstrasse,1
Adamstrasse,2
Adamstrasse,3
Adamstrasse,4
Adelgundenstrasse,1
Adelgundenstrasse,2
Adelgundenstrasse,3
Adelgundenstrasse,4
Adelgundenstrasse,5
Adelgundenstrasse,6
Adelgundenstrasse,7
Adelgundenstrasse,8
Adelgundenstrasse,9
Adelgundenstrasse,10
Adelgundenstrasse,11
Adelgundenstrasse,12
Adelgundenstrasse,13
Adelgundenstrasse,14
Adelgundenstrasse,15
Adelgundenstrasse,16
Adelgundenstrasse,17
Adelgundenstrasse,18
Adelgundenstrasse,19
Adelgundenstrasse,20
Adelgundenstrasse,21
Adelgundenstrasse,22
Adelgundenstrasse,23
Adelgundenstrasse,24
Adelgundenstrasse,25
Adelgundenstrasse,26
Adelgundenstrasse,27
Adelgundenstrasse,28
Adelgundenstrasse,29
Adelgundenstrasse,30
Adelgundenstrasse,31
Adelgundenstrasse,32
Adelgundenstrasse,33
Adelgundenstrasse,34
Adelgundenstrasse,35
Adelgundenstrasse,36
Adelgundenstrasse,37
Adelgundenstrasse,38
Adlzreiterstrasse,1
Adlzreiterstrasse,2
Adlzreiterstrasse,3
Adlzreiterstrasse,4
Adlzreiterstrasse,5
Adlzreiterstrasse,6
Adlzreiterstrasse,7
Adlzreiterstrasse,8
Adlzreiterstrasse,9
Adlzreiterstrasse,10
Adlzreiterstrasse,11
Adlzreiterstrasse,12
Adlzreiterstrasse,13
Adlzreiterstrasse,14
Adlzreiterstrasse,15
Aengerweg,1
Aengerweg,2
Aengerweg,3
Aengerweg,4
Aengerweg,5
Aengerweg,6
Aeuss. Isarst,1
Aeuss. Isarst,2
Aeuss. Isarst,3
Aeuss. Isarst,4
Aeuss. Isarst,5
Aeuss. Isarst,6
Aeuss. Isarst,7
Aeuss. Isarst,8
Aeuss. Isarst,9
Aeuss. Isarst,10
Aeussere Birkenau,1
Aeussere Birkenau,2
Aeussere Birkenau,3
Aeussere Birkenau,4
Aeussere Birkenau,5
Aeussere Birkenau,6
Aeussere Birkenau,7
Aeussere Birkenau,8
Aeussere Birkenau,9
Aeussere Birkenau,10
Aeussere Birkenau,11
Aeussere Birkenau,12
Aeussere Birkenau,13
Aeussere Birkenau,14
Aeussere Birkenau,15
Aeussere Birkenau,16
Aeussere Birkenau,17
Aeussere Birkenau,18
Aeussere Birkenau,19
Aeussere Birkenau,20
Aeussere Birkenau,21
Aeussere Birkenau,22
Aeussere Birkenau,23
Aeussere Birkenau,24
Aeussere Birkenau,25
Aeussere Birkenau,26
Aeussere Birkenau,27
Aeussere Birkenau,28
Aeussere Birkenau,29
Aeussere Birkenau,30
Aeussere Birkenau,31
Aeussere Birkenau,32
Aeussere Birkenau,33
Aeussere Birkenau,34
Aeussere Birkenau,35
Aeussere Birkenau,36
Aeussere Birkenau,37
Aeussere Birkenau,38
Aeussere Birkenau,39
Aeussere Birkenau,40
Aeussere Birkenau,41
Aeussere Birkenau,42
Aeussere Dachauer Strasse,1
Aeussere Dachauer Strasse,2
Aeussere Dachauer Strasse,3
Aeussere Dachauer Strasse,4
Aeussere Dachauer Strasse,5
Aeussere Dachauer Strasse,6
Aeussere Dachauer Strasse,7
Aeussere Dachauer Strasse,8
Aeussere Dachauer Strasse,9
Aeussere Dachauer Strasse,10
Aeussere Dachauer Strasse,11
Aeussere Dachauer Strasse,12
Aeussere Dachauer Strasse,13
Aeussere Dachauer Strasse,14
Aeussere Dachauer Strasse,15
Aeussere Dachauer Strasse,16
Aeussere Isarau,1
Aeussere Isarstrasse,1
Aeussere Isarstrasse,2
Aeussere Isarstrasse,3
Aeussere Isarstrasse,4
Aeussere Isarstrasse,5
Aeussere Isarstrasse,6
Aeussere Isarstrasse,7
Aeussere Isarstrasse,8
Aeussere Isarstrasse,9
Aeussere Isarstrasse,10
Aeussere Karlstrasse,1
Aeussere Karlstrasse,2
Aeussere Karlstrasse,3
Aeussere Karlstrasse,4
Aeussere Karlstrasse,5
Aeussere Karlstrasse,6
Aeussere Karlstrasse,7
Aeussere Karlstrasse,8
Aeussere Karlstrasse,9
Aeussere Karlstrasse,10
Aeussere Karlstrasse,11
Aeussere Karlstrasse,12
Aeussere Karlstrasse,13
Aeussere Karlstrasse,14
Aeussere Karlstrasse,15
Aeussere Karlstrasse,16
Aeussere Karlstrasse,17
Aeussere Karlstrasse,18
Aeussere Karlstrasse,19
Aeussere Karlstrasse,20
Aeussere Karlstrasse,21
Aeussere Karlstrasse,22
Aeussere Karlstrasse,23
Aeussere Karlstrasse,24
Aeussere Karlstrasse,25
Aeussere Karlstrasse,26
Aeussere Karlstrasse,27
Aeussere Karlstrasse,28
Aeussere Karlstrasse,29
Aeussere Karlstrasse,30
Aeussere Karlstrasse,31
Aeussere Karlstrasse,32
Aeussere Karlstrasse,33
Aeussere Karlstrasse,34
Aeussere Karlstrasse,35
Aeussere Karlstrasse,36
Aeussere Karlstrasse,37
Aeussere Karlstrasse,38
Aeussere Karlstrasse,39
Aeussere Karlstrasse,40
Aeussere Karlstrasse,41
Aeussere Karlstrasse,42
Aeussere Karlstrasse,43
Aeussere Karlstrasse,44
Aeussere Karlstrasse,45
Aeussere Karlstrasse,46
Aeussere Karlstrasse,47
Aeussere Karlstrasse,48
Aeussere Karlstrasse,49
Aeussere Karlstrasse,50
Aeussere Karlstrasse,51
Aeussere Karlstrasse,52
Aeussere Karlstrasse,53
Aeussere Karlstrasse,54
Aeussere Karlstrasse,55
Aeussere Karlstrasse,56
Aeussere Karlstrasse,57
Aeussere Karlstrasse,58
Aeussere Karlstrasse,59
Aeussere Karlstrasse,60
Aeussere Karlstrasse,61
Aeussere Karlstrasse,62
Aeussere Karlstrasse,63
Aeussere Karlstrasse,64
Aeussere Karlstrasse,65
Aeussere Karlstrasse,66
Aeussere Karlstrasse,67
Aeussere Karlstrasse,68
Aeussere Karlstrasse,69
Aeussere Karlstrasse,70
Aeussere Karlstrasse,71
Aeussere Karlstrasse,72
Aeussere Karlstrasse,73
Aeussere Karlstrasse,74
Aeussere Karlstrasse,75
Aeussere Karlstrasse,76
Aeussere Karlstrasse,77
Aeussere Karlstrasse,78
Aeussere Karlstrasse,79
Aeussere Karlstrasse,80
Aeussere Karlstrasse,81
Aeussere Karlstrasse,82
Aeussere Karlstrasse,83
Aeussere Karlstrasse,84
Aeussere Karlstrasse,85
Aeussere Karlstrasse,86
Aeussere Karlstrasse,87
Aeussere Karlstrasse,88
Aeussere Karlstrasse,89
Aeussere Karlstrasse,90
Aeussere Karlstrasse,91
Aeussere Karlstrasse,92
Aeussere Karlstrasse,93
Aeussere Karlstrasse,94
Aeussere Karlstrasse,95
Aeussere Karlstrasse,96
Aeussere Karlstrasse,97
Aeussere Karlstrasse,98
Aeussere Karlstrasse,99
Aeussere Karlstrasse,100
Aeussere Karlstrasse,101
Aeussere Karlstrasse,102
Aeussere Karlstrasse,103
Aeussere Karlstrasse,104
Aeussere Karlstrasse,105
Aeussere Karlstrasse,106
Aeussere Karlstrasse,107
Aeussere Karlstrasse,108
Aeussere Karlstrasse,109
Aeussere Karlstrasse,110
Aeussere Karlstrasse,111
Aeussere Karlstrasse,112
Aeussere Karlstrasse,113
Aeussere Karlstrasse,114
Aeussere Karlstrasse,115
Aeussere Karlstrasse,116
Aeussere Karlstrasse,117
Aeussere Karlstrasse,118
Aeussere Karlstrasse,119
Aeussere Karlstrasse,120
Aeussere Karlstrasse,121
Aeussere Karlstrasse,122
Aeussere Karlstrasse,123
Aeussere Karlstrasse,124
Aeussere Karlstrasse,125
Aeussere Karlstrasse,126
Aeussere Karlstrasse,127
Aeussere Karlstrasse,128
Aeussere Karlstrasse,129
Aeussere Karlstrasse,130
Aeussere Karlstrasse,131
Aeussere Karlstrasse,132
Aeussere Karlstrasse,133
Aeussere Karlstrasse,134
Aeussere Karlstrasse,135
Aeussere Karlstrasse,136
Aeussere Karlstrasse,137
Aeussere Karlstrasse,138
Aeussere Karlstrasse,139
Aeussere Karlstrasse,140
Aeussere Karlstrasse,141
Aeussere Karlstrasse,142
Aeussere Karlstrasse,143
Aeussere Karlstrasse,144
Aeussere Karlstrasse,145
Aeussere Karlstrasse,146
Aeussere Karlstrasse,147
Aeussere Karlstrasse,148
Aeussere Karlstrasse,149
Aeussere Karlstrasse,150
Aeussere Karlstrasse,151
Aeussere Karlstrasse,152
Aeussere Karlstrasse,153
Aeussere Karlstrasse,154
Aeussere Karlstrasse,155
Aeussere Karlstrasse,156
Aeussere Karlstrasse,157
Aeussere Karlstrasse,158
Aeussere Karlstrasse,159
Aeussere Karlstrasse,160
Aeussere Karlstrasse,161
Aeussere Karlstrasse,162
Aeussere Landwehrstrasse,1
Aeussere Landwehrstrasse,2
Aeussere Landwehrstrasse,3
Aeussere Landwehrstrasse,4
Aeussere Landwehrstrasse,5
Aeussere Landwehrstrasse,6
Aeussere Landwehrstrasse,7
Aeussere Landwehrstrasse,8
Aeussere Landwehrstrasse,9
Aeussere Landwehrstrasse,10
Aeussere Landwehrstrasse,11
Aeussere Landwehrstrasse,12
Aeussere Landwehrstrasse,13
Aeussere Pferdstrasse,1
Aeussere Pferdstrasse,2
Aeussere Pferdstrasse,3
Aeussere Pferdstrasse,4
Aeussere Schleissheimer Strasse,1
Aeussere Schleissheimer Strasse,2
Aeussere Schleissheimer Strasse,3
Aeussere Schleissheimer Strasse,4
Aeussere Schleissheimer Strasse,5
Aeussere Schleissheimer Strasse,6
Aeussere Schleissheimer Strasse,7
Aeussere Schleissheimer Strasse,8
Aeussere Schleissheimer Strasse,9
Aeussere Schleissheimer Strasse,10
Aeussere Schleissheimer Strasse,11
Aeussere Schleissheimer Strasse,12
Aeussere Schleissheimer Strasse,13
Aeussere Schleissheimer Strasse,14
Aeussere Schleissheimer Strasse,15
Aeussere Schleissheimer Strasse,16
Aeussere Schleissheimer Strasse,17
Aeussere Schleissheimer Strasse,18
Aeussere Schleissheimer Strasse,19
Aeussere Schleissheimer Strasse,20
Aeussere Schleissheimer Strasse,21
Aeussere Schleissheimer Strasse,22
Aeussere Schleissheimer Strasse,23
Aeussere Schleissheimer Strasse,24
Aeussere Schleissheimer Strasse,25
Aeussere Schleissheimer Strasse,26
Aeussere Schleissheimer Strasse,27
Aeussere Schleissheimer Strasse,28
Aeussere Schleissheimer Strasse,29
Aeussere Schleissheimer Strasse,30
Aeussere Schleissheimer Strasse,31
Aeussere Schleissheimer Strasse,32
Aeussere Schleissheimer Strasse,33
Aeussere Schleissheimer Strasse,34
Aeussere Wiener Strasse,1
Aeussere Wiener Strasse,2
Aeussere Wiener Strasse,3
Aeussere Wiener Strasse,4
Aeussere Wiener Strasse,5
Aeussere Wiener Strasse,6
Aeussere Wiener Strasse,7
Aeussere Wiener Strasse,8
Aeussere Wiener Strasse,9
Aeussere Wiener Strasse,10
Aeussere Wiener Strasse,11
Aeussere Wiener Strasse,12
Aeussere Wiener Strasse,13
Aeussere Wiener Strasse,14
Aeussere Wiener Strasse,15
Aeussere Wiener Strasse,16
Aeussere Wiener Strasse,17
Aeussere Wiener Strasse,18
Aeussere Wiener Strasse,19
Aeussere Wiener Strasse,20
Aeussere Wiener Strasse,21
Aeussere Wiener Strasse,22
Aeussere Wiener Strasse,23
Aeussere Wiener Strasse,24
Aeussere Wiener Strasse,25
Aeussere Wiener Strasse,26
Aeussere Wiener Strasse,27
Aeussere Wiener Strasse,28
Aeussere Wiener Strasse,29
Aeussere Wiener Strasse,30
Aeussere Wiener Strasse,31
Aeussere Wiener Strasse,32
Aeussere Wiener Strasse,33
Aeussere Wiener Strasse,34
Aeussere Wiener Strasse,35
Aeussere Wiener Strasse,36
Aeussere Wiener Strasse,37
Aeussere Wiener Strasse,38
Aeussere Wiener Strasse,39
Aeussere Wiener Strasse,40
Aeussere Wiener Strasse,41
Aeussere Wiener Strasse,42
Aeussere Wiener Strasse,43
Aeussere Wiener Strasse,44
Aeussere Wiener Strasse,45
Aeussere Wiener Strasse,46
Aeussere Wiener Strasse,47
Aeussere Wiener Strasse,48
Aeussere Wiener Strasse,49
Aeussere Wiener Strasse,50
Aeussere Wiener Strasse,51
Aeussere Wiener Strasse,52
Aeussere Wiener Strasse,53
Aeussere Wiener Strasse,54
Aeussere Wiener Strasse,55
Aeussere Wiener Strasse,56
Aeussere Wiener Strasse,57
Aeussere Wiener Strasse,58
Aeussere Wiener Strasse,59
Aeussere Wiener Strasse,60
Aeussere Wiener Strasse,61
Aeussere Wiener Strasse,62
Aeussere Wiener Strasse,63
Aeussere Wiener Strasse,64
Aeussere Wiener Strasse,65
Aeussere Wiener Strasse,66
Aeussere Wiener Strasse,67
Aeussere Wiener Strasse,68
Aeussere Wiener Strasse,69
Aeussere Wiener Strasse,70
Aeussere Wiener Strasse,71
Aeussere Wiener Strasse,72
Aeussere Wiener Strasse,73
Aeussere Wiener Strasse,74
Aeussere Wiener Strasse,75
Aeussere Wiener Strasse,76
Aeussere Wiener Strasse,77
Aeussere Wiener Strasse,78
Aeussere Wiener Strasse,79
Aeussere Wiener Strasse,80
Aeussere Wiener Strasse,81
Aeussere Wiener Strasse,82
Aeussere Wiener Strasse,83
Aeussere Wiener Strasse,84
Aeussere Wiener Strasse,85
Aeussere Wiener Strasse,86
Aeussere Wiener Strasse,87
Aeussere Wiener Strasse,88
Aeussere Wiener Strasse,89
Aeussere Wiener Strasse,90
Aeussere Wiener Strasse,91
Aeussere Wiener Strasse,92
Aeussere Wiener Strasse,93
Aeussere Wiener Strasse,94
Aeussere Wiener Strasse,95
Aeussere Wiener Strasse,96
Aeussere Wiener Strasse,97
Aeussere Wiener Strasse,98
Aeussere Wiener Strasse,99
Aeussere Wiener Strasse,100
Aeussere Wiener Strasse,101
Aeussere Wiener Strasse,102
Aeussere Wiener Strasse,103
Aeussere Wiener Strasse,104
Aeussere Wiener Strasse,105
Aeussere Wiener Strasse,106
Aeussere Wiener Strasse,107
Aeussere Wiener Strasse,108
Aeussere Wiener Strasse,109
Aeussere Wiener Strasse,110
Aeussere Wiener Strasse,111
Aeussere Wiener Strasse,112
Aeussere Wiener Strasse,113
Aeussere Wiener Strasse,114
Aeussere Wiener Strasse,115
Aeussere Wiener Strasse,116
Aeussere Wiener Strasse,117
Aeussere Wiener Strasse,118
Aeussere Wiener Strasse,119
Aeussere Wiener Strasse,120
Aeussere Wiener Strasse,121
Aeussere Wiener Strasse,122
Aeussere Wiener Strasse,123
Aeussere Wiener Strasse,124
Aeussere Wiener Strasse,125
Aeussere Wiener Strasse,126
Aeussere Wiener Strasse,127
Aeussere Wiener Strasse,128
Aeussere Wiener Strasse,129
Aeussere Wiener Strasse,130
Aeussere Wiener Strasse,131
Aeussere Wiener Strasse,132
Aeussere Wiener Strasse,133
Aeussere Wiener Strasse,134
Aeussere Wiener Strasse,135
Aeussere Wiener Strasse,136
Aeussere Wiener Strasse,137
Aeussere Wiener Strasse,138
Aeussere Wiener Strasse,139
Aeussere Wiener Strasse,140
Aeussere Wiener Strasse,141
Aeussere Wiener Strasse,142
Aeussere Wiener Strasse,143
Aeussere Wiener Strasse,144
Aeussere Wiener Strasse,145
Aeussere Wiener Strasse,146
Aeussere Wiener Strasse,147
Aeussere Wiener Strasse,148
Aeussere Wiener Strasse,149
Aeussere Wiener Strasse,150
Aeussere Wiener Strasse,151
Aiblingerstrasse,1
Ainmillerstrasse,1
Ainmillerstrasse,2
Ainmillerstrasse,3
Ainmillerstrasse,4
Ainmillerstrasse,5
Ainmillerstrasse,6
Ainmillerstrasse,7
Ainmillerstrasse,8
Akademiestrasse,1
Akademiestrasse,2
Akademiestrasse,3
Akademiestrasse,4
Akademiestrasse,5
Akademiestrasse,6
Akademiestrasse,7
Akademiestrasse,8
Akademiestrasse,9
Akademiestrasse,10
Akademiestrasse,11
Akademiestrasse,12
Akademiestrasse,13
Akademiestrasse,14
Akademiestrasse,15
Akademiestrasse,16
Akademiestrasse,17
Akademiestrasse,18
Akademiestrasse,19
Akademiestrasse,20
Akademiestrasse,21
Akademiestrasse,22
Akademiestrasse,23
Albertstrasse,1
Albertstrasse,2
Albertstrasse,3
Albertstrasse,4
Albertstrasse,5
Albertstrasse,6
Albertstrasse,7
Albertstrasse,8
Albertstrasse,9
Albertstrasse,10
Albertstrasse,11
Albertstrasse,12
Albertstrasse,13
Albertstrasse,14
Albertstrasse,15
Albertstrasse,16
Albrechtstrasse,1
Albrechtstrasse,2
Albrechtstrasse,3
Alexandrastrasse,1
Alexandrastrasse,2
Alexandrastrasse,3
Alexandrastrasse,4
Alexandrastrasse,5
Alexandrastrasse,6
Alexandrastrasse,7
Alexandrastrasse,8
Alexandrastrasse,9
Alexandrastrasse,10
Alexandrastrasse,11
Alexandrastrasse,12
Alexandrastrasse,13
Alexandrastrasse,14
Alexandrastrasse,15
Alexandrastrasse,16
Alfonsstrasse,1
Alois-Jegg-Strasse,1
Alois-Jegg-Strasse,2
Alois-Jegg-Strasse,3
Alois-Jegg-Strasse,4
Alois-Jegg-Strasse,5
Alois-Jegg-Strasse,6
Alois-Jegg-Strasse,7
Alois-Jegg-Strasse,8
Alois-Jegg-Strasse,9
Alois-Jegg-Strasse,10
Alois-Jegg-Strasse,11
Alois-Jegg-Strasse,12
Alois-Jegg-Strasse,13
Alpenstrasse,1
Alpenstrasse,2
Alpenstrasse,3
Alpenstrasse,4
Alpenstrasse,5
Alpenstrasse,6
Alpenstrasse,7
Alpenstrasse,8
Alpenstrasse,9
Alpenstrasse,10
Alpenstrasse,11
Alpenstrasse,12
Alpenstrasse,13
Alpenstrasse,14
Alpenstrasse,15
Alpenstrasse,16
Alpenstrasse,17
Alpenstrasse,18
Alpenstrasse,19
Alpenstrasse,20
Alpenstrasse,21
Alpenstrasse,22
Alpenstrasse,23
Alpenstrasse,24
Alpenstrasse,25
Alpenstrasse,26
Alpenstrasse,27
Alpenstrasse,28
Alpenstrasse,29
Alpenstrasse,30
Alpenstrasse,31
Alpenstrasse,32
Alpenstrasse,33
Alpenstrasse,34
Alpenstrasse,35
Alpenstrasse,36
Alpenstrasse,37
Alpenstrasse,38
Alpenstrasse,39
Alramstrasse,1
Alramstrasse,2
Alramstrasse,3
Alramstrasse,4
Alramstrasse,5
Alramstrasse,6
Alramstrasse,7
Alramstrasse,8
Alramstrasse,9
Alramstrasse,10
Alramstrasse,11
Alramstrasse,12
Alramstrasse,13
Alramstrasse,14
Alramstrasse,15
Alramstrasse,16
Alramstrasse,17
Alramstrasse,18
Alramstrasse,19
Alramstrasse,20
Alramstrasse,21
Alramstrasse,22
Alramstrasse,23
Alramstrasse,24
Alramstrasse,25
Alramstrasse,26
Alramstrasse,27
Alramstrasse,28
Alramstrasse,29
Alte Pferdestrasse,1
Alte Pferdestrasse,2
Alte Pferdestrasse,3
Alte Pferdestrasse,4
Alte Pferdstrasse,1
Alte Pferdstrasse,2
Alte Pferdstrasse,3
Alte Pferdstrasse,4
Alte Pferdstrasse,5
Altenhofstrasse,1
Altenhofstrasse,2
Altenhofstrasse,3
Altenhofstrasse,4
Althammerwerk,1
Althammerwerk,2
Althammerwerk,3
Althammerwerk,4
Althammerwerk,5
Althammerwerk,6
Althammerwerk,7
Althammerwerk,8
Althammerwerk,9
Altheimer Eck,1
Altheimer Eck,2
Altheimer Eck,3
Altheimer Eck,4
Altheimer Eck,5
Altheimer Eck,6
Altheimer Eck,7
Altheimer Eck,8
Altheimer Eck,9
Altheimer Eck,10
Altheimer Eck,11
Altheimer Eck,12
Altheimer Eck,13
Altheimer Eck,14
Altheimer Eck,15
Altheimer Eck,16
Altheimer Eck,17
Altheimer Eck,18
Altheimer Eck,19
Altheimer Eck,20
Am Bach,1
Am Bach,2
Am Bach,3
Am Bach,4
Am Bergsteig,1
Am Bergsteig,2
Am Durchlass,1
Am Durchlass,2
Am Durchlass,3
Am Durchlass,4
Am Durchlass,5
Am Durchlass,6
Am Durchlass,7
Am Durchlass,8
Am Durchlass,9
Am Durchlass,10
Am Durchlass,11
Am Durchlass,12
Am Durchlass,13
Am Durchlass,14
Am Durchlass,15
Am Durchlass,16
Am Durchlass,17
Am Durchlass,18
Am Einlass,1
Am Einlass,2
Am Einlass,3
Am Einlass,4
Am Einlass,5
Am Feuerbaechl,1
Am Feuerbaechl,2
Am Feuerbaechl,3
Am Feuerbaechl,4
Am Feuerbaechl,5
Am Feuerbaechl,6
Am Feuerbaechl,7
Am Feuerbaechl,8
Am Feuerbaechl,9
Am Feuerbaechl,10
Am Gasteig,1
Am Gasteig,2
Am Glockenbach,1
Am Glockenbach,2
Am Glockenbach,3
Am Glockenbach,4
Am Glockenbach,5
Am Glockenbach,6
Am Glockenbach,7
Am Glockenbach,8
Am Glockenbach,9
Am Glockenbach,10
Am Glockenbach,11
Am Glockenbach,12
Am Glockenbach,13
Am Glockenbach,14
Am Glockenbach,15
Am Glockenbach,16
Am Glockenbach,17
Am Glockenbach,18
Am Glockenbach,19
Am Glockenbach,20
Am Glockenbach,21
Am Glockenbach,22
Am Glockenbach,23
Am Glockenbach,24
Am Glockenbach,25
Am Glockenbach,26
Am Glockenbach,27
Am Glockenbach,28
Am Glockenbach,29
Am Glockenbach,30
Am Glockenbach,31
Am Glockenbach,32
Am Glockenbach,33
Am Glockenbach,34
Am Glockenbach,35
Am Glockenbach,36
Am Glockenbach,37
Am Glockenbach,38
Am Glockenbach,39
Am Glockenbach,40
Am Glockenbach,41
Am Glockenbach,42
Am Glockenbach,43
Am Glockenbach,44
Am Glockenbach,45
Am Glockenbach,46
Am Glockenbach,47
Am Glockenbach,48
Am Glockenbach,49
Am Glockenbach,50
Am Graben,1
Am Graben,2
Am Graben,3
Am Graben,4
Am Graben,5
Am Graben,6
Am Graben,7
Am Graben,8
Am Graben,9
Am Graben,10
Am Graben,11
Am Graben,12
Am Graben,13
Am Gries,1
Am Gries,2
Am Gries,3
Am Gries,4
Am Gries,5
Am Gries,6
Am Gries,7
Am Gries,8
Am Gries,9
Am Gries,10
Am Gries,11
Am Gries,12
Am Gries,13
Am Gries,14
Am Gries,15
Am Gries,16
Am Gries,17
Am Gries,18
Am Gries,19
Am Gries,20
Am Gries,21
Am Hofgraben,1
Am Hofgraben,2
Am Hofgraben,3
Am Hofgraben,4
Am Kanal,1
Am Kanal,2
Am Kanal,3
Am Kanal,4
Am Kanal,5
Am Kanal,6
Am Kirchberg,1
Am Kirchberg,2
Am Kirchberg,3
Am Kirchberg,4
Am Kirchberg,5
Am Kirchberg,6
Am Kirchberg,7
Am Kirchberg,8
Am Kirchstein,1
Am Kirchstein,2
Am Kirchstein,3
Am Kirchstein,4
Am Kosttor,1
Am Kosttor,2
Am Kosttor,3
Am Lilienberg,1
Am Lilienberg,2
Am Lilienberg,3
Am Lilienberg,4
Am Lilienberg,5
Am Lilienberg,6
Am Lilienberg,7
Am Lilienberg,8
Am Lilienberg,9
Am Lilienberg,10
Am Lilienberg,11
Am Lilienberg,12
Am Lilienberg,13
Am Lilienberg,14
Am Lilienberg,15
Am Lilienberg,16
Am Lilienberg,17
Am Muehlbach,1
Am Muehlbach,2
Am Muehlbach,3
Am Muehlbach,4
Am Muehlbach,5
Am Neudeck,1
Am Neudeck,2
Am Neudeck,3
Am Neudeck,4
Am Neudeck,5
Am Neudeck,6
Am Neudeck,7
Am Neudeck,8
Am Nockherberg,1
Am Nockherberg,2
Am Nockherberg,3
Am Nockherberg,4
Am Nockherberg,5
Am Nockherberg,6
Am Nockherberg,7
Am Nockherberg,8
Am Nockherberg,9
Am Oberwiesenfeld,1
Am Oberwiesenfeld,2
Am Oberwiesenfeld,3
Am Oberwiesenfeld,4
Am Oberwiesenfeld,5
Am Oberwiesenfeld,6
Am Oberwiesenfeld,7
Am Oberwiesenfeld,8
Am Oberwiesenfeld,9
Am Oberwiesenfeld,10
Am Oberwiesenfeld,11
Am Oberwiesenfeld,12
Am Oberwiesenfeld,13
Am Oberwiesenfeld,14
Am Oberwiesenfeld,15
Am Oberwiesenfeld,16
Am Oberwiesenfeld,17
Am Oberwiesenfeld,18
Am Oberwiesenfeld,19
Am Oberwiesenfeld,20
Am Oberwiesenfeld,21
Am Oberwiesenfeld,22
Am Oberwiesenfeld,23
Am Oberwiesenfeld,24
Am Oberwiesenfeld,25
Am Oberwiesenfeld,26
Am Oberwiesenfeld,27
Am Oberwiesenfeld,28
Am Oberwiesenfeld,29
Am Oberwiesenfeld,30
Am Oberwiesenfeld,31
Am Oberwiesenfeld,32
Am Oberwiesenfeld,33
Am Oberwiesenfeld,34
Am Oberwiesenfeld,35
Am Oberwiesenfeld,36
Am Platz,1
Am Platz,2
Am Platz,3
Am Platz,4
Am Platz,5
Am Platz,6
Am Platz,7
Am Platz,8
Am Platz,9
Am Platz,10
Am Platz,11
Am Platz,12
Am Platz,13
Am Platz,14
Am Platz,15
Am Platz,16
Am Platz,17
Amalienburgstrasse,1
Amalienburgstrasse,2
Amalienburgstrasse,3
Amalienburgstrasse,4
Amalienburgstrasse,5
Amalienburgstrasse,6
Amalienburgstrasse,7
Amalienburgstrasse,8
Amalienburgstrasse,9
Amalienburgstrasse,10
Amalienburgstrasse,11
Amalienburgstrasse,12
Amalienburgstrasse,13
Amalienburgstrasse,14
Amalienburgstrasse,15
Amalienburgstrasse,16
Amalienburgstrasse,17
Amalienburgstrasse,18
Amalienburgstrasse,19
Amalienburgstrasse,20
Amalienburgstrasse,21
Amalienburgstrasse,22
Amalienburgstrasse,23
Amalienburgstrasse,24
Amalienburgstrasse,25
Amalienburgstrasse,26
Amalienburgstrasse,27
Amalienburgstrasse,28
Amalienburgstrasse,29
Amalienburgstrasse,30
Amalienburgstrasse,31
Amalienburgstrasse,32
Amalienburgstrasse,33
Amalienburgstrasse,34
Amalienburgstrasse,35
Amalienburgstrasse,36
Amalienburgstrasse,37
Amalienburgstrasse,38
Amalienburgstrasse,39
Amalienburgstrasse,40
Amalienburgstrasse,41
Amalienburgstrasse,42
Amalienburgstrasse,43
Amalienburgstrasse,44
Amalienburgstrasse,45
Amalienburgstrasse,46
Amalienburgstrasse,47
Amalienburgstrasse,48
Amalienburgstrasse,49
Amalienstrasse,1
Amalienstrasse,2
Amalienstrasse,3
Amalienstrasse,4
Amalienstrasse,5
Amalienstrasse,6
Amalienstrasse,7
Amalienstrasse,8
Amalienstrasse,9
Amalienstrasse,10
Amalienstrasse,11
Amalienstrasse,12
Amalienstrasse,13
Amalienstrasse,14
Amalienstrasse,15
Amalienstrasse,16
Amalienstrasse,17
Amalienstrasse,18
Amalienstrasse,19
Amalienstrasse,20
Amalienstrasse,21
Amalienstrasse,22
Amalienstrasse,23
Amalienstrasse,24
Amalienstrasse,25
Amalienstrasse,26
Amalienstrasse,27
Amalienstrasse,28
Amalienstrasse,29
Amalienstrasse,30
Amalienstrasse,31
Amalienstrasse,32
Amalienstrasse,33
Amalienstrasse,34
Amalienstrasse,35
Amalienstrasse,36
Amalienstrasse,37
Amalienstrasse,38
Amalienstrasse,39
Amalienstrasse,40
Amalienstrasse,41
Amalienstrasse,42
Amalienstrasse,43
Amalienstrasse,44
Amalienstrasse,45
Amalienstrasse,46
Amalienstrasse,47
Amalienstrasse,48
Amalienstrasse,49
Amalienstrasse,50
Amalienstrasse,51
Amalienstrasse,52
Amalienstrasse,53
Amalienstrasse,54
Amalienstrasse,55
Amalienstrasse,56
Amalienstrasse,57
Amalienstrasse,58
Amalienstrasse,59
Amalienstrasse,60
Amalienstrasse,61
Amalienstrasse,62
Amalienstrasse,63
Amalienstrasse,64
Amalienstrasse,65
Amalienstrasse,66
Amalienstrasse,67
Amalienstrasse,68
Amalienstrasse,69
Amalienstrasse,70
Amalienstrasse,71
Amalienstrasse,72
Amalienstrasse,73
Amalienstrasse,74
Amalienstrasse,75
Amalienstrasse,76
Amalienstrasse,77
Amalienstrasse,78
Amalienstrasse,79
Amalienstrasse,80
Amalienstrasse,81
Amalienstrasse,82
Amalienstrasse,83
Amalienstrasse,84
Amalienstrasse,85
Amalienstrasse,86
Amalienstrasse,87
Amalienstrasse,88
Amalienstrasse,89
Amalienstrasse,90
Amalienstrasse,91
Amalienstrasse,92
Amalienstrasse,93
Amalienstrasse,94
Amalienstrasse,95
An der Grube,1
An der Grube,2
An der Grube,3
An der Grube,4
An der Grube,5
An der Grube,6
An der Grube,7
An der Grube,8
An der Grube,9
An der Grube,10
An der Grube,11
An der Grube,12
An der Grube,13
An der Grube,14
An der Grube,15
An der Grube,16
An der Grube,17
An der Grube,18
An der Grube,19
An der Grube,20
An der Grube,21
An der Grube,22
An der Grube,23
An der Grube,24
An der Grube,25
An der Grube,26
An der Grube,27
An der Grube,28
An der Grube,29
An der Grube,30
An der Grube,31
An der Grube,32
An der Grube,33
An der Grube,34
An der Grube,35
An der Grube,36
An der Grube,37
An der Grube,38
An der Grube,39
An der Grube,40
An der Grube,41
An der Hauptfeuerwache,1
An der Hauptfeuerwache,2
An der Hauptfeuerwache,3
An der Hauptfeuerwache,4
An der Hauptfeuerwache,5
An der Hauptfeuerwache,6
An der Hauptfeuerwache,7
An der Hauptfeuerwache,8
An der Hauptfeuerwache,9
An der Hauptfeuerwache,10
An der Hauptfeuerwache,11
An der Hauptfeuerwache,12
An der Hauptfeuerwache,13
An der Hauptfeuerwache,14
An der Hauptfeuerwache,15
An der Kreppe,1
An der Kreppe,2
An der Kreppe,3
An der Kreppe,4
An der Kreppe,5
An der Kreppe,6
An der Kreppe,7
An der Kreppe,8
An der Kreppe,9
An der Kreppe,10
An der Kreppe,11
An der Kreppe,12
An der Schwaige,1
An der Schwaige,2
An der Schwaige,3
An der Schwaige,4
An der Schwaige,5
An der Schwaige,6
An der Schwaige,7
An der Schwaige,8
An der Schwaige,9
An der Schwaige,10
An der Schwaige,11
An der Schwaige,12
An der Schwaige,13
Anger,1
Anger,2
Anger,3
Anger,4
Anger,5
Anger,6
Anger,7
Anger,8
Angergasse,1
Angergasse,2
Angergasse,3
Angergasse,4
Angergasse,5
Angermayrstrasse,1
Angermayrstrasse,2
Angermayrstrasse,3
Angermayrstrasse,4
Angermayrstrasse,5
Angermayrstrasse,6
Angerstrasse,1
Angerstrasse,2
Angerstrasse,3
Angerstrasse,4
Angerstrasse,5
Angerstrasse,6
Angerstrasse,7
Angerstrasse,8
Angerstrasse,9
Angerstrasse,10
Angerstrasse,11
Angerstrasse,12
Angerstrasse,13
Angerstrasse,14
Angerstrasse,15
Angerstrasse,16
Angerstrasse,17
Angerstrasse,18
Angerstrasse,19
Angerstrasse,20
Angerstrasse,21
Angerstrasse,22
Angerstrasse,23
Angerstrasse,24
Angertorstrasse,1
Angertorstrasse,2
Angertorstrasse,3
Angertorstrasse,4
Angerweg,1
Angerweg,2
Angerweg,3
Angerweg,4
Angerweg,5
Annastrasse,1
Annastrasse,2
Annastrasse,3
Annastrasse,4
Annastrasse,5
Arbeiterhaeuser,1
Arbeiterhaeuser,2
Arbeiterhaeuser,3
Arbeiterhaeuser,4
Arbeiterhaeuser,5
Arbeiterhaeuser,6
Arbeiterhaeuser,7
Arbeiterhaeuser,8
Arbeiterhaeuser,9
Arbeiterhaeuser,10
Arbeiterhaeuser,11
Arbeiterhaeuser,12
Arbeiterhaeuser,13
Arbeiterhaeuser,14
Arbeiterhaeuser,15
Arbeiterhaeuser,16
Arbeiterhaeuser,17
Arbeiterhaeuser,18
Arbeiterhaeuser,19
Arbeiterhaeuser,20
Arbeiterhaeuser,21
Arbeiterhaeuser,22
Arbeiterhaeuser,23
Arbeiterhaeuser,24
Arbeiterhaeuser,25
Arbeiterhaeuser,26
Arbeiterhaeuser,27
Arbeiterhaeuser,28
Arbeiterhaeuser,29
Arbeiterhaeuser,30
Arbeiterhaeuser,31
Arbeiterhaeuser,32
Arbeiterhaeuser,33
Arbeiterhaeuser,34
Arbeiterhaeuser,35
Arbeiterhaeuser,36
Arcisstrasse,1
Arcisstrasse,2
Arcisstrasse,3
Arcisstrasse,4
Arcisstrasse,5
Arcisstrasse,6
Arcisstrasse,7
Arcisstrasse,8
Arcisstrasse,9
Arcisstrasse,10
Arcisstrasse,11
Arcisstrasse,12
Arcisstrasse,13
Arcisstrasse,14
Arcisstrasse,15
Arcisstrasse,16
Arcisstrasse,17
Arcisstrasse,18
Arcisstrasse,19
Arcisstrasse,20
Arcisstrasse,21
Arcisstrasse,22
Arcisstrasse,23
Arcisstrasse,24
Arcisstrasse,25
Arcisstrasse,26
Arcisstrasse,27
Arcisstrasse,28
Arcisstrasse,29
Arcisstrasse,30
Arcisstrasse,31
Arcisstrasse,32
Arcisstrasse,33
Arcisstrasse,34
Arcisstrasse,35
Arcisstrasse,36
Arcisstrasse,37
Arcisstrasse,38
Arcisstrasse,39
Arcisstrasse,40
Arcisstrasse,41
Arcisstrasse,42
Arcisstrasse,43
Arcisstrasse,44
Arcisstrasse,45
Arcisstrasse,46
Arcisstrasse,47
Arcisstrasse,48
Arcisstrasse,49
Arcisstrasse,50
Arcisstrasse,51
Arcisstrasse,52
Arcisstrasse,53
Arcisstrasse,54
Arcisstrasse,55
Arcisstrasse,56
Arcisstrasse,57
Arcisstrasse,58
Arcisstrasse,59
Arcisstrasse,60
Arcisstrasse,61
Arcisstrasse,62
Arcisstrasse,63
Arcisstrasse,64
Arcisstrasse,65
Arcisstrasse,66
Arcostrasse,1
Arcostrasse,2
Arcostrasse,3
Arcostrasse,4
Arcostrasse,5
Arcostrasse,6
Arcostrasse,7
Arcostrasse,8
Arcostrasse,9
Arcostrasse,10
Arcostrasse,11
Arcostrasse,12
Arcostrasse,13
Arcostrasse,14
Arndtstrasse,1
Arndtstrasse,2
Arndtstrasse,3
Arndtstrasse,4
Arndtstrasse,5
Arndtstrasse,6
Arndtstrasse,7
Arndtstrasse,8
Arndtstrasse,9
Arndtstrasse,10
Arndtstrasse,11
Arndtstrasse,12
Arndtstrasse,13
Arndtstrasse,14
Arndtstrasse,15
Arndtstrasse,16
Arnulfstrasse,1
Arnulfstrasse,2
Arnulfstrasse,3
Arnulfstrasse,4
Arnulfstrasse,5
Arnulfstrasse,6
Arnulfstrasse,7
Arnulfstrasse,8
Arnulfstrasse,9
Arnulfstrasse,10
Arnulfstrasse,11
Arnulfstrasse,12
Arnulfstrasse,13
Arnulfstrasse,14
Arnulfstrasse,15
Arnulfstrasse,16
Arnulfstrasse,17
Arnulfstrasse,18
Arnulfstrasse,19
Arnulfstrasse,20
Arnulfstrasse,21
Arnulfstrasse,22
Arnulfstrasse,23
Arnulfstrasse,24
Arnulfstrasse,25
Arnulfstrasse,26
Arnulfstrasse,27
Arnulfstrasse,28
Arnulfstrasse,29
Arnulfstrasse,30
Arnulfstrasse,31
Arnulfstrasse,32
Arnulfstrasse,33
Arnulfstrasse,34
Arnulfstrasse,35
Arnulfstrasse,36
Arnulfstrasse,37
Arnulfstrasse,38
Arnulfstrasse,39
Arnulfstrasse,40
Arnulfstrasse,41
Arnulfstrasse,42
Arnulfstrasse,43
Arnulfstrasse,44
Arnulfstrasse,45
Arnulfstrasse,46
Artilleriestrasse,1
Artilleriestrasse,2
Artilleriestrasse,3
Artilleriestrasse,4
Artilleriestrasse,5
Artilleriestrasse,6
Artilleriestrasse,7
Artilleriestrasse,8
Artilleriestrasse,9
Artilleriestrasse,10
Artilleriestrasse,11
Artilleriestrasse,12
Artilleriestrasse,13
Artilleriestrasse,14
Artilleriestrasse,15
Artilleriestrasse,16
Artilleriestrasse,17
Artilleriestrasse,18
Artilleriestrasse,19
Artilleriestrasse,20
Artilleriestrasse,21
Artilleriestrasse,22
Artilleriestrasse,23
Artilleriestrasse,24
Artilleriestrasse,25
Artilleriestrasse,26
Artilleriestrasse,27
Artilleriestrasse,28
Artilleriestrasse,29
Artilleriestrasse,30
Asamstrasse,1
Asamstrasse,2
Asamstrasse,3
Asamstrasse,4
Asamstrasse,5
Asamstrasse,6
Auenstrasse,1
Auenstrasse,2
Auenstrasse,3
Auenstrasse,4
Auenstrasse,5
Auenstrasse,6
Auenstrasse,7
Auenstrasse,8
Auenstrasse,9
Auenstrasse,10
Auenstrasse,11
Auenstrasse,12
Auenstrasse,13
Auenstrasse,14
Auenstrasse,15
Auenstrasse,16
Auenstrasse,17
Auenstrasse,18
Auenstrasse,19
Auenstrasse,20
Auenstrasse,21
Auenstrasse,22
Auenstrasse,23
Auenstrasse,24
Auenstrasse,25
Auenstrasse,26
Auenstrasse,27
Auenstrasse,28
Auenstrasse,29
Auenstrasse,30
Auenstrasse,31
Auenstrasse,32
Auenstrasse,33
Auenstrasse,34
Auenstrasse,35
Auenstrasse,36
Auenstrasse,37
Auenstrasse,38
Auenstrasse,39
Auenstrasse,40
Auenstrasse,41
Auenstrasse,42
Auenstrasse,43
Auenstrasse,44
Auenstrasse,45
Auenstrasse,46
Auenstrasse,47
Auenstrasse,48
Auenstrasse,49
Auenstrasse,50
Auenstrasse,51
Auenstrasse,52
Auenstrasse,53
Auenstrasse,54
Auenstrasse,55
Auenstrasse,56
Auenstrasse,57
Auenstrasse,58
Auenstrasse,59
Auenstrasse,60
Auenstrasse,61
Auenstrasse,62
Auenstrasse,63
Auenstrasse,64
Auenstrasse,65
Auenstrasse,66
Auenstrasse,67
Auenstrasse,68
Auenstrasse,69
Auenstrasse,70
Auenstrasse,71
Auenstrasse,72
Auenstrasse,73
Auenstrasse,74
Auenstrasse,75
Auenstrasse,76
Auenstrasse,77
Auenstrasse,78
Auenstrasse,79
Auenstrasse,80
Auenstrasse,81
Auenstrasse,82
Auenstrasse,83
Auenstrasse,84
Auenstrasse,85
Auenstrasse,86
Auenstrasse,87
Auenstrasse,88
Auenstrasse,89
Auenstrasse,90
Auenstrasse,91
Auenstrasse,92
Auenstrasse,93
Auenstrasse,94
Auenstrasse,95
Auenstrasse,96
Auenstrasse,97
Auenstrasse,98
Auenstrasse,99
Auenstrasse,100
Auenstrasse,101
Auenstrasse,102
Auenstrasse,103
Auenstrasse,104
Auenstrasse,105
Auenstrasse,106
Auenstrasse,107
Auenstrasse,108
Auenstrasse,109
Auenstrasse,110
Auenstrasse,111
Auenstrasse,112
Auer Lueften,1
Auer Lueften,2
Auer Lueften,3
Auer Lueften,4
Auer Lueften,5
Auer Lueften,6
Auer Lueften,7
Auer Lueften,8
Auer Lueften,9
Auer Lueften,10
Auer Lueften,11
Auerfeldstrasse,1
Auerfeldstrasse,2
Auerfeldstrasse,3
Auerfeldstrasse,4
Auerfeldstrasse,5
Auerfeldstrasse,6
Auerfeldstrasse,7
Auerkirchhofstrasse,1
Auerkirchhofstrasse,2
Auerkirchhofstrasse,3
Auerkirchhofstrasse,4
Auerkirchhofstrasse,5
Auerkirchhofstrasse,6
Auerkirchhofstrasse,7
Auerkirchhofstrasse,8
Auerlueft,1
Auerlueft,2
Auerlueft,3
Auerlueft,4
Auerlueft,5
Auerlueft,6
Auessere Isarau,1
Auessere Isarstasse,1
Auessere Isarstasse,2
Auessere Isarstasse,3
Auessere Isarstasse,4
Auessere Isarstasse,5
Auessere Isarstrasse,1
Auessere Isarstrasse,2
Auessere Isarstrasse,3
Auessere Isarstrasse,4
Auessere Isarstrasse,5
Auessere Isarstrasse,6
Auessere Isarstrasse,7
Auessere Isarstrasse,8
Auessere Isarstrasse,9
Auessere Isarstrasse,10
Auessere Luitpoldstrasse,1
Auessere Luitpoldstrasse,2
Auessere Luitpoldstrasse,3
Auessere Luitpoldstrasse,4
Auessere Luitpoldstrasse,5
Auf den Lueften,1
Auf den Lueften,2
Auf den Lueften,3
Auf den Lueften,4
Auf den Lueften,5
Auf den Lueften,6
Auf den Lueften,7
Auf den Lueften,8
Auf den Lueften,9
Auf den Lueften,10
Auf den Lueften,11
Auf den Lueften,12
Auf den Lueften,13
Auf den Lueften,14
Auf den Lueften,15
Auf den Lueften,16
Auf den Lueften,17
Auf den Lueften,18
Auf den Lueften,19
Auf den Lueften,20
Auf den Lueften,21
Auf den Lueften,22
Auf den Lueften,23
Auf der Insel,1
Auf der Insel,2
Auf der Insel,3
Auf der Insel,4
Auf der Insel,5
Augsburgerstrasse,1
Augsburgerstrasse,2
Augsburgerstrasse,3
Augsburgerstrasse,4
Augsburgerstrasse,5
Augsburgerstrasse,6
Augsburgg,1
Augsburgg,2
Augustenstrasse,1
Augustenstrasse,2
Augustenstrasse,3
Augustenstrasse,4
Augustenstrasse,5
Augustenstrasse,6
Augustenstrasse,7
Augustenstrasse,8
Augustenstrasse,9
Augustenstrasse,10
Augustenstrasse,11
Augustenstrasse,12
Augustenstrasse,13
Augustenstrasse,14
Augustenstrasse,15
Augustenstrasse,16
Augustenstrasse,17
Augustenstrasse,18
Augustenstrasse,19
Augustenstrasse,20
Augustenstrasse,21
Augustenstrasse,22
Augustenstrasse,23
Augustenstrasse,24
Augustenstrasse,25
Augustenstrasse,26
Augustenstrasse,27
Augustenstrasse,28
Augustenstrasse,29
Augustenstrasse,30
Augustenstrasse,31
Augustenstrasse,32
Augustenstrasse,33
Augustenstrasse,34
Augustenstrasse,35
Augustenstrasse,36
Augustenstrasse,37
Augustenstrasse,38
Augustenstrasse,39
Augustenstrasse,40
Augustenstrasse,41
Augustenstrasse,42
Augustenstrasse,43
Augustenstrasse,44
Augustenstrasse,45
Augustenstrasse,46
Augustenstrasse,47
Augustenstrasse,48
Augustenstrasse,49
Augustenstrasse,50
Augustenstrasse,51
Augustenstrasse,52
Augustenstrasse,53
Augustenstrasse,54
Augustenstrasse,55
Augustenstrasse,56
Augustenstrasse,57
Augustenstrasse,58
Augustenstrasse,59
Augustenstrasse,60
Augustenstrasse,61
Augustenstrasse,62
Augustenstrasse,63
Augustenstrasse,64
Augustenstrasse,65
Augustenstrasse,66
Augustenstrasse,67
Augustenstrasse,68
Augustenstrasse,69
Augustenstrasse,70
Augustenstrasse,71
Augustenstrasse,72
Augustenstrasse,73
Augustenstrasse,74
Augustenstrasse,75
Augustenstrasse,76
Augustenstrasse,77
Augustenstrasse,78
Augustenstrasse,79
Augustenstrasse,80
Augustenstrasse,81
Augustenstrasse,82
Augustenstrasse,83
Augustenstrasse,84
Augustenstrasse,85
Augustenstrasse,86
Augustenstrasse,87
Augustenstrasse,88
Augustenstrasse,89
Augustenstrasse,90
Augustenstrasse,91
Augustenstrasse,92
Augustenstrasse,93
Augustenstrasse,94
Augustenstrasse,95
Augustenstrasse,96
Augustenstrasse,97
Augustenstrasse,98
Augustenstrasse,99
Augustenstrasse,100
Augustenstrasse,101
Augustenstrasse,102
Augustenstrasse,103
Augustenstrasse,104
Augustenstrasse,105
Augustenstrasse,106
Augustenstrasse,107
Augustenstrasse,108
Augustenstrasse,109
Augustenstrasse,110
Augustenstrasse,111
Augustenstrasse,112
Augustenstrasse,113
Augustenstrasse,114
Augustenstrasse,115
Augustenstrasse,116
Augustenstrasse,117
Augustenstrasse,118
Augustenstrasse,119
Augustinerstrasse,1
Augustinerstrasse,2
Augustinerstrasse,3
Augustinerstrasse,4
Augustinerstrasse,5
Augustinerstrasse,6
Augustinerstrasse,7
Augustinerstrasse,8
Augustinerstrasse,9
Augustinerstrasse,10
Augustinerstrasse,11
Augustinerstrasse,12
Augustinerstrasse,13
Augustinerstrasse,14
Augustinerstrasse,15
Augustinerstrasse,16
Augustinerstrasse,17
Augustinerstrasse,18
Augustinerstrasse,19
Augustinerstrasse,20
Augustinerstrasse,21
Augustinerstrasse,22
Augustinerstrasse,23
Augustinerstrasse,24
Aventinstrasse,1
Aventinstrasse,2
Aventinstrasse,3
Aventinstrasse,4
Aventinstrasse,5
Aventinstrasse,6
Aventinstrasse,7
Aventinstrasse,8
Aventinstrasse,9
Aventinstrasse,10
Aventinstrasse,11
Aventinstrasse,12
Aventinstrasse,13
Aventinstrasse,14
Baaderplatz,1
Baaderplatz,2
Baaderstrasse,1
Baaderstrasse,2
Baaderstrasse,3
Baaderstrasse,4
Baaderstrasse,5
Baaderstrasse,6
Baaderstrasse,7
Baaderstrasse,8
Baaderstrasse,9
Baaderstrasse,10
Baaderstrasse,11
Baaderstrasse,12
Baaderstrasse,13
Baaderstrasse,14
Baaderstrasse,15
Baaderstrasse,16
Baaderstrasse,17
Baaderstrasse,18
Baaderstrasse,19
Baaderstrasse,20
Baaderstrasse,21
Baaderstrasse,22
Baaderstrasse,23
Baaderstrasse,24
Baaderstrasse,25
Baaderstrasse,26
Baaderstrasse,27
Baaderstrasse,28
Baaderstrasse,29
Baaderstrasse,30
Baaderstrasse,31
Baaderstrasse,32
Baaderstrasse,33
Baaderstrasse,34
Baaderstrasse,35
Baaderstrasse,36
Baaderstrasse,37
Baaderstrasse,38
Baaderstrasse,39
Baaderstrasse,40
Baaderstrasse,41
Baaderstrasse,42
Baaderstrasse,43
Baaderstrasse,44
Baaderstrasse,45
Baaderstrasse,46
Baaderstrasse,47
Baaderstrasse,48
Baaderstrasse,49
Baaderstrasse,50
Baaderstrasse,51
Baaderstrasse,52
Baaderstrasse,53
Baaderstrasse,54
Baaderstrasse,55
Baaderstrasse,56
Baaderstrasse,57
Baaderstrasse,58
Baaderstrasse,59
Baaderstrasse,60
Baaderstrasse,61
Baaderstrasse,62
Baaderstrasse,63
Baaderstrasse,64
Baaderstrasse,65
Baaderstrasse,66
Baaderstrasse,67
Baaderstrasse,68
Baaderstrasse,69
Baaderstrasse,70
Baaderstrasse,71
Baaderstrasse,72
Baaderstrasse,73
Baaderstrasse,74
Baaderstrasse,75
Baaderstrasse,76
Baaderstrasse,77
Baaderstrasse,78
Baaderstrasse,79
Baaderstrasse,80
Bachstrasse,1
Bachstrasse,2
Bachstrasse,3
Bachstrasse,4
Bachstrasse,5
Bachstrasse,6
Bachstrasse,7
Badstrasse,1
Badstrasse,2
Badstrasse,3
Badstrasse,4
Badstrasse,5
Badstrasse,6
Badstrasse,7
Badstrasse,8
Badstrasse,9
Badstrasse,10
Badstrasse,11
Badstrasse,12
Badstrasse,13
Badstrasse,14
Badstrasse,15
Badstrasse,16
Baeckergaessel,1
Baeckergaessel,2
Baeckergaessel,3
Baeckergaessel,4
Baeckergaessel,5
Baeckergaessel,6
Baeckergaessel,7
Baeckergaessel,8
Baeckergaessel,9
Baeckergaessel,10
Baeckergaessel,11
Baeckergaessel,12
Baeckergaessel,13
Baeckerstrasse,1
Baeckerstrasse,2
Baeckerstrasse,3
Baeckerstrasse,4
Baeckerstrasse,5
Baeckerstrasse,6
Baeckerstrasse,7
Baeckerstrasse,8
Baeckerstrasse,9
Baeckerstrasse,10
Baeckerstrasse,11
Baeckerstrasse,12
Baeckerstrasse,13
Bahnhofplatz,1
Bahnhofplatz,2
Bahnhofplatz,3
Bahnhofplatz,4
Bahnhofplatz,5
Bahnhofplatz,6
Bahnhofplatz,7
Bahnhofstrasse,1
Bahnhofstrasse,2
Bahnwaerterhaeuschen,1
Bahnwaerterhaeuschen,2
Bahnwaerterhaeuschen,3
Bahnwaerterhaeuschen,4
Bahnwaerterhaeuschen,5
Bahnwaerterhaeuschen,6
Bahnwaerterhaeuschen,7
Bahnwaerterhaeuschen,8
Bahnwaerterhaeuschen,9
Bahnwaerterhaeuschen,10
Bahnwaerterhaeuschen,11
Bahnwaerterhaeuschen,12
Balanstrasse,1
Balanstrasse,2
Balanstrasse,3
Balanstrasse,4
Balanstrasse,5
Balanstrasse,6
Balanstrasse,7
Balanstrasse,8
Balanstrasse,9
Balanstrasse,10
Balanstrasse,11
Balanstrasse,12
Balanstrasse,13
Balanstrasse,14
Balanstrasse,15
Balanstrasse,16
Balanstrasse,17
Balanstrasse,18
Balanstrasse,19
Balanstrasse,20
Balanstrasse,21
Balanstrasse,22
Balanstrasse,23
Balanstrasse,24
Balanstrasse,25
Balanstrasse,26
Balanstrasse,27
Balanstrasse,28
Balanstrasse,29
Balanstrasse,30
Balanstrasse,31
Balanstrasse,32
Balanstrasse,33
Balanstrasse,34
Balanstrasse,35
Balanstrasse,36
Balanstrasse,37
Balanstrasse,38
Balanstrasse,39
Balanstrasse,40
Balanstrasse,41
Balanstrasse,42
Balanstrasse,43
Balanstrasse,44
Balanstrasse,45
Balanstrasse,46
Balanstrasse,47
Balanstrasse,48
Balanstrasse,49
Balanstrasse,50
Balanstrasse,51
Balanstrasse,52
Balanstrasse,53
Balanstrasse,54
Balanstrasse,55
Balanstrasse,56
Balanstrasse,57
Balanstrasse,58
Balanstrasse,59
Balanstrasse,60
Balanstrasse,61
Balanstrasse,62
Balanstrasse,63
Balanstrasse,64
Balanstrasse,65
Balanstrasse,66
Balanstrasse,67
Balanstrasse,68
Balanstrasse,69
Balanstrasse,70
Balanstrasse,71
Balanstrasse,72
Balanstrasse,73
Balanstrasse,74
Balanstrasse,75
Balanstrasse,76
Balanstrasse,77
Balanstrasse,78
Balanstrasse,79
Balanstrasse,80
Balanstrasse,81
Balanstrasse,82
Balanstrasse,83
Balanstrasse,84
Balanstrasse,85
Balanstrasse,86
Balanstrasse,87
Balanstrasse,88
Balanstrasse,89
Balanstrasse,90
Balanstrasse,91
Balanstrasse,92
Balanstrasse,93
Balanstrasse,94
Balanstrasse,95
Balanstrasse,96
Balanstrasse,97
Balanstrasse,98
Balanstrasse,99
Balanstrasse,100
Balanstrasse,101
Balanstrasse,102
Balanstrasse,103
Balanstrasse,104
Balanstrasse,105
Balanstrasse,106
Balanstrasse,107
Balanstrasse,108
Balanstrasse,109
Balanstrasse,110
Balanstrasse,111
Balanstrasse,112
Balanstrasse,113
Balanstrasse,114
Balanstrasse,115
Balanstrasse,116
Balanstrasse,117
Balanstrasse,118
Balanstrasse,119
Balanstrasse,120
Baldeplatz,1
Baldestrasse,1
Baldestrasse,2
Baldestrasse,3
Baldestrasse,4
Baldestrasse,5
Baldestrasse,6
Baldestrasse,7
Baldestrasse,8
Baldestrasse,9
Baldestrasse,10
Baldestrasse,11
Baldestrasse,12
Baldestrasse,13
Baldestrasse,14
Baldestrasse,15
Baldestrasse,16
Baldestrasse,17
Baldestrasse,18
Baldestrasse,19
Bandstrasse,1
Bandstrasse,2
Bandstrasse,3
Bandstrasse,4
Barbierstrasse,1
Barbierstrasse,2
Barbierstrasse,3
Barbierstrasse,4
Barbierstrasse,5
Barbierstrasse,6
Barbierstrasse,7
Barbierstrasse,8
Barbierstrasse,9
Barbierstrasse,10
Barbierstrasse,11
Barer Strasse,1
Barer Strasse,2
Barer Strasse,3
Barer Strasse,4
Barer Strasse,5
Barer Strasse,6
Barer Strasse,7
Barer Strasse,8
Barer Strasse,9
Barer Strasse,10
Barer Strasse,11
Barer Strasse,12
Barer Strasse,13
Barer Strasse,14
Barer Strasse,15
Barer Strasse,16
Barer Strasse,17
Barer Strasse,18
Barer Strasse,19
Barer Strasse,20
Barer Strasse,21
Barer Strasse,22
Barer Strasse,23
Barer Strasse,24
Barer Strasse,25
Barer Strasse,26
Barer Strasse,27
Barer Strasse,28
Barer Strasse,29
Barer Strasse,30
Barer Strasse,31
Barer Strasse,32
Barer Strasse,33
Barer Strasse,34
Barer Strasse,35
Barer Strasse,36
Barer Strasse,37
Barer Strasse,38
Barer Strasse,39
Barer Strasse,40
Barer Strasse,41
Barer Strasse,42
Barer Strasse,43
Barer Strasse,44
Barer Strasse,45
Barer Strasse,46
Barer Strasse,47
Barer Strasse,48
Barer Strasse,49
Barer Strasse,50
Barer Strasse,51
Barer Strasse,52
Barer Strasse,53
Barer Strasse,54
Barer Strasse,55
Barer Strasse,56
Barer Strasse,57
Barer Strasse,58
Barer Strasse,59
Barer Strasse,60
Barer Strasse,61
Barer Strasse,62
Barer Strasse,63
Barer Strasse,64
Barer Strasse,65
Barer Strasse,66
Barer Strasse,67
Barer Strasse,68
Barer Strasse,69
Barer Strasse,70
Barer Strasse,71
Barer Strasse,72
Barer Strasse,73
Barer Strasse,74
Barer Strasse,75
Barer Strasse,76
Barer Strasse,77
Barer Strasse,78
Barer Strasse,79
Barer Strasse,80
Barer Strasse,81
Barer Strasse,82
Barer Strasse,83
Barer Strasse,84
Barer Strasse,85
Barer Strasse,86
Barer Strasse,87
Barer Strasse,88
Barer Strasse,89
Barer Strasse,90
Barthstrasse,1
Barthstrasse,2
Barthstrasse,3
Barthstrasse,4
Barthstrasse,5
Barthstrasse,6
Barthstrasse,7
Barthstrasse,8
Baumstrasse,1
Baumstrasse,2
Baumstrasse,3
Baumstrasse,4
Baumstrasse,5
Baumstrasse,6
Baumstrasse,7
Baumstrasse,8
Baumstrasse,9
Baumstrasse,10
Baumstrasse,11
Baumstrasse,12
Baumstrasse,13
Baumstrasse,14
Baumstrasse,15
Baumstrasse,16
Baumstrasse,17
Baumstrasse,18
Baumstrasse,19
Bavariaring,1
Bavariaring,2
Bavariaring,3
Bavariaring,4
Bavariaring,5
Bavariaring,6
Bavariaring,7
Bavariaring,8
Bavariaring,9
Bavariaring,10
Bavariaring,11
Bavariaring,12
Bavariaring,13
Bavariaring,14
Bavariaring,15
Bavariaring,16
Bavariaring,17
Bavariaring,18
Bavariaring,19
Bavariaring,20
Bavariaring,21
Bavariaring,22
Bavariaring,23
Bavariaring,24
Bavariaring,25
Bavariaring,26
Bavariaring,27
Bavariaring,28
Bavariaring,29
Bavariaring,30
Bavariaring,31
Bavariaring,32
Bavariaring,33
Bavariaring,34
Bavariaring,35
Bavariaring,36
Bavariaring,37
Bavariaring,38
Bavariaring,39
Bavariaring,40
Bavariaring,41
Bavariaring,42
Bavariaring,43
Bavariaring,44
Bavariastrasse,1
Bavariastrasse,2
Bavariastrasse,3
Bavariastrasse,4
Bavariastrasse,5
Bavariastrasse,6
Bavariastrasse,7
Bavariastrasse,8
Bavariastrasse,9
Bavariastrasse,10
Bavariastrasse,11
Bavariastrasse,12
Bavariastrasse,13
Bavariastrasse,14
Bavariastrasse,15
Bavariastrasse,16
Bavariastrasse,17
Bavariastrasse,18
Bayerstrasse,1
Bayerstrasse,2
Bayerstrasse,3
Bayerstrasse,4
Bayerstrasse,5
Bayerstrasse,6
Bayerstrasse,7
Bayerstrasse,8
Bayerstrasse,9
Bayerstrasse,10
Bayerstrasse,11
Bayerstrasse,12
Bayerstrasse,13
Bayerstrasse,14
Bayerstrasse,15
Bayerstrasse,16
Bayerstrasse,17
Bayerstrasse,18
Bayerstrasse,19
Bayerstrasse,20
Bayerstrasse,21
Bayerstrasse,22
Bayerstrasse,23
Bayerstrasse,24
Bayerstrasse,25
Bayerstrasse,26
Bayerstrasse,27
Bayerstrasse,28
Bayerstrasse,29
Bayerstrasse,30
Bayerstrasse,31
Bayerstrasse,32
Bayerstrasse,33
Bayerstrasse,34
Bayerstrasse,35
Bayerstrasse,36
Bayerstrasse,37
Bayerstrasse,38
Bayerstrasse,39
Bayerstrasse,40
Bayerstrasse,41
Bayerstrasse,42
Bayerstrasse,43
Bayerstrasse,44
Bayerstrasse,45
Bayerstrasse,46
Bayerstrasse,47
Bayerstrasse,48
Bayerstrasse,49
Bayerstrasse,50
Bayerstrasse,51
Bayerstrasse,52
Bayerstrasse,53
Bayerstrasse,54
Bayerstrasse,55
Bayerstrasse,56
Bayerstrasse,57
Bayerstrasse,58
Bayerstrasse,59
Bayerstrasse,60
Bayerstrasse,61
Bayerstrasse,62
Bayerstrasse,63
Bayerstrasse,64
Bayerstrasse,65
Bayerstrasse,66
Bayerstrasse,67
Bayerstrasse,68
Bayerstrasse,69
Bayerstrasse,70
Bayerstrasse,71
Bayerstrasse,72
Bayerstrasse,73
Bayerstrasse,74
Bayerstrasse,75
Bayerstrasse,76
Bayerstrasse,77
Bayerstrasse,78
Bayerstrasse,79
Bayerstrasse,80
Bayerstrasse,81
Bayerstrasse,82
Bayerstrasse,83
Bayerstrasse,84
Bayerstrasse,85
Bayerstrasse,86
Bayerstrasse,87
Bayerstrasse,88
Bayerstrasse,89
Bayerstrasse,90
Bayerstrasse,91
Bayerstrasse,92
Bayerstrasse,93
Bayerstrasse,94
Bayerstrasse,95
Bayerstrasse,96
Bayerstrasse,97
Bayerstrasse,98
Bayerstrasse,99
Bayerstrasse,100
Bayerstrasse,101
Bayerstrasse,102
Bayerstrasse,103
Bayerstrasse,104
Bayerstrasse,105
Bayerstrasse,106
Bayerstrasse,107
Bayerstrasse,108
Bayerstrasse,109
Bayerstrasse,110
Bayerstrasse,111
Bayerstrasse,112
Bayerstrasse,113
Bayerstrasse,114
Bayerstrasse,115
Bayerstrasse,116
Bayerstrasse,117
Bayerstrasse,118
Bayerstrasse,119
Bayerstrasse,120
Bayerstrasse,121
Bayerstrasse,122
Bayerstrasse,123
Bayerstrasse,124
Bayerstrasse,125
Bayerstrasse,126
Bayerstrasse,127
Bayerstrasse,128
Bayerstrasse,129
Bayerstrasse,130
Bayerstrasse,131
Bayerstrasse,132
Bayerstrasse,133
Bayerstrasse,134
Bayerstrasse,135
Bayerstrasse,136
Bayerstrasse,137
Bayerstrasse,138
Bayerstrasse,139
Bayerstrasse,140
Bayerstrasse,141
Bayerstrasse,142
Bayerstrasse,143
Bayerstrasse,144
Bayerstrasse,145
Bayerstrasse,146
Bayerstrasse,147
Bayerstrasse,148
Bayerstrasse,149
Bayerstrasse,150
Bayerstrasse,151
Bayerstrasse,152
Bayerstrasse,153
Bayerstrasse,154
Bayerstrasse,155
Bayerstrasse,156
Bayerstrasse,157
Bayerstrasse,158
Bayerstrasse,159
Bayerstrasse,160
Bayerstrasse,161
Bayerstrasse,162
Bayerstrasse,163
Bayerstrasse,164
Bayerstrasse,165
Bayerstrasse,166
Bayerstrasse,167
Bayerstrasse,168
Bayerstrasse,169
Bayerstrasse,170
Bayerstrasse,171
Bayerstrasse,172
Bayerstrasse,173
Bayerstrasse,174
Bayerstrasse,175
Bayerstrasse,176
Bayerstrasse,177
Bayerstrasse,178
Bayerstrasse,179
Bayerstrasse,180
Bayerstrasse,181
Bayerstrasse,182
Bayerstrasse,183
Bayerstrasse,184
Bayerstrasse,185
Bayerstrasse,186
Bayerstrasse,187
Bayerstrasse,188
Bayerstrasse,189
Bazar,1
Bazar,2
Bazar,3
Bazar,4
Beethovenstrasse,1
Beethovenstrasse,2
Beethovenstrasse,3
Beethovenstrasse,4
Beethovenstrasse,5
Beethovenstrasse,6
Beethovenstrasse,7
Beethovenstrasse,8
Beethovenstrasse,9
Beethovenstrasse,10
Beethovenstrasse,11
Beethovenstrasse,12
Beethovenstrasse,13
Beethovenstrasse,14
Beichstrasse,1
Beichstrasse,2
Beichstrasse,3
Beichstrasse,4
Beichstrasse,5
Beichstrasse,6
Beichstrasse,7
Beichstrasse,8
Beichstrasse,9
Belgradstrasse,1
Belgradstrasse,2
Belgradstrasse,3
Belgradstrasse,4
Belgradstrasse,5
Belgradstrasse,6
Belgradstrasse,7
Belgradstrasse,8
Belgradstrasse,9
Belgradstrasse,10
Belgradstrasse,11
Belgradstrasse,12
Belgradstrasse,13
Belgradstrasse,14
Belgradstrasse,15
Belgradstrasse,16
Belgradstrasse,17
Belgradstrasse,18
Belgradstrasse,19
Belgradstrasse,20
Belgradstrasse,21
Belgradstrasse,22
Belgradstrasse,23
Belgradstrasse,24
Belgradstrasse,25
Belgradstrasse,26
Belgradstrasse,27
Belgradstrasse,28
Belgradstrasse,29
Belgradstrasse,30
Belgradstrasse,31
Belgradstrasse,32
Belgradstrasse,33
Belgradstrasse,34
Belgradstrasse,35
Belgradstrasse,36
Belgradstrasse,37
Belgradstrasse,38
Belgradstrasse,39
Belgradstrasse,40
Belgradstrasse,41
Belgradstrasse,42
Belgradstrasse,43
Belgradstrasse,44
Belgradstrasse,45
Belgradstrasse,46
Belgradstrasse,47
Belgradstrasse,48
Belgradstrasse,49
Belgradstrasse,50
Belgradstrasse,51
Belgradstrasse,52
Belgradstrasse,53
Belgradstrasse,54
Belgradstrasse,55
Belgradstrasse,56
Belgradstrasse,57
Belgradstrasse,58
Belgradstrasse,59
Belgradstrasse,60
Belgradstrasse,61
Belgradstrasse,62
Belgradstrasse,63
Belgradstrasse,64
Belgradstrasse,65
Belgradstrasse,66
Belgradstrasse,67
Belgradstrasse,68
Belgradstrasse,69
Belgradstrasse,70
Belgradstrasse,71
Belgradstrasse,72
Belgradstrasse,73
Belgradstrasse,74
Belgradstrasse,75
Belgradstrasse,76
Belgradstrasse,77
Belgradstrasse,78
Belgradstrasse,79
Belgradstrasse,80
Belgradstrasse,81
Belgradstrasse,82
Belgradstrasse,83
Belgradstrasse,84
Belgradstrasse,85
Belgradstrasse,86
Belgradstrasse,87
Belgradstrasse,88
Belgradstrasse,89
Belgradstrasse,90
Belgradstrasse,91
Belgradstrasse,92
Bereiteranger,1
Bereiteranger,2
Bereiteranger,3
Bereiteranger,4
Bereiteranger,5
Bereiteranger,6
Bereiteranger,7
Berg-am-Laim-Strasse,1
Berg-am-Laim-Strasse,2
Berg-am-Laim-Strasse,3
Berg-am-Laim-Strasse,4
Berg-am-Laim-Strasse,5
Berg-am-Laim-Strasse,6
Berg-am-Laim-Strasse,7
Berg-am-Laim-Strasse,8
Berg-am-Laim-Strasse,9
Berg-am-Laim-Strasse,10
Berg-am-Laim-Strasse,11
Berg-am-Laim-Strasse,12
Berg-am-Laim-Strasse,13
Berg-am-Laim-Strasse,14
Berg-am-Laim-Strasse,15
Berg-am-Laim-Strasse,16
Berg-am-Laim-Strasse,17
Berg-am-Laim-Strasse,18
Berg-am-Laim-Strasse,19
Berg-am-Laim-Strasse,20
Berg-am-Laim-Strasse,21
Bergerstrasse,1
Bergerstrasse,2
Bergerstrasse,3
Bergerstrasse,4
Bergerstrasse,5
Bergerstrasse,6
Bergerstrasse,7
Bergerstrasse,8
Bergerstrasse,9
Bergerstrasse,10
Bergerstrasse,11
Bergerstrasse,12
Bergerstrasse,13
Bergerstrasse,14
Bergerstrasse,15
Bergerstrasse,16
Bergerstrasse,17
Bergerstrasse,18
Bergerstrasse,19
Bergerstrasse,20
Bergerstrasse,21
Bergerstrasse,22
Bergerstrasse,23
Bergerstrasse,24
Bergerstrasse,25
Bergerstrasse,26
Bergerstrasse,27
Bergerstrasse,28
Bergerstrasse,29
Bergerstrasse,30
Bergerstrasse,31
Bergerstrasse,32
Bergerstrasse,33
Bergerstrasse,34
Bergerstrasse,35
Bergerstrasse,36
Bergerstrasse,37
Bergerstrasse,38
Bergerstrasse,39
Bergerstrasse,40
Bergerstrasse,41
Bergerstrasse,42
Bergerstrasse,43
Bergerstrasse,44
Bergerstrasse,45
Bergerstrasse,46
Bergerstrasse,47
Bergerstrasse,48
Bergerstrasse,49
Bergerstrasse,50
Bergerstrasse,51
Bergerstrasse,52
Bergerstrasse,53
Bergerstrasse,54
Bergerstrasse,55
Bergerstrasse,56
Bergerstrasse,57
Bergerstrasse,58
Bergerstrasse,59
Bergerstrasse,60
Bergerstrasse,61
Bergerstrasse,62
Bergerstrasse,63
Bergerstrasse,64
Bergerstrasse,65
Bergerstrasse,66
Bergerstrasse,67
Bergerstrasse,68
Bergerstrasse,69
Bergerstrasse,70
Bergerstrasse,71
Bergerstrasse,72
Bergerstrasse,73
Bergmannstrasse,1
Bergmannstrasse,2
Bergmannstrasse,3
Bergmannstrasse,4
Bergmannstrasse,5
Bergmannstrasse,6
Bergmannstrasse,7
Bergmannstrasse,8
Bergmannstrasse,9
Bergmannstrasse,10
Bergmannstrasse,11
Bergmannstrasse,12
Bergmannstrasse,13
Bergmannstrasse,14
Bergmannstrasse,15
Bergmannstrasse,16
Bergmannstrasse,17
Bergmannstrasse,18
Bergmannstrasse,19
Bergmannstrasse,20
Bergmannstrasse,21
Bergmannstrasse,22
Bergmannstrasse,23
Bergmannstrasse,24
Bergmannstrasse,25
Bergmannstrasse,26
Bergmannstrasse,27
Bergmannstrasse,28
Bergmannstrasse,29
Bergmannstrasse,30
Bergmannstrasse,31
Bergmannstrasse,32
Bergmannstrasse,33
Bergmannstrasse,34
Bergmannstrasse,35
Bergmannstrasse,36
Bergstrasse,1
Bergstrasse,2
Bergstrasse,3
Bergstrasse,4
Bergstrasse,5
Bergstrasse,6
Bergstrasse,7
Bergstrasse,8
Bergstrasse,9
Bergstrasse,10
Bergstrasse,11
Bergstrasse,12
Bergstrasse,13
Bergstrasse,14
Bergstrasse,15
Bergstrasse,16
Bergstrasse,17
Bergstrasse,18
Bergstrasse,19
Bergstrasse,20
Bergstrasse,21
Bergstrasse,22
Bergstrasse,23
Bergstrasse,24
Bergstrasse,25
Bergstrasse,26
Bergstrasse,27
Bergstrasse,28
Bergstrasse,29
Bergstrasse,30
Bergstrasse,31
Bergstrasse,32
Bergstrasse,33
Bettschaftswinkel,1
Bettschaftswinkel,2
Bettschaftswinkel,3
Biederstein,1
Biederstein,2
Biederstein,3
Biederstein,4
Biederstein,5
Biederstein,6
Biederstein,7
Biederstein,8
Biederstein,9
Biedersteiner Strasse,1
Biedersteiner Strasse,2
Biedersteiner Strasse,3
Biedersteiner Strasse,4
Biedersteiner Strasse,5
Biedersteiner Strasse,6
Biedersteiner Strasse,7
Biedersteiner Strasse,8
Biedersteiner Strasse,9
Biedersteiner Strasse,10
Biedersteiner Strasse,11
Biedersteiner Strasse,12
Biedersteiner Strasse,13
Biedersteiner Strasse,14
Birkenau,1
Birkenau,2
Birkenau,3
Birkenau,4
Birkenau,5
Birkenau,6
Birkenau,7
Birkenau,8
Birkenau,9
Birkenau,10
Birkenau,11
Birkenau,12
Birkenau,13
Birkenau,14
Birkenleiten,1
Birkenleiten,2
Birkerstrasse,1
Birkerstrasse,2
Birkerstrasse,3
Birkerstrasse,4
Birkerstrasse,5
Birkerstrasse,6
Birkerstrasse,7
Birkerstrasse,8
Birkerstrasse,9
Birkerstrasse,10
Birkerstrasse,11
Birkerstrasse,12
Birkerstrasse,13
Birketweg,1
Bismarckstrasse,1
Bismarckstrasse,2
Bismarckstrasse,3
Bismarckstrasse,4
Bismarckstrasse,5
Bismarckstrasse,6
Bismarckstrasse,7
Bismarckstrasse,8
Bismarckstrasse,9
Bismarckstrasse,10
Bismarckstrasse,11
Bismarckstrasse,12
Bismarckstrasse,13
Bismarckstrasse,14
Bismarckstrasse,15
Bismarckstrasse,16
Bismarckstrasse,17
Bismarckstrasse,18
Bismarckstrasse,19
Bismarckstrasse,20
Bismarckstrasse,21
Bismarckstrasse,22
Bismarckstrasse,23
Bismarckstrasse,24
Bismarckstrasse,25
Bismarckstrasse,26
Bismarckstrasse,27
Bismarckstrasse,28
Bismarckstrasse,29
Bismarckstrasse,30
Bluetenstrasse,1
Bluetenstrasse,2
Bluetenstrasse,3
Bluetenstrasse,4
Bluetenstrasse,5
Bluetenstrasse,6
Bluetenstrasse,7
Bluetenstrasse,8
Bluetenstrasse,9
Bluetenstrasse,10
Bluetenstrasse,11
Bluetenstrasse,12
Bluetenstrasse,13
Bluetenstrasse,14
Bluetenstrasse,15
Bluetenstrasse,16
Bluetenstrasse,17
Bluetenstrasse,18
Bluetenstrasse,19
Bluetenstrasse,20
Bluetenstrasse,21
Bluetenstrasse,22
Bluetenstrasse,23
Bluetenstrasse,24
Bluetenstrasse,25
Blumenstrasse,1
Blumenstrasse,2
Blumenstrasse,3
Blumenstrasse,4
Blumenstrasse,5
Blumenstrasse,6
Blumenstrasse,7
Blumenstrasse,8
Blumenstrasse,9
Blumenstrasse,10
Blumenstrasse,11
Blumenstrasse,12
Blumenstrasse,13
Blumenstrasse,14
Blumenstrasse,15
Blumenstrasse,16
Blumenstrasse,17
Blumenstrasse,18
Blumenstrasse,19
Blumenstrasse,20
Blumenstrasse,21
Blumenstrasse,22
Blumenstrasse,23
Blumenstrasse,24
Blumenstrasse,25
Blumenstrasse,26
Blumenstrasse,27
Blumenstrasse,28
Blumenstrasse,29
Blumenstrasse,30
Blumenstrasse,31
Blumenstrasse,32
Blumenstrasse,33
Blumenstrasse,34
Blumenstrasse,35
Blumenstrasse,36
Blumenstrasse,37
Blumenstrasse,38
Blumenstrasse,39
Blumenstrasse,40
Blumenstrasse,41
Blumenstrasse,42
Blumenstrasse,43
Blumenstrasse,44
Blumenstrasse,45
Blumenstrasse,46
Blumenstrasse,47
Blumenstrasse,48
Blumenstrasse,49
Blumenstrasse,50
Blumenstrasse,51
Blumenstrasse,52
Blumenstrasse,53
Blumenstrasse,54
Blumenstrasse,55
Blumenstrasse,56
Blumenstrasse,57
Blumenstrasse,58
Blumenstrasse,59
Blumenstrasse,60
Blumenstrasse,61
Blutenburgstrasse,1
Blutenburgstrasse,2
Blutenburgstrasse,3
Blutenburgstrasse,4
Blutenburgstrasse,5
Blutenburgstrasse,6
Blutenburgstrasse,7
Blutenburgstrasse,8
Blutenburgstrasse,9
Blutenburgstrasse,10
Blutenburgstrasse,11
Blutenburgstrasse,12
Blutenburgstrasse,13
Blutenburgstrasse,14
Blutenburgstrasse,15
Blutenburgstrasse,16
Blutenburgstrasse,17
Blutenburgstrasse,18
Blutenburgstrasse,19
Blutenburgstrasse,20
Blutenburgstrasse,21
Blutenburgstrasse,22
Blutenburgstrasse,23
Blutenburgstrasse,24
Blutenburgstrasse,25
Blutenburgstrasse,26
Blutenburgstrasse,27
Blutenburgstrasse,28
Blutenburgstrasse,29
Blutenburgstrasse,30
Blutenburgstrasse,31
Blutenburgstrasse,32
Blutenburgstrasse,33
Blutenburgstrasse,34
Blutenburgstrasse,35
Blutenburgstrasse,36
Blutenburgstrasse,37
Blutenburgstrasse,38
Blutenburgstrasse,39
Blutenburgstrasse,40
Blutenburgstrasse,41
Blutenburgstrasse,42
Blutenburgstrasse,43
Blutenburgstrasse,44
Blutenburgstrasse,45
Blutenburgstrasse,46
Blutenburgstrasse,47
Blutenburgstrasse,48
Blutenburgstrasse,49
Blutenburgstrasse,50
Blutenburgstrasse,51
Blutenburgstrasse,52
Blutenburgstrasse,53
Blutenburgstrasse,54
Blutenburgstrasse,55
Blutenburgstrasse,56
Blutenburgstrasse,57
Blutenburgstrasse,58
Blutenburgstrasse,59
Blutenburgstrasse,60
Blutenburgstrasse,61
Blutenburgstrasse,62
Blutenburgstrasse,63
Blutenburgstrasse,64
Blutenburgstrasse,65
Blutenburgstrasse,66
Blutenburgstrasse,67
Blutenburgstrasse,68
Blutenburgstrasse,69
Blutenburgstrasse,70
Blutenburgstrasse,71
Blutenburgstrasse,72
Blutenburgstrasse,73
Blutenburgstrasse,74
Blutenburgstrasse,75
Blutenburgstrasse,76
Blutenburgstrasse,77
Blutenburgstrasse,78
Blutenburgstrasse,79
Blutenburgstrasse,80
Blutenburgstrasse,81
Blutenburgstrasse,82
Blutenburgstrasse,83
Blutenburgstrasse,84
Blutenburgstrasse,85
Blutenburgstrasse,86
Blutenburgstrasse,87
Blutenburgstrasse,88
Blutenburgstrasse,89
Blutenburgstrasse,90
Blutenburgstrasse,91
Blutenburgstrasse,92
Blutenburgstrasse,93
Blutenburgstrasse,94
Blutenburgstrasse,95
Blutenburgstrasse,96
Blutenburgstrasse,97
Blutenburgstrasse,98
Blutenburgstrasse,99
Blutenburgstrasse,100
Blutenburgstrasse,101
Blutenburgstrasse,102
Blutenburgstrasse,103
Blutenburgstrasse,104
Blutenburgstrasse,105
Blutenburgstrasse,106
Blutenburgstrasse,107
Blutenburgstrasse,108
Blutenburgstrasse,109
Blutenburgstrasse,110
Blutenburgstrasse,111
Blutenburgstrasse,112
Blutenburgstrasse,113
Blutenburgstrasse,114
Blutenburgstrasse,115
Blutenburgstrasse,116
Blutenburgstrasse,117
Blutenburgstrasse,118
Blutenburgstrasse,119
Blutenburgstrasse,120
Blutenburgstrasse,121
Blutenburgstrasse,122
Blutenburgstrasse,123
Blutenburgstrasse,124
Blutenburgstrasse,125
Blutenburgstrasse,126
Blutenburgstrasse,127
Blutenburgstrasse,128
Blutenburgstrasse,129
Blutenburgstrasse,130
Blutenburgstrasse,131
Blutenburgstrasse,132
Blutenburgstrasse,133
Blutenburgstrasse,134
Blutenburgstrasse,135
Blutenburgstrasse,136
Blutenburgstrasse,137
Blutenburgstrasse,138
Blutenburgstrasse,139
Blutenburgstrasse,140
Blutenburgstrasse,141
Blutenburgstrasse,142
Blutenburgstrasse,143
Blutenburgstrasse,144
Blutenburgstrasse,145
Blutenburgstrasse,146
Blutenburgstrasse,147
Blutenburgstrasse,148
Blutenburgstrasse,149
Blutenburgstrasse,150
Blutenburgstrasse,151
Blutenburgstrasse,152
Blutenburgstrasse,153
Blutenburgstrasse,154
Blutenburgstrasse,155
Blutenburgstrasse,156
Blutenburgstrasse,157
Blutenburgstrasse,158
Blutenburgstrasse,159
Blutenburgstrasse,160
Blutenburgstrasse,161
Blutenburgstrasse,162
Blutenburgstrasse,163
Blutenburgstrasse,164
Blutenburgstrasse,165
Blutenburgstrasse,166
Blutenburgstrasse,167
Blutenburgstrasse,168
Blutenburgstrasse,169
Blutenburgstrasse,170
Blutenburgstrasse,171
Blutenburgstrasse,172
Blutenburgstrasse,173
Blutenburgstrasse,174
Blutenburgstrasse,175
Blutenburgstrasse,176
Blutenburgstrasse,177
Blutenburgstrasse,178
Blutenburgstrasse,179
Blutenburgstrasse,180
Blutenburgstrasse,181
Blutenburgstrasse,182
Blutenburgstrasse,183
Blutenburgstrasse,184
Blutenburgstrasse,185
Blutenburgstrasse,186
Bogenhausen,1
Bogenhausen,2
Bogenhausen,3
Bogenhausen,4
Bogenhausen,5
Bogenhausen,6
Bogenhausen,7
Bogenhausen,8
Bogenhausen,9
Bogenhausen,10
Bogenhausen,11
Bogenhausen,12
Bogenhausen,13
Bogenhausen,14
Bogenhausen,15
Bogenhausen,16
Bogenhausen,17
Bogenhausen,18
Bogenhausen,19
Bogenhausen,20
Bogenhausen,21
Bogenhausen,22
Bogenhausen,23
Bogenhausen,24
Bogenhausen,25
Bogenhausen,26
Bogenhausen,27
Bogenhausen,28
Bogenhausen,29
Bogenhausen,30
Bogenhausen,31
Bogenhausen,32
Bogenhausen,33
Bogenhausen,34
Bogenhausen,35
Bogenhausen,36
Bogenhausen,37
Bogenhausen,38
Bogenhausen,39
Bogenhausen,40
Bogenhausen,41
Bogenhausen,42
Bogenhausen,43
Bogenhausen,44
Bogenhausen,45
Bogenhausen,46
Bogenhausen,47
Bogenhausen,48
Bogenhausen,49
Bogenhausen,50
Bogenhausen,51
Bogenhausen,52
Bogenhausen,53
Bogenhausen,54
Bogenhausen,55
Bogenhausen,56
Bogenhausen,57
Bogenhausen,58
Bogenhausen,59
Bogenhausen,60
Bogenhausen,61
Bogenhausen,62
Bogenhausen,63
Bogenhausen,64
Bogenhausen,65
Bogenhausen,66
Bogenhausen,67
Bogenhausen,68
Bogenhausen,69
Bogenhausen,70
Bogenhausen,71
Bogenhausen,72
Bogenhausen,73
Bogenhausen,74
Bogenhausen,75
Bogenhausen,76
Bogenhausen,77
Bogenhausen,78
Bogenhausen,79
Bogenhausen,80
Bogenhausen,81
Bogenhausen,82
Bogenhausen,83
Bogenhausen,84
Bogenhausen,85
Bogenhausen,86
Bogenhausen,87
Bogenhausen,88
Bogenhausen,89
Bogenhausen,90
Bogenhausen,91
Bogenhausener Strasse,1
Bogenhausener Strasse,2
Bogenhausener Strasse,3
Bogenhausener Strasse,4
Bogenhausener Strasse,5
Bogenhausener Strasse,6
Bogenhausener Strasse,7
Bogenhausener Strasse,8
Bogenhausener Strasse,9
Bogenhausener Strasse,10
Bogenhausener Strasse,11
Bogenhauserst,1
Bogenhauserst,2
Bogenhauserst,3
Bogenhauserst,4
Bogenhauserst,5
Bogenhauserst,6
Bogenhauserst,7
Bogenhauserst,8
Bogenhauserst,9
Bogenhauserst,10
Bogenhauserst,11
Bogenhauserstrasse,1
Bogenhauserstrasse,2
Bogenhauserstrasse,3
Bogenhauserstrasse,4
Bogenhauserstrasse,5
Bogenhauserstrasse,6
Bogenhauserstrasse,7
Bogenhauserstrasse,8
Bogenhauserstrasse,9
Bogenhauserstrasse,10
Bogenhauserstrasse,11
Bogenhauserstrasse,12
Bogenhauserstrasse,13
Bogenhauserstrasse,14
Bogenhauserstrasse,15
Bogenhauserstrasse,16
Bogenhauserstrasse,17
Bogenhauserstrasse,18
Bogenhauserstrasse,19
Bogenhauserstrasse,20
Bogenhauserstrasse,21
Bogenhauserstrasse,22
Bogenhauserstrasse,23
Bogenhauserstrasse,24
Bogenhauserstrasse,25
Bogenhauserstrasse,26
Bogenhauserstrasse,27
Bogenhauserstrasse,28
Bogenhauserstrasse,29
Bogenhauserstrasse,30
Bogenhauserstrasse,31
Bogenhauserstrasse,32
Bogenhauserstrasse,33
Bogenhauserstrasse,34
Bogenhauserstrasse,35
Bogenhauserstrasse,36
Bogenhauserstrasse,37
Bogenhauserstrasse,38
Bogenhauserstrasse,39
Bogenhauserstrasse,40
Bogenhauserstrasse,41
Bogenhauserstrasse,42
Bogenhauserstrasse,43
Bogenhauserstrasse,44
Bogenhauserstrasse,45
Bogenhauserstrasse,46
Bogenhauserstrasse,47
Bogenhauserstrasse,48
Bogenhauserstrasse,49
Bogenhauserstrasse,50
Bogenhauserstrasse,51
Bogenhauserstrasse,52
Bogenhauserstrasse,53
Bogenhauserstrasse,54
Bogenhauserstrasse,55
Bogenhauserstrasse,56
Bogenhauserstrasse,57
Bogenhauserstrasse,58
Bogenhauserstrasse,59
Bogenhauserstrasse,60
Bogenhauserstrasse,61
Bogenhauserstrasse,62
Bogenhauserstrasse,63
Bogenhauserstrasse,64
Bogenhauserstrasse,65
Bogenhauserstrasse,66
Bogenhauserstrasse,67
Bogenhauserstrasse,68
Bogenhauserstrasse,69
Bogenhauserstrasse,70
Bogenhauserstrasse,71
Bogenhauserstrasse,72
Bogenhauserstrasse,73
Bogenhauserstrasse,74
Bogenhauserstrasse,75
Bogenhauserstrasse,76
Bogenhauserstrasse,77
Bogenhauserstrasse,78
Bogenhauserstrasse,79
Bogenhauserstrasse,80
Bogenhauserstrasse,81
Bogenhauserstrasse,82
Bogenhauserstrasse,83
Bogenhauserstrasse,84
Bogenhauserstrasse,85
Bogenhauserstrasse,86
Bogenhauserstrasse,87
Bogenhauserstrasse,88
Bogenhauserstrasse,89
Bogenhauserstrasse,90
Bogenhauserstrasse,91
Bogenhauserstrasse,92
Bogenhauserstrasse,93
Bogenhauserstrasse,94
Bogenhauserstrasse,95
Bogenhauserstrasse,96
Bogenhauserstrasse,97
Bogenhauserstrasse,98
Bogenhauserstrasse,99
Bogenhauserstrasse,100
Bogenhauserstrasse,101
Bogenhauserstrasse,102
Bogenhauserstrasse,103
Bogenhauserstrasse,104
Bogenhauserstrasse,105
Bogenhauserstrasse,106
Bogenhauserstrasse,107
Bogenhauserstrasse,108
Bogenhauserstrasse,109
Bogenhauserstrasse,110
Bogenhauserstrasse,111
Bogenhauserstrasse,112
Bogenhauserstrasse,113
Bogenhauserstrasse,114
Bogenhauserstrasse,115
Bogenhauserstrasse,116
Bogenhauserstrasse,117
Bogenhauserstrasse,118
Bogenhauserstrasse,119
Bogenhauserstrasse,120
Bogenhauserstrasse,121
Bogenhauserstrasse,122
Bogenhauserstrasse,123
Bogenhauserstrasse,124
Bogenhauserstrasse,125
Bogenhauserstrasse,126
Bogenhauserstrasse,127
Bogenhauserstrasse,128
Bogenhauserstrasse,129
Bogenhauserstrasse,130
Bogenhauserstrasse,131
Bogenhauserstrasse,132
Bogenhauserstrasse,133
Bogenhauserstrasse,134
Bogenhauserstrasse,135
Bogenhauserstrasse,136
Bogenhauserstrasse,137
Bogenstrasse,1
Bogenstrasse,2
Bogenstrasse,3
Bogenstrasse,4
Bogenstrasse,5
Bogenstrasse,6
Bogenstrasse,7
Bogenstrasse,8
Bogenstrasse,9
Bogenstrasse,10
Bogenstrasse,11
Bogenstrasse,12
Bogenstrasse,13
Bogenstrasse,14
Bogenstrasse,15
Boosstrasse,1
Boosstrasse,2
Boosstrasse,3
Boosstrasse,4
Boosstrasse,5
Boosstrasse,6
Boosstrasse,7
Boosstrasse,8
Boosstrasse,9
Boosstrasse,10
Boosstrasse,11
Boosstrasse,12
Boosstrasse,13
Boosstrasse,14
Boosstrasse,15
Boosstrasse,16
Boosstrasse,17
Boosstrasse,18
Boosstrasse,19
Braeuhausstrasse,1
Braeuhausstrasse,2
Braeuhausstrasse,3
Braeuhausstrasse,4
Braeuhausstrasse,5
Braeuhausstrasse,6
Braeuhausstrasse,7
Braeuhausstrasse,8
Braeuhausstrasse,9
Braeuhausstrasse,10
Braeuhausstrasse,11
Breiteranzer,1
Breiteranzer,2
Brienner Strasse,1
Brienner Strasse,2
Brienner Strasse,3
Brienner Strasse,4
Brienner Strasse,5
Brienner Strasse,6
Brienner Strasse,7
Brienner Strasse,8
Brienner Strasse,9
Brienner Strasse,10
Brienner Strasse,11
Brienner Strasse,12
Brienner Strasse,13
Brienner Strasse,14
Brienner Strasse,15
Brienner Strasse,16
Brienner Strasse,17
Brienner Strasse,18
Brienner Strasse,19
Brienner Strasse,20
Brienner Strasse,21
Brienner Strasse,22
Brienner Strasse,23
Brienner Strasse,24
Brienner Strasse,25
Brienner Strasse,26
Brienner Strasse,27
Brienner Strasse,28
Brienner Strasse,29
Brienner Strasse,30
Brienner Strasse,31
Brienner Strasse,32
Brienner Strasse,33
Brienner Strasse,34
Brienner Strasse,35
Brienner Strasse,36
Brienner Strasse,37
Brienner Strasse,38
Brienner Strasse,39
Brienner Strasse,40
Brienner Strasse,41
Brienner Strasse,42
Brienner Strasse,43
Brienner Strasse,44
Brienner Strasse,45
Brienner Strasse,46
Brienner Strasse,47
Brienner Strasse,48
Brienner Strasse,49
Brienner Strasse,50
Brienner Strasse,51
Brienner Strasse,52
Brienner Strasse,53
Brienner Strasse,54
Brienner Strasse,55
Brienner Strasse,56
Brudergang,1
Brudergang,2
Bruderhofstrasse,1
Bruderhofstrasse,2
Bruderhofstrasse,3
Bruderhofstrasse,4
Bruderhofstrasse,5
Bruderhofstrasse,6
Bruderhofstrasse,7
Bruderhofstrasse,8
Bruderhofstrasse,9
Brudermuehlstrasse,1
Brudermuehlstrasse,2
Brudermuehlstrasse,3
Brudermuehlstrasse,4
Brudermuehlstrasse,5
Brudermuehlstrasse,6
Brudermuehlstrasse,7
Brudermuehlstrasse,8
Brudermuehlstrasse,9
Brudermuehlstrasse,10
Brudermuehlstrasse,11
Brudermuehlstrasse,12
Brudermuehlstrasse,13
Brudermuehlstrasse,14
Brudermuehlstrasse,15
Brudermuehlstrasse,16
Brudermuehlstrasse,17
Brudermuehlstrasse,18
Brudermuehlstrasse,19
Brudermuehlstrasse,20
Brudermuehlstrasse,21
Brudermuehlweg,1
Brudermuehlweg,2
Brudermuehlweg,3
Brudermuehlweg,4
Brudermuehlweg,5
Brudermuehlweg,6
Brudermuehlweg,7
Brudermuehlweg,8
Brudermuehlweg,9
Brudermuehlweg,10
Brudermuehlweg,11
Brudermuehlweg,12
Brudermuehlweg,13
Brudermuehlweg,14
Brudermuehlweg,15
Brudermuehlweg,16
Brudermuehlweg,17
Bruderstrasse,1
Bruderstrasse,2
Bruderstrasse,3
Bruderstrasse,4
Bruderstrasse,5
Bruderstrasse,6
Bruderstrasse,7
Bruderstrasse,8
Bruderstrasse,9
Bruderstrasse,10
Brumerhof,1
Brumerhof,2
Brunngasse,1
Brunngasse,2
Brunngasse,3
Brunngasse,4
Brunngasse,5
Brunngasse,6
Brunngasse,7
Brunngasse,8
Brunngasse,9
Brunngasse,10
Brunngasse,11
Brunngasse,12
Brunnstrasse,1
Brunnstrasse,2
Brunnstrasse,3
Brunnstrasse,4
Brunnstrasse,5
Brunnstrasse,6
Brunnstrasse,7
Brunnstrasse,8
Brunnstrasse,9
Brunnstrasse,10
Brunnstrasse,11
Brunnstrasse,12
Brunnthal,1
Brunnthalerstrasse,1
Brunnthalerstrasse,2
Brunnthalerstrasse,3
Brunnthalerstrasse,4
Brunnthalerstrasse,5
Brunnthalerstrasse,6
Brunnthalerstrasse,7
Brunnthalerstrasse,8
Brunnthalerstrasse,9
Brunnthalerstrasse,10
Brunnthalerstrasse,11
Brunnthalerstrasse,12
Buerkleinstrasse,1
Buerkleinstrasse,2
Buerkleinstrasse,3
Buerkleinstrasse,4
Buerkleinstrasse,5
Buerkleinstrasse,6
Buerkleinstrasse,7
Buerkleinstrasse,8
Buerkleinstrasse,9
Buerkleinstrasse,10
Buerkleinstrasse,11
Buerkleinstrasse,12
Buerkleinstrasse,13
Buerkleinstrasse,14
Buerkleinstrasse,15
Buerkleinstrasse,16
Buerkleinstrasse,17
Burg,1
Burg,2
Burg,3
Burg,4
Burg,5
Burg,6
Burg,7
Burg,8
Burg,9
Burgstrasse,1
Burgstrasse,2
Burgstrasse,3
Burgstrasse,4
Burgstrasse,5
Burgstrasse,6
Burgstrasse,7
Burgstrasse,8
Burgstrasse,9
Burgstrasse,10
Burgstrasse,11
Burgstrasse,12
Burgstrasse,13
Burgstrasse,14
Burgstrasse,15
Burgstrasse,16
Burgstrasse,17
Burgstrasse,18
Burgstrasse,19
Buttermelcherstrasse,1
Buttermelcherstrasse,2
Buttermelcherstrasse,3
Buttermelcherstrasse,4
Buttermelcherstrasse,5
Buttermelcherstrasse,6
Buttermelcherstrasse,7
Buttermelcherstrasse,8
Buttermelcherstrasse,9
Buttermelcherstrasse,10
Buttermelcherstrasse,11
Buttermelcherstrasse,12
Buttermelcherstrasse,13
Buttermelcherstrasse,14
Buttermelcherstrasse,15
Buttermelcherstrasse,16
Buttermelcherstrasse,17
Buttermelcherstrasse,18
Buttermelcherstrasse,19
Buttermelcherstrasse,20
Buttermelcherstrasse,21
Candidplatz,1
Candidplatz,2
Candidplatz,3
Candidstrasse,1
Candidstrasse,2
Candidstrasse,3
Candidstrasse,4
Christophstrasse,1
Christophstrasse,2
Christophstrasse,3
Christophstrasse,4
Christophstrasse,5
Christophstrasse,6
Christophstrasse,7
Christophstrasse,8
Christophstrasse,9
Christophstrasse,10
Christophstrasse,11
Christophstrasse,12
Christophstrasse,13
Christophstrasse,14
Claude-Lorrain-Strasse,1
Claude-Lorrain-Strasse,2
Claude-Lorrain-Strasse,3
Claude-Lorrain-Strasse,4
Claude-Lorrain-Strasse,5
Claude-Lorrain-Strasse,6
Claude-Lorrain-Strasse,7
Clemensstrasse,1
Clemensstrasse,2
Clemensstrasse,3
Clemensstrasse,4
Clemensstrasse,5
Clemensstrasse,6
Clemensstrasse,7
Clemensstrasse,8
Clemensstrasse,9
Clemensstrasse,10
Clemensstrasse,11
Clemensstrasse,12
Clemensstrasse,13
Clemensstrasse,14
Clemensstrasse,15
Clemensstrasse,16
Clemensstrasse,17
Clemensstrasse,18
Clemensstrasse,19
Clemensstrasse,20
Clemensstrasse,21
Clemensstrasse,22
Clemensstrasse,23
Clemensstrasse,24
Clemensstrasse,25
Clemensstrasse,26
Clemensstrasse,27
Clemensstrasse,28
Clemensstrasse,29
Clemensstrasse,30
Clemensstrasse,31
Clemensstrasse,32
Clemensstrasse,33
Clemensstrasse,34
Clemensstrasse,35
Clemensstrasse,36
Clemensstrasse,37
Clemensstrasse,38
Clemensstrasse,39
Clemensstrasse,40
Clemensstrasse,41
Clemensstrasse,42
Clemensstrasse,43
Clemensstrasse,44
Clemensstrasse,45
Clemensstrasse,46
Clemensstrasse,47
Clemensstrasse,48
Clemensstrasse,49
Clemensstrasse,50
Clemensstrasse,51
Clemensstrasse,52
Clemensstrasse,53
Clemensstrasse,54
Clemensstrasse,55
Clemensstrasse,56
Clemensstrasse,57
Clemensstrasse,58
Clemensstrasse,59
Clemensstrasse,60
Clemensstrasse,61
Clemensstrasse,62
Clemensstrasse,63
Clemensstrasse,64
Clemensstrasse,65
Clemensstrasse,66
Clemensstrasse,67
Clemensstrasse,68
Clemensstrasse,69
Clemensstrasse,70
Clemensstrasse,71
Clemensstrasse,72
Clemensstrasse,73
Clemensstrasse,74
Comeniusstrasse,1
Comeniusstrasse,2
Comeniusstrasse,3
Conenstrasse,1
Conenstrasse,2
Conenstrasse,3
Conenstrasse,4
Conenstrasse,5
Conenstrasse,6
Conenstrasse,7
Conenstrasse,8
Corneliusstrasse,1
Corneliusstrasse,2
Corneliusstrasse,3
Corneliusstrasse,4
Corneliusstrasse,5
Corneliusstrasse,6
Corneliusstrasse,7
Corneliusstrasse,8
Corneliusstrasse,9
Corneliusstrasse,10
Corneliusstrasse,11
Corneliusstrasse,12
Corneliusstrasse,13
Corneliusstrasse,14
Corneliusstrasse,15
Corneliusstrasse,16
Corneliusstrasse,17
Corneliusstrasse,18
Corneliusstrasse,19
Corneliusstrasse,20
Corneliusstrasse,21
Corneliusstrasse,22
Corneliusstrasse,23
Corneliusstrasse,24
Corneliusstrasse,25
Corneliusstrasse,26
Corneliusstrasse,27
Corneliusstrasse,28
Corneliusstrasse,29
Corneliusstrasse,30
Corneliusstrasse,31
Corneliusstrasse,32
Corneliusstrasse,33
Corneliusstrasse,34
Corneliusstrasse,35
Corneliusstrasse,36
Corneliusstrasse,37
Corneliusstrasse,38
Corneliusstrasse,39
Corneliusstrasse,40
Corneliusstrasse,41
Corneliusstrasse,42
Corneliusstrasse,43
Corneliusstrasse,44
Corneliusstrasse,45
Corneliusstrasse,46
Corneliusstrasse,47
Corneliusstrasse,48
Dachauer Strasse,1
Dachauer Strasse,2
Dachauer Strasse,3
Dachauer Strasse,4
Dachauer Strasse,5
Dachauer Strasse,6
Dachauer Strasse,7
Dachauer Strasse,8
Dachauer Strasse,9
Dachauer Strasse,10
Dachauer Strasse,11
Dachauer Strasse,12
Dachauer Strasse,13
Dachauer Strasse,14
Dachauer Strasse,15
Dachauer Strasse,16
Dachauer Strasse,17
Dachauer Strasse,18
Dachauer Strasse,19
Dachauer Strasse,20
Dachauer Strasse,21
Dachauer Strasse,22
Dachauer Strasse,23
Dachauer Strasse,24
Dachauer Strasse,25
Dachauer Strasse,26
Dachauer Strasse,27
Dachauer Strasse,28
Dachauer Strasse,29
Dachauer Strasse,30
Dachauer Strasse,31
Dachauer Strasse,32
Dachauer Strasse,33
Dachauer Strasse,34
Dachauer Strasse,35
Dachauer Strasse,36
Dachauer Strasse,37
Dachauer Strasse,38
Dachauer Strasse,39
Dachauer Strasse,40
Dachauer Strasse,41
Dachauer Strasse,42
Dachauer Strasse,43
Dachauer Strasse,44
Dachauer Strasse,45
Dachauer Strasse,46
Dachauer Strasse,47
Dachauer Strasse,48
Dachauer Strasse,49
Dachauer Strasse,50
Dachauer Strasse,51
Dachauer Strasse,52
Dachauer Strasse,53
Dachauer Strasse,54
Dachauer Strasse,55
Dachauer Strasse,56
Dachauer Strasse,57
Dachauer Strasse,58
Dachauer Strasse,59
Dachauer Strasse,60
Dachauer Strasse,61
Dachauer Strasse,62
Dachauer Strasse,63
Dachauer Strasse,64
Dachauer Strasse,65
Dachauer Strasse,66
Dachauer Strasse,67
Dachauer Strasse,68
Dachauer Strasse,69
Dachauer Strasse,70
Dachauer Strasse,71
Dachauer Strasse,72
Dachauer Strasse,73
Dachauer Strasse,74
Dachauer Strasse,75
Dachauer Strasse,76
Dachauer Strasse,77
Dachauer Strasse,78
Dachauer Strasse,79
Dachauer Strasse,80
Dachauer Strasse,81
Dachauer Strasse,82
Dachauer Strasse,83
Dachauer Strasse,84
Dachauer Strasse,85
Dachauer Strasse,86
Dachauer Strasse,87
Dachauer Strasse,88
Dachauer Strasse,89
Dachauer Strasse,90
Dachauer Strasse,91
Dachauer Strasse,92
Dachauer Strasse,93
Dachauer Strasse,94
Dachauer Strasse,95
Dachauer Strasse,96
Dachauer Strasse,97
Dachauer Strasse,98
Dachauer Strasse,99
Dachauer Strasse,100
Dachauer Strasse,101
Dachauer Strasse,102
Dachauer Strasse,103
Dachauer Strasse,104
Dachauer Strasse,105
Dachauer Strasse,106
Dachauer Strasse,107
Dachauer Strasse,108
Dachauer Strasse,109
Dachauer Strasse,110
Dachauer Strasse,111
Dachauer Strasse,112
Dachauer Strasse,113
Dachauer Strasse,114
Dachauer Strasse,115
Dachauer Strasse,116
Dachauer Strasse,117
Dachauer Strasse,118
Dachauer Strasse,119
Dachauer Strasse,120
Dachauer Strasse,121
Dachauer Strasse,122
Dachauer Strasse,123
Dachauer Strasse,124
Dachauer Strasse,125
Dachauer Strasse,126
Dachauer Strasse,127
Dachauer Strasse,128
Dachauer Strasse,129
Dachauer Strasse,130
Dachauer Strasse,131
Dachauer Strasse,132
Dachauer Strasse,133
Dachauer Strasse,134
Dachauer Strasse,135
Dachauer Strasse,136
Dachauer Strasse,137
Dachauer Strasse,138
Dachauer Strasse,139
Dachauer Strasse,140
Dachauer Strasse,141
Dachauer Strasse,142
Dachauer Strasse,143
Dachauer Strasse,144
Dachauer Strasse,145
Dachauer Strasse,146
Dachauer Strasse,147
Dachauer Strasse,148
Dachauer Strasse,149
Dachauer Strasse,150
Dachauer Strasse,151
Dachauer Strasse,152
Dachauer Strasse,153
Dachauer Strasse,154
Dachauer Strasse,155
Damenstiftstrasse,1
Damenstiftstrasse,2
Damenstiftstrasse,3
Damenstiftstrasse,4
Damenstiftstrasse,5
Damenstiftstrasse,6
Damenstiftstrasse,7
Damenstiftstrasse,8
Damenstiftstrasse,9
Damenstiftstrasse,10
Damenstiftstrasse,11
Damenstiftstrasse,12
Damenstiftstrasse,13
Damenstiftstrasse,14
Damenstiftstrasse,15
Damenstiftstrasse,16
Dammstrasse,1
Dammstrasse,2
Dammstrasse,3
Dammstrasse,4
Dammstrasse,5
Dammstrasse,6
Dammstrasse,7
Dammstrasse,8
Dammstrasse,9
Dammstrasse,10
Dammstrasse,11
Dammstrasse,12
Dammstrasse,13
Dammstrasse,14
Dammstrasse,15
Dammstrasse,16
Dammstrasse,17
Dammstrasse,18
Dammstrasse,19
Dammstrasse,20
Dammstrasse,21
Dammstrasse,22
Dammstrasse,23
Dammstrasse,24
Dammstrasse,25
Dammstrasse,26
Dammstrasse,27
Dammstrasse,28
Dammstrasse,29
Dammstrasse,30
Dammstrasse,31
Dammstrasse,32
Dammstrasse,33
Dammstrasse,34
Dammstrasse,35
Dammstrasse,36
Dammstrasse,37
Dammstrasse,38
Dammstrasse,39
Dammstrasse,40
Dammstrasse,41
Dammstrasse,42
Deroystrasse,1
Deroystrasse,2
Deroystrasse,3
Deroystrasse,4
Deroystrasse,5
Deroystrasse,6
Deroystrasse,7
Deroystrasse,8
Deroystrasse,9
Deroystrasse,10
Destouchesstrasse,1
Destouchesstrasse,2
Destouchesstrasse,3
Dianastrasse,1
Dianastrasse,2
Dianastrasse,3
Dienerstrasse,1
Dienerstrasse,2
Dienerstrasse,3
Dienerstrasse,4
Dienerstrasse,5
Dienerstrasse,6
Dienerstrasse,7
Dienerstrasse,8
Dienerstrasse,9
Dienerstrasse,10
Dienerstrasse,11
Dienerstrasse,12
Dienerstrasse,13
Dienerstrasse,14
Dienerstrasse,15
Dienerstrasse,16
Dienerstrasse,17
Dienerstrasse,18
Dienerstrasse,19
Dienerstrasse,20
Dienerstrasse,21
Dienerstrasse,22
Dienerstrasse,23
Dienerstrasse,24
Dienerstrasse,25
Dienerstrasse,26
Dienerstrasse,27
Dienerstrasse,28
Dienerstrasse,29
Dienerstrasse,30
Dienerstrasse,31
Dienerstrasse,32
Dienerstrasse,33
Dienerstrasse,34
Dienerstrasse,35
Dienerstrasse,36
Dienerstrasse,37
Dienerstrasse,38
Dienerstrasse,39
Dienerstrasse,40
Dienerstrasse,41
Dienerstrasse,42
Dienerstrasse,43
Dienerstrasse,44
Dienerstrasse,45
Dienerstrasse,46
Dienerstrasse,47
Dienerstrasse,48
Dienerstrasse,49
Dienerstrasse,50
Dienerstrasse,51
Dienerstrasse,52
Dienerstrasse,53
Dienerstrasse,54
Dienerstrasse,55
Dienerstrasse,56
Dienerstrasse,57
Dienerstrasse,58
Dienerstrasse,59
Dienerstrasse,60
Dienerstrasse,61
Dienerstrasse,62
Dienerstrasse,63
Dienerstrasse,64
Dienerstrasse,65
Dienerstrasse,66
Dienerstrasse,67
Dienerstrasse,68
Dienerstrasse,69
Dienerstrasse,70
Dienerstrasse,71
Dienerstrasse,72
Dienerstrasse,73
Dienerstrasse,74
Dienerstrasse,75
Dienerstrasse,76
Dienerstrasse,77
Dienerstrasse,78
Dienerstrasse,79
Dienerstrasse,80
Dienerstrasse,81
Dienerstrasse,82
Dienerstrasse,83
Dienerstrasse,84
Dienerstrasse,85
Dienerstrasse,86
Dienerstrasse,87
Dienerstrasse,88
Dienerstrasse,89
Dienerstrasse,90
Dreifaltigkeitsplatz,1
Dreifaltigkeitsplatz,2
Dreifaltigkeitsplatz,3
Dreimuehlenstrasse,1
Dreimuehlenstrasse,2
Dreimuehlenstrasse,3
Dreimuehlenstrasse,4
Dreimuehlenstrasse,5
Dreimuehlenstrasse,6
Dreimuehlenstrasse,7
Dreimuehlenstrasse,8
Dreimuehlenstrasse,9
Dreimuehlenstrasse,10
Dreimuehlenstrasse,11
Dreimuehlenstrasse,12
Dreimuehlenstrasse,13
Dreimuehlenstrasse,14
Dreimuehlenstrasse,15
Dreimuehlenstrasse,16
Dreimuehlenstrasse,17
Duernbraeugasse,1
Dultplatz,1
Dultplatz,2
Dultplatz,3
Dultplatz,4
Dultplatz,5
Dultplatz,6
Dultplatz,7
Dultplatz,8
Dultplatz,9
Dultplatz,10
Dultplatz,11
Dultplatz,12
Dultplatz,13
Dultplatz,14
Dultplatz,15
Dultplatz,16
Dultplatz,17
Dultplatz,18
Dultplatz,19
Dultplatz,20
Dultplatz,21
Dultplatz,22
Dultplatz,23
Dultplatz,24
Dultplatz,25
Dultstaendzwinger,1
Dultstaendzwinger,2
Dultstaendzwinger,3
Dultstrasse,1
Dultstrasse,2
Dultstrasse,3
Dultstrasse,4
Dultstrasse,5
Dultstrasse,6
Dultstrasse,7
Dultstrasse,8
Dultstrasse,9
Dultstrasse,10
Dultstrasse,11
Dultstrasse,12
Dultstrasse,13
Edlingerplatz,1
Edlingerstrasse,1
Edlingerstrasse,2
Edlingerstrasse,3
Edlingerstrasse,4
Edlingerstrasse,5
Edlingerstrasse,6
Edlingerstrasse,7
Edlingerstrasse,8
Edlingerstrasse,9
Edlingerstrasse,10
Edlingerstrasse,11
Edlingerstrasse,12
Edlingerstrasse,13
Edlingerstrasse,14
Edlingerstrasse,15
Edlingerstrasse,16
Edlingerstrasse,17
Edlingerstrasse,18
Edlingerstrasse,19
Edlingerstrasse,20
Edlingerstrasse,21
Edlingerstrasse,22
Edlingerstrasse,23
Edlingerstrasse,24
Edlingerstrasse,25
Edlingerstrasse,26
Edlingerstrasse,27
Edlingerstrasse,28
Eggernstrasse,1
Eggernstrasse,2
Eggernstrasse,3
Eggernstrasse,4
Eggernstrasse,5
Eggernstrasse,6
Eggernstrasse,7
Eggernstrasse,8
Eggernstrasse,9
Ehrengutstrasse,1
Ehrengutstrasse,2
Ehrengutstrasse,3
Ehrengutstrasse,4
Ehrengutstrasse,5
Ehrengutstrasse,6
Ehrengutstrasse,7
Eingstrasse,1
Eingstrasse,2
Eingstrasse,3
Eingstrasse,4
Eingstrasse,5
Eingstrasse,6
Eingstrasse,7
Eingstrasse,8
Einschuett,1
Einschuett,2
Einschuett,3
Einschuett,4
Einschuett,5
Einschuett,6
Einschuett,7
Einschuett,8
Einschuett,9
Einschuett,10
Einschuett,11
Einschuett,12
Eintrachtstrasse,1
Eintrachtstrasse,2
Eintrachtstrasse,3
Eintrachtstrasse,4
Eintrachtstrasse,5
Eintrachtstrasse,6
Eintrachtstrasse,7
Eintrachtstrasse,8
Eintrachtstrasse,9
Eintrachtstrasse,10
Eintrachtstrasse,11
Eintrachtstrasse,12
Eintrachtstrasse,13
Eintrachtstrasse,14
Eintrachtstrasse,15
Eintrachtstrasse,16
Eintrachtstrasse,17
Eintrachtstrasse,18
Eintrachtstrasse,19
Eintrachtstrasse,20
Eintrachtstrasse,21
Eintrachtstrasse,22
Eintrachtstrasse,23
Eintrachtstrasse,24
Eintrachtstrasse,25
Eintrachtstrasse,26
Eintrachtstrasse,27
Eintrachtstrasse,28
Eintrachtstrasse,29
Eintrachtstrasse,30
Eintrachtstrasse,31
Eintrachtstrasse,32
Eintrachtstrasse,33
Eintrachtstrasse,34
Eintrachtstrasse,35
Eintrachtstrasse,36
Eisbachstrasse,1
Eisbachstrasse,2
Eisbachstrasse,3
Eisbachstrasse,4
Eisbachstrasse,5
Eisbachstrasse,6
Eisbachstrasse,7
Eisbachstrasse,8
Eisbachstrasse,9
Eisbachstrasse,10
Eisbachstrasse,11
Eisbachstrasse,12
Eisenmannstrasse,1
Eisenmannstrasse,2
Eisenmannstrasse,3
Eisenmannstrasse,4
Eisner - Weg,1
Eisner - Weg,2
Elisenstrasse,1
Elisenstrasse,2
Elisenstrasse,3
Elisenstrasse,4
Elisenstrasse,5
Elisenstrasse,6
Elisenstrasse,7
Elisenstrasse,8
Elsassstrasse,1
Elsassstrasse,2
Elsassstrasse,3
Elsassstrasse,4
Elsassstrasse,5
Elsassstrasse,6
Elsassstrasse,7
Elsassstrasse,8
Elsassstrasse,9
Elsassstrasse,10
Elsassstrasse,11
Elsassstrasse,12
Elsassstrasse,13
Elsassstrasse,14
Elsassstrasse,15
Elsassstrasse,16
Elsassstrasse,17
Elsassstrasse,18
Elsassstrasse,19
Elsassstrasse,20
Elsassstrasse,21
Elsassstrasse,22
Elsassstrasse,23
Elsassstrasse,24
Elsassstrasse,25
Elsassstrasse,26
Elsassstrasse,27
Elsassstrasse,28
Elsassstrasse,29
Elsassstrasse,30
Elsassstrasse,31
Elsassstrasse,32
Elsassstrasse,33
Elvirastrasse,1
Elvirastrasse,2
Elvirastrasse,3
Elvirastrasse,4
Elvirastrasse,5
Elvirastrasse,6
Elvirastrasse,7
Elvirastrasse,8
Elvirastrasse,9
Elvirastrasse,10
Elvirastrasse,11
Elvirastrasse,12
Elvirastrasse,13
Elvirastrasse,14
Elvirastrasse,15
Elvirastrasse,16
Elvirastrasse,17
Elvirastrasse,18
Elvirastrasse,19
Elvirastrasse,20
Elvirastrasse,21
Elvirastrasse,22
Elvirastrasse,23
Elvirastrasse,24
Elvirastrasse,25
Elvirastrasse,26
Elvirastrasse,27
Elvirastrasse,28
Elvirastrasse,29
Emanuelstrasse,1
Emanuelstrasse,2
Emanuelstrasse,3
Emanuelstrasse,4
Emanuelstrasse,5
Emanuelstrasse,6
Emanuelstrasse,7
Emanuelstrasse,8
Emanuelstrasse,9
Emanuelstrasse,10
Emanuelstrasse,11
Emanuelstrasse,12
Emanuelstrasse,13
Emanuelstrasse,14
Emanuelstrasse,15
Emanuelstrasse,16
Emanuelstrasse,17
Emanuelstrasse,18
Emanuelstrasse,19
Emanuelstrasse,20
Emanuelstrasse,21
Emanuelstrasse,22
Emanuelstrasse,23
Emanuelstrasse,24
Emanuelstrasse,25
Emanuelstrasse,26
Emanuelstrasse,27
Englischer Garten,1
Englischer Garten,2
Englischer Garten,3
Englischer Garten,4
Englischer Garten,5
Englischer Garten,6
Enhuberstrasse,1
Enhuberstrasse,2
Enhuberstrasse,3
Enhuberstrasse,4
Enhuberstrasse,5
Enhuberstrasse,6
Enhuberstrasse,7
Enhuberstrasse,8
Enhuberstrasse,9
Enhuberstrasse,10
Enhuberstrasse,11
Enhuberstrasse,12
Entenbachstrasse,1
Entenbachstrasse,2
Entenbachstrasse,3
Entenbachstrasse,4
Entenbachstrasse,5
Entenbachstrasse,6
Entenbachstrasse,7
Entenbachstrasse,8
Entenbachstrasse,9
Entenbachstrasse,10
Entenbachstrasse,11
Entenbachstrasse,12
Entenbachstrasse,13
Entenbachstrasse,14
Entenbachstrasse,15
Entenbachstrasse,16
Entenbachstrasse,17
Entenbachstrasse,18
Entenbachstrasse,19
Entenbachstrasse,20
Entenbachstrasse,21
Entenbachstrasse,22
Entenbachstrasse,23
Entenbachstrasse,24
Entenbachstrasse,25
Entenbachstrasse,26
Entenbachstrasse,27
Entenbachstrasse,28
Entenbachstrasse,29
Entenbachstrasse,30
Entenbachstrasse,31
Entenbachstrasse,32
Entenbachstrasse,33
Entenbachstrasse,34
Entenbachstrasse,35
Entenbachstrasse,36
Entenbachstrasse,37
Entenbachstrasse,38
Entenbachstrasse,39
Entenbachstrasse,40
Entenbachstrasse,41
Entenbachstrasse,42
Entenbachstrasse,43
Entenbachstrasse,44
Entenbachstrasse,45
Entenbachstrasse,46
Entenbachstrasse,47
Entenbachstrasse,48
Entenbachstrasse,49
Entenbachstrasse,50
Entenbachstrasse,51
Entenbachstrasse,52
Entenbachstrasse,53
Entenbachstrasse,54
Entenbachstrasse,55
Entenbachstrasse,56
Entenbachstrasse,57
Entenbachstrasse,58
Entenbachstrasse,59
Entenbachstrasse,60
Entenbachstrasse,61
Entenbachstrasse,62
Entenbachstrasse,63
Entenbachstrasse,64
Entenbachstrasse,65
Entenbachstrasse,66
Entenbachstrasse,67
Entenbachstrasse,68
Entenbachstrasse,69
Entenbachstrasse,70
Entenbachstrasse,71
Entenbachstrasse,72
Entenbachstrasse,73
Entenbachstrasse,74
Entenbachstrasse,75
Entenbachstrasse,76
Entenbachstrasse,77
Entenbachstrasse,78
Entenbachstrasse,79
Entenbachstrasse,80
Entenbachstrasse,81
Entenbachstrasse,82
Entenbachstrasse,83
Entenbachstrasse,84
Entenbachstrasse,85
Entenbachstrasse,86
Entenbachstrasse,87
Entenbachstrasse,88
Entenbachstrasse,89
Entenbachstrasse,90
Entenbachstrasse,91
Entenbachstrasse,92
Entenbachstrasse,93
Entenbachstrasse,94
Entenbachstrasse,95
Entenbachstrasse,96
Entenbachstrasse,97
Entenbachstrasse,98
Entenbachstrasse,99
Entenbachstrasse,100
Entenbachstrasse,101
Entenbachstrasse,102
Entenbachstrasse,103
Entenbachstrasse,104
Entenbachstrasse,105
Entenbachstrasse,106
Entenbachstrasse,107
Entenbachstrasse,108
Entenbachstrasse,109
Entenbachstrasse,110
Entenbachstrasse,111
Entenbachstrasse,112
Entenbachstrasse,113
Entenbachstrasse,114
Entenbachstrasse,115
Entenbachstrasse,116
Entenbachstrasse,117
Entenbachstrasse,118
Entenbachstrasse,119
Entenbachstrasse,120
Entenbachstrasse,121
Entenbachstrasse,122
Entenbachstrasse,123
Entenbachstrasse,124
Entenbachstrasse,125
Entenbachstrasse,126
Entenbachstrasse,127
Entenbachstrasse,128
Entenbachstrasse,129
Entenbachstrasse,130
Entenbachstrasse,131
Entenbachstrasse,132
Entenbachstrasse,133
Entenbachstrasse,134
Entenbachstrasse,135
Entenbachstrasse,136
Entenbachstrasse,137
Entenbachstrasse,138
Entenbachstrasse,139
Entenbachstrasse,140
Entenbachstrasse,141
Entenbachstrasse,142
Entenbachstrasse,143
Entenbachstrasse,144
Entenbachstrasse,145
Entenbachstrasse,146
Entenbachstrasse,147
Entenbachstrasse,148
Entenbachstrasse,149
Entenbachstrasse,150
Entenbachstrasse,151
Entenbachstrasse,152
Entenbachstrasse,153
Entenbachstrasse,154
Entenbachstrasse,155
Entenbachstrasse,156
Entenbachstrasse,157
Entenbachstrasse,158
Entenbachstrasse,159
Entenbachstrasse,160
Entenbachstrasse,161
Entenbachstrasse,162
Entenbachstrasse,163
Entenbachstrasse,164
Entenbachstrasse,165
Entenbachstrasse,166
Entenbachstrasse,167
Entenbachstrasse,168
Entenbachstrasse,169
Entenbachstrasse,170
Entenbachstrasse,171
Entenbachstrasse,172
Entenbachstrasse,173
Entenbachstrasse,174
Entenbachstrasse,175
Entenbachstrasse,176
Entenbachstrasse,177
Entenbachstrasse,178
Entenbachstrasse,179
Entenbachstrasse,180
Entenbachstrasse,181
Entenbachstrasse,182
Entenbachstrasse,183
Entenbachstrasse,184
Entenbachstrasse,185
Entenbachstrasse,186
Entenbachstrasse,187
Entenbachstrasse,188
Entenbachstrasse,189
Entenbachstrasse,190
Entenbachstrasse,191
Entenbachstrasse,192
Entenbachstrasse,193
Entenbachstrasse,194
Entenbachstrasse,195
Entenbachstrasse,196
Entenbachstrasse,197
Erhardtstrasse,1
Erhardtstrasse,2
Erhardtstrasse,3
Erhardtstrasse,4
Erhardtstrasse,5
Erhardtstrasse,6
Erhardtstrasse,7
Erhardtstrasse,8
Erhardtstrasse,9
Erhardtstrasse,10
Erhardtstrasse,11
Erhardtstrasse,12
Erhardtstrasse,13
Erhardtstrasse,14
Erhardtstrasse,15
Erhardtstrasse,16
Erhardtstrasse,17
Erhardtstrasse,18
Erhardtstrasse,19
Erhardtstrasse,20
Erhardtstrasse,21
Erhardtstrasse,22
Erhardtstrasse,23
Erhardtstrasse,24
Erhardtstrasse,25
Erhardtstrasse,26
Erhardtstrasse,27
Erhardtstrasse,28
Erhardtstrasse,29
Erhardtstrasse,30
Erhardtstrasse,31
Erzgiessereistrasse,1
Erzgiessereistrasse,2
Erzgiessereistrasse,3
Erzgiessereistrasse,4
Erzgiessereistrasse,5
Erzgiessereistrasse,6
Erzgiessereistrasse,7
Erzgiessereistrasse,8
Erzgiessereistrasse,9
Erzgiessereistrasse,10
Erzgiessereistrasse,11
Erzgiessereistrasse,12
Erzgiessereistrasse,13
Erzgiessereistrasse,14
Erzgiessereistrasse,15
Erzgiessereistrasse,16
Erzgiessereistrasse,17
Erzgiessereistrasse,18
Erzgiessereistrasse,19
Erzgiessereistrasse,20
Erzgiessereistrasse,21
Erzgiessereistrasse,22
Erzgiessereistrasse,23
Erzgiessereistrasse,24
Erzgiessereistrasse,25
Erzgiessereistrasse,26
Erzgiessereistrasse,27
Erzgiessereistrasse,28
Erzgiessereistrasse,29
Erzgiessereistrasse,30
Erzgiessereistrasse,31
Erzgiessereistrasse,32
Erzgiessereistrasse,33
Erzgiessereistrasse,34
Erzgiessereistrasse,35
Erzgiessereistrasse,36
Erzgiessereistrasse,37
Erzgiessereistrasse,38
Erzgiessereistrasse,39
Erzgiessereistrasse,40
Erzgiessereistrasse,41
Erzgiessereistrasse,42
Erzgiessereistrasse,43
Erzgiessereistrasse,44
Erzgiessereistrasse,45
Erzgiessereistrasse,46
Erzgiessereistrasse,47
Erzgiesserstrasse,1
Erzgiesserstrasse,2
Erzgiesserstrasse,3
Erzgiesserstrasse,4
Erzgiesserstrasse,5
Erzgiesserstrasse,6
Erzgiesserstrasse,7
Erzgiesserstrasse,8
Erzgiesserstrasse,9
Erzgiesserstrasse,10
Erzgiesserstrasse,11
Erzgiesserstrasse,12
Erzgiesserstrasse,13
Erzgiesserstrasse,14
Erzgiesserstrasse,15
Erzgiesserstrasse,16
Erzgiesserstrasse,17
Erzgiesserstrasse,18
Erzgiesserstrasse,19
Erzgiesserstrasse,20
Erzgiesserstrasse,21
Erzgiesserstrasse,22
Erzgiesserstrasse,23
Erzgiesserstrasse,24
Erzgiesserstrasse,25
Erzgiesserstrasse,26
Erzgiesserstrasse,27
Erzgiesserstrasse,28
Erzgiesserstrasse,29
Erzgiesserstrasse,30
Erzgiesserstrasse,31
Erzgiesserstrasse,32
Erzgiesserstrasse,33
Erzgiesserstrasse,34
Erzgiesserstrasse,35
Erzgiesserstrasse,36
Erzgiesserstrasse,37
Exc.,1
Exc.,2
Exc.,3
Exc.,4
Exc.,5
Exc.,6
Exc.,7
Exc.,8
Exc.,9
Exc.,10
Exc.,11
Exc.,12
Exc.,13
Exc.,14
Exc.,15
Exc.,16
Exc.,17
Exc.,18
Exc.,19
Exc.,20
Exc.,21
Exc.,22
Exc.,23
Exc.,24
Exc.,25
Exc.,26
Exc.,27
Exc.,28
Exc.,29
Exc.,30
Exc.,31
Exc.,32
Exc.,33
Exc.,34
Exc.,35
Exc.,36
Exc.,37
Exc.,38
Exc.,39
Exc.,40
Exc.,41
Exc.,42
Exc.,43
Exc.,44
Exc.,45
Exc.,46
Exc.,47
Exc.,48
Exc.,49
Exc.,50
Exc.,51
Exc.,52
Exc.,53
Exc.,54
Exc.,55
Exc.,56
Exc.,57
Exc.,58
Exc.,59
Exc.,60
Exc.,61
Exc.,62
Fabrikstrasse,1
Fabrikstrasse,2
Fabrikstrasse,3
Fabrikstrasse,4
Fabrikstrasse,5
Fabrikstrasse,6
Fabrikstrasse,7
Fabrikstrasse,8
Fabrikstrasse,9
Fabrikstrasse,10
Fabrikstrasse,11
Fabrikstrasse,12
Fabrikstrasse,13
Fabrikstrasse,14
Fabrikstrasse,15
Fabrikstrasse,16
Fabrikstrasse,17
Fabrikstrasse,18
Fabrikstrasse,19
Fabrikstrasse,20
Fabrikstrasse,21
Fabrikstrasse,22
Fabrikstrasse,23
Fabrikstrasse,24
Fabrikstrasse,25
Fabrikstrasse,26
Fabrikstrasse,27
Fabrikstrasse,28
Fabrikweg,1
Fabrikweg,2
Fabrikweg,3
Fabrikweg,4
Fabrikweg,5
Fabrikweg,6
Fabrikweg,7
Fabrikweg,8
Fabrikweg,9
Fabrikweg,10
Faerbergraben,1
Faerbergraben,2
Faerbergraben,3
Faerbergraben,4
Faerbergraben,5
Faerbergraben,6
Faerbergraben,7
Faerbergraben,8
Faerbergraben,9
Faerbergraben,10
Faerbergraben,11
Faerbergraben,12
Faerbergraben,13
Faerbergraben,14
Faerbergraben,15
Faerbergraben,16
Faerbergraben,17
Faerbergraben,18
Faerbergraben,19
Faerbergraben,20
Faerbergraben,21
Faerbergraben,22
Faerbergraben,23
Faerbergraben,24
Faerbergraben,25
Faerbergraben,26
Faerbergraben,27
Faerbergraben,28
Faerbergraben,29
Faerbergraben,30
Faerbergraben,31
Faerbergraben,32
Faerbergraben,33
Faerbergraben,34
Faerbergraben,35
Faerbergraben,36
Faerbergraben,37
Faerbergraben,38
Faerbergraben,39
Falkengaessel,1
Falkengaessel,2
Falkengaessel,3
Falkengaessel,4
Falkengaessel,5
Falkengaessel,6
Falkengaessel,7
Falkengaessel,8
Falkengaessel,9
Falkengaessel,10
Falkengaessel,11
Falkengaessel,12
Falkengaessel,13
Falkengaessel,14
Falkengaessel,15
Falkengaessel,16
Falkengaessel,17
Falkengaessel,18
Falkengaessel,19
Falkengaessel,20
Falkengaessel,21
Falkengaessel,22
Falkengaessel,23
Falkengaessel,24
Falkengaessel,25
Falkengaessel,26
Falkengaessel,27
Falkengaessel,28
Falkengaessel,29
Falkengaessel,30
Falkengaessel,31
Falkengaessel,32
Falkengaessel,33
Falkengaessel,34
Falkengaessel,35
Falkengaessel,36
Falkengaessel,37
Falkengaessel,38
Falkengaessel,39
Falkengaessel,40
Falkengaessel,41
Falkengaessel,42
Falkengaessel,43
Falkengaessel,44
Falkengaessel,45
Falkengaessel,46
Falkengaessel,47
Falkengaessel,48
Falkengaessel,49
Falkengaessel,50
Falkengaessel,51
Falkengaessel,52
Falkengaessel,53
Falkengaessel,54
Falkengaessel,55
Falkenstrasse,1
Falkenstrasse,2
Falkenstrasse,3
Falkenstrasse,4
Falkenstrasse,5
Falkenstrasse,6
Falkenstrasse,7
Falkenstrasse,8
Falkenstrasse,9
Falkenstrasse,10
Falkenstrasse,11
Falkenstrasse,12
Falkenstrasse,13
Falkenstrasse,14
Falkenstrasse,15
Falkenstrasse,16
Falkenstrasse,17
Falkenstrasse,18
Falkenstrasse,19
Falkenstrasse,20
Falkenstrasse,21
Falkenstrasse,22
Falkenstrasse,23
Falkenstrasse,24
Falkenstrasse,25
Falkenstrasse,26
Falkenstrasse,27
Falkenstrasse,28
Falkenstrasse,29
Falkenstrasse,30
Falkenstrasse,31
Falkenstrasse,32
Falkenstrasse,33
Falkenstrasse,34
Falkenstrasse,35
Falkenstrasse,36
Falkenstrasse,37
Falkenstrasse,38
Falkenstrasse,39
Falkenstrasse,40
Falkenstrasse,41
Falkenstrasse,42
Falkenstrasse,43
Falkenstrasse,44
Falkenstrasse,45
Falkenstrasse,46
Falkenstrasse,47
Falkenstrasse,48
Falkenstrasse,49
Falkenstrasse,50
Falkenstrasse,51
Falkenstrasse,52
Falkenstrasse,53
Falkenstrasse,54
Falkenstrasse,55
Falkenthurmg,1
Falkenthurmg,2
Falkenthurmg,3
Falkenthurmg,4
Falkenthurmg,5
Falkenturmstrasse,1
Falkenturmstrasse,2
Falkenturmstrasse,3
Falkenturmstrasse,4
Falkenturmstrasse,5
Falkenturmstrasse,6
Fallmerayerstrasse,1
Fallmerayerstrasse,2
Fallmerayerstrasse,3
Fallmerayerstrasse,4
Fallmerayerstrasse,5
Fallmerayerstrasse,6
Fallmerayerstrasse,7
Fallmerayerstrasse,8
Fallmerayerstrasse,9
Fallmerayerstrasse,10
Fallmerayerstrasse,11
Fallmerayerstrasse,12
Fallmerayerstrasse,13
Fallmerayerstrasse,14
Fallmerayerstrasse,15
Fallmerayerstrasse,16
Fallmerayerstrasse,17
Fallmerayerstrasse,18
Fallmerayerstrasse,19
Fallmerayerstrasse,20
Fallmerayerstrasse,21
Fallmerayerstrasse,22
Fallmerayerstrasse,23
Fallmerayerstrasse,24
Fallmerayerstrasse,25
Fallmerayerstrasse,26
Fallmerayerstrasse,27
Fallmerayerstrasse,28
Fasanengarten,1
Fasaneriestrasse,1
Fasaneriestrasse,2
Fasaneriestrasse,3
Fasaneriestrasse,4
Fasaneriestrasse,5
Fasaneriestrasse,6
Fasaneriestrasse,7
Fasanerieweg,1
Fasanerieweg,2
Fasanerieweg,3
Fasanerieweg,4
Fasanerieweg,5
Fasanerieweg,6
Fasanerieweg,7
Fasanerieweg,8
Fasanerieweg,9
Fasanerieweg,10
Fasanerieweg,11
Fasanerieweg,12
Fasanerieweg,13
Fasanerieweg,14
Fasanerieweg,15
Fasanerieweg,16
Fasanerieweg,17
Fasanerieweg,18
Feilitzschstrasse,1
Feilitzschstrasse,2
Feilitzschstrasse,3
Feilitzschstrasse,4
Feilitzschstrasse,5
Feilitzschstrasse,6
Feilitzschstrasse,7
Feilitzschstrasse,8
Feilitzschstrasse,9
Feilitzschstrasse,10
Feilitzschstrasse,11
Feilitzschstrasse,12
Feilitzschstrasse,13
Feilitzschstrasse,14
Feilitzschstrasse,15
Feilitzschstrasse,16
Feilitzschstrasse,17
Feldweg,1
Feldweg,2
Feldweg,3
Feldweg,4
Feldweg,5
Feldweg,6
Feldweg,7
Fendstrasse,1
Fendstrasse,2
Fendstrasse,3
Fendstrasse,4
Fendstrasse,5
Fendstrasse,6
Filserbraeugasse,1
Filserbraeugasse,2
Filserbraeugasse,3
Filserbraeugasse,4
Filserbraeugasse,5
Filserbraeugasse,6
Filserbraeugasse,7
Findlingstrasse,1
Findlingstrasse,2
Findlingstrasse,3
Findlingstrasse,4
Findlingstrasse,5
Findlingstrasse,6
Findlingstrasse,7
Findlingstrasse,8
Findlingstrasse,9
Findlingstrasse,10
Findlingstrasse,11
Findlingstrasse,12
Findlingstrasse,13
Findlingstrasse,14
Findlingstrasse,15
Findlingstrasse,16
Findlingstrasse,17
Findlingstrasse,18
Findlingstrasse,19
Findlingstrasse,20
Findlingstrasse,21
Findlingstrasse,22
Findlingstrasse,23
Findlingstrasse,24
Findlingstrasse,25
Findlingstrasse,26
Findlingstrasse,27
Findlingstrasse,28
Findlingstrasse,29
Findlingstrasse,30
Findlingstrasse,31
Findlingstrasse,32
Findlingstrasse,33
Findlingstrasse,34
Findlingstrasse,35
Findlingstrasse,36
Findlingstrasse,37
Findlingstrasse,38
Findlingstrasse,39
Findlingstrasse,40
Findlingstrasse,41
Findlingstrasse,42
Findlingstrasse,43
Findlingstrasse,44
Findlingstrasse,45
Findlingstrasse,46
Findlingstrasse,47
Findlingstrasse,48
Fingergasse,1
Fingergasse,2
Fingergasse,3
Fingergasse,4
Fingergasse,5
Fingergasse,6
Fingergasse,7
Fingergasse,8
Fingergasse,9
Finkenstrasse,1
Finkenstrasse,2
Finkenstrasse,3
Finkenstrasse,4
Fischergasse,1
Fischergasse,2
Fischergasse,3
Fischergasse,4
Fischergasse,5
Fischergasse,6
Fischergasse,7
Fischergasse,8
Fischergasse,9
Fischergasse,10
Fischergasse,11
Fischergasse,12
Fischergasse,13
Fischergasse,14
Fischergasse,15
Fischergasse,16
Fischergasse,17
Fischergasse,18
Fischergasse,19
Fischergasse,20
Fischergasse,21
Fischergasse,22
Fischergasse,23
Fischergasse,24
Fischergasse,25
Fischergasse,26
Fischergasse,27
Fischergasse,28
Fischergasse,29
Fischergasse,30
Fischergasse,31
Fischergasse,32
Fischergasse,33
Fischergasse,34
Fischergasse,35
Fischergasse,36
Fischergasse,37
Fischergasse,38
Fischergasse,39
Fischergasse,40
Fischergasse,41
Fischergasse,42
Fischergasse,43
Fischergasse,44
Fischergasse,45
Fischergasse,46
Fischergasse,47
Fischergasse,48
Fischergasse,49
Fischergasse,50
Fischergasse,51
Fischergasse,52
Fischergasse,53
Fischergasse,54
Fischergasse,55
Fischergasse,56
Fischergasse,57
Fischergasse,58
Fischergasse,59
Fischergasse,60
Fischergasse,61
Fischergasse,62
Fischergasse,63
Fischergasse,64
Fischergasse,65
Fischergasse,66
Fischergasse,67
Fischergasse,68
Fischergasse,69
Fischergasse,70
Fischergasse,71
Fischergasse,72
Fischergasse,73
Fischergasse,74
Fischergasse,75
Fischergasse,76
Fischergasse,77
Fischergasse,78
Fischergasse,79
Fischergasse,80
Fischergasse,81
Fischergasse,82
Fischergasse,83
Fischergasse,84
Fischergasse,85
Fischergasse,86
Fischergasse,87
Fischergasse,88
Fischergasse,89
Fischergasse,90
Fischergasse,91
Fischergasse,92
Fischergasse,93
Fischergasse,94
Fischergasse,95
Fischergasse,96
Fischergasse,97
Fischergasse,98
Fischergasse,99
Fischergasse,100
Fischergasse,101
Fischergasse,102
Fischergasse,103
Fischergasse,104
Fischergasse,105
Fischergasse,106
Fischergasse,107
Fischergasse,108
Fischergasse,109
Fischergasse,110
Fischergasse,111
Fischergasse,112
Fischergasse,113
Fischergasse,114
Fischergasse,115
Fischergasse,116
Fischergasse,117
Fischergasse,118
Fischergasse,119
Fischergasse,120
Fischergasse,121
Fischergasse,122
Fischergasse,123
Fischergasse,124
Fischergasse,125
Fischergasse,126
Fischergasse,127
Fischergasse,128
Fischergasse,129
Fischergasse,130
Fischergasse,131
Fischergasse,132
Fischergasse,133
Fischergasse,134
Fischergasse,135
Fischergasse,136
Fischergasse,137
Fischergasse,138
Fischergasse,139
Fischergasse,140
Fischergasse,141
Fischergasse,142
Fischergasse,143
Fischergasse,144
Fischergasse,145
Fischergasse,146
Fischergasse,147
Fischergasse,148
Fischergasse,149
Fischergasse,150
Fischergasse,151
Fischergasse,152
Fischergasse,153
Fischergasse,154
Fischergasse,155
Fischergasse,156
Fischergasse,157
Fischergasse,158
Fischergasse,159
Fischergasse,160
Fischergasse,161
Fischergasse,162
Fischergasse,163
Fischergasse,164
Fischergasse,165
Fischergasse,166
Fischergasse,167
Fischergasse,168
Fischergasse,169
Fischergasse,170
Fischergasse,171
Fischergasse,172
Fischergasse,173
Fischergasse,174
Fischergasse,175
Fischergasse,176
Fischergasse,177
Fischergasse,178
Fischergasse,179
Fischergasse,180
Fischergasse,181
Fischergasse,182
Fischergasse,183
Fischergasse,184
Fischergasse,185
Fischergasse,186
Fischergasse,187
Fischergasse,188
Fischergasse,189
Fischergasse,190
Fischergasse,191
Fischergasse,192
Fischergasse,193
Fischergasse,194
Fischergasse,195
Fischergasse,196
Fischergasse,197
Fischergasse,198
Fischergasse,199
Fischergasse,200
Fischergasse,201
Fischergasse,202
Fischergasse,203
Fischergasse,204
Fischergasse,205
Fischergasse,206
Fischergasse,207
Fischergasse,208
Fischergasse,209
Fischergasse,210
Fischergasse,211
Fischergasse,212
Fischergasse,213
Fischergasse,214
Fischergasse,215
Fischergasse,216
Fischergasse,217
Fischergasse,218
Fischergasse,219
Fischergasse,220
Fischergasse,221
Fischergasse,222
Fischergasse,223
Fischergasse,224
Fischergasse,225
Fischergasse,226
Fischergasse,227
Fischergasse,228
Fischergasse,229
Fischergasse,230
Fischergasse,231
Fischergasse,232
Fischergasse,233
Fischergasse,234
Fischergasse,235
Fischergasse,236
Fischergasse,237
Fischergasse,238
Fischergasse,239
Fischergasse,240
Fischergasse,241
Fischergasse,242
Fischergasse,243
Fischergasse,244
Fischergasse,245
Fischergasse,246
Fischergasse,247
Fischergasse,248
Fischergasse,249
Fischergasse,250
Fischergasse,251
Fischergasse,252
Fischergasse,253
Fischergasse,254
Fischergasse,255
Fischergasse,256
Fischergasse,257
Fischergasse,258
Fischergasse,259
Fischergasse,260
Fischergasse,261
Fischergasse,262
Fischergasse,263
Fischergasse,264
Fischergasse,265
Fischergasse,266
Fischergasse,267
Fischergasse,268
Fischergasse,269
Fischergasse,270
Fischergasse,271
Fischergasse,272
Fischergasse,273
Fischergasse,274
Fischergasse,275
Fischergasse,276
Fischergasse,277
Fischergasse,278
Fischergasse,279
Fischergasse,280
Fischergasse,281
Fischergasse,282
Fischergasse,283
Fischergasse,284
Fischergasse,285
Fischergasse,286
Fischergasse,287
Fischergasse,288
Fischergasse,289
Fischergasse,290
Fischergasse,291
Fischergasse,292
Fischergasse,293
Fischergasse,294
Fischergasse,295
Fischergasse,296
Fischergasse,297
Fischergasse,298
Fischergasse,299
Fischergasse,300
Fischergasse,301
Fischergasse,302
Fischergasse,303
Fischergasse,304
Fischergasse,305
Fischergasse,306
Fischergasse,307
Fischergasse,308
Fischergasse,309
Fischergasse,310
Fischergasse,311
Fischergasse,312
Fischergasse,313
Fischergasse,314
Fischergasse,315
Fischergasse,316
Fischergasse,317
Fischergasse,318
Fischergasse,319
Fischergasse,320
Fischergasse,321
Fischergasse,322
Fischergasse,323
Fischergasse,324
Fischergasse,325
Fischergasse,326
Fischergasse,327
Fischergasse,328
Fischergasse,329
Fischergasse,330
Fischergasse,331
Fischergasse,332
Fischergasse,333
Fischergasse,334
Fischergasse,335
Fischergasse,336
Fischergasse,337
Fischergasse,338
Fischergasse,339
Fischergasse,340
Fischergasse,341
Fischergasse,342
Fischergasse,343
Fischergasse,344
Fischergasse,345
Fischergasse,346
Fischergasse,347
Fischergasse,348
Fischergasse,349
Fischergasse,350
Fischergasse,351
Fischergasse,352
Fischergasse,353
Fischergasse,354
Fischergasse,355
Fischergasse,356
Fischergasse,357
Fischergasse,358
Fischergasse,359
Fischergasse,360
Fischergasse,361
Fischergasse,362
Fischergasse,363
Fischergasse,364
Fischergasse,365
Fischergasse,366
Fischergasse,367
Fischergasse,368
Fischergasse,369
Fischergasse,370
Fischergasse,371
Fischergasse,372
Fischergasse,373
Fischergasse,374
Fischergasse,375
Fischergasse,376
Fischergasse,377
Fischergasse,378
Fischergasse,379
Fischergasse,380
Fischergasse,381
Fischergasse,382
Fischergasse,383
Fischergasse,384
Fischergasse,385
Fischergasse,386
Fischergasse,387
Fischergasse,388
Fischergasse,389
Fischergasse,390
Fischergasse,391
Fischergasse,392
Fischergasse,393
Fischergasse,394
Fischergasse,395
Fischergasse,396
Fischergasse,397
Fischergasse,398
Fischergasse,399
Fischergasse,400
Fischergasse,401
Fischergasse,402
Fischergasse,403
Fischergasse,404
Fischergasse,405
Fischergasse,406
Fischergasse,407
Fischergasse,408
Fischergasse,409
Fischergasse,410
Fischergasse,411
Fischergasse,412
Fischergasse,413
Fischergasse,414
Fischergasse,415
Fischergasse,416
Fischergasse,417
Fischergasse,418
Fischergasse,419
Fischergasse,420
Fischergasse,421
Fischergasse,422
Fischergasse,423
Fischergasse,424
Fischergasse,425
Fischergasse,426
Fischergasse,427
Fischergasse,428
Fischergasse,429
Fischergasse,430
Fischergasse,431
Fischergasse,432
Fischergasse,433
Fischergasse,434
Fischergasse,435
Fischergasse,436
Fischergasse,437
Fischergasse,438
Fischergasse,439
Fischergasse,440
Fischergasse,441
Fischergasse,442
Fischergasse,443
Fischergasse,444
Fischergasse,445
Fischergasse,446
Fischergasse,447
Fischergasse,448
Fischergasse,449
Fischergasse,450
Fischergasse,451
Fischergasse,452
Fischergasse,453
Fischergasse,454
Fischergasse,455
Fischergasse,456
Fischergasse,457
Fischergasse,458
Fischergasse,459
Fischergasse,460
Fischergasse,461
Fischergasse,462
Fischergasse,463
Fischergasse,464
Fischergasse,465
Fischergasse,466
Fischergasse,467
Fischergasse,468
Fischergasse,469
Fischergasse,470
Fischergasse,471
Fischergasse,472
Fischergasse,473
Fischergasse,474
Fischergasse,475
Fischergasse,476
Fischergasse,477
Fischergasse,478
Fischergasse,479
Fischergasse,480
Fischergasse,481
Fischergasse,482
Fischergasse,483
Fischerstrasse,1
Fischerstrasse,2
Fischerstrasse,3
Fischerstrasse,4
Fischerstrasse,5
Fischerstrasse,6
Fischerstrasse,7
Fleischerstrasse,1
Fleischerstrasse,2
Fleischerstrasse,3
Fleischerstrasse,4
Fleischerstrasse,5
Fleischerstrasse,6
Fleischerstrasse,7
Fleischerstrasse,8
Fleischerstrasse,9
Fleischerstrasse,10
Fleischerstrasse,11
Fleischerstrasse,12
Fleischerstrasse,13
Fleischerstrasse,14
Fleischerstrasse,15
Fleischerstrasse,16
Fliegenstrasse,1
Fliegenstrasse,2
Fliegenstrasse,3
Fliegenstrasse,4
Fliegenstrasse,5
Fliegenstrasse,6
Fliegenstrasse,7
Fliegenstrasse,8
Floss_r,1
Floss_r,2
Flossstrasse,1
Flossstrasse,2
Flossstrasse,3
Flossstrasse,4
Flossstrasse,5
Flossstrasse,6
Flurgasse,1
Flurgasse,2
Flurstrasse,1
Flurstrasse,2
Flurstrasse,3
Flurstrasse,4
Flurstrasse,5
Forstenrieder Strasse,1
Forstenrieder Strasse,2
Forstenrieder Strasse,3
Forstenrieder Strasse,4
Forstenrieder Strasse,5
Forstenrieder Strasse,6
Forstenrieder Strasse,7
Forstenrieder Strasse,8
Forstenrieder Strasse,9
Forstenrieder Strasse,10
Forstenrieder Strasse,11
Forstenrieder Strasse,12
Forstenrieder Strasse,13
Forstenrieder Strasse,14
Forstenrieder Strasse,15
Forstenrieder Strasse,16
Forstenrieder Strasse,17
Forstenrieder Strasse,18
Forstenrieder Strasse,19
Forstenrieder Strasse,20
Forstenrieder Strasse,21
Forstenrieder Strasse,22
Forstenrieder Strasse,23
Forstenrieder Strasse,24
Forstenrieder Strasse,25
Forstenrieder Strasse,26
Forstenrieder Strasse,27
Forstenrieder Strasse,28
Forstenrieder Strasse,29
Forstenrieder Strasse,30
Forstenrieder Strasse,31
Forstenrieder Strasse,32
Forstenrieder Strasse,33
Forstenrieder Strasse,34
Forstenrieder Strasse,35
Forstenrieder Strasse,36
Forstenrieder Strasse,37
Forstenrieder Strasse,38
Forstenrieder Strasse,39
Forstenrieder Strasse,40
Forstenrieder Strasse,41
Forstenrieder Strasse,42
Forstenrieder Strasse,43
Forstenrieder Strasse,44
Forstenrieder Strasse,45
Forstenrieder Strasse,46
Forstenrieder Strasse,47
Forstenrieder Strasse,48
Forstenrieder Strasse,49
Forstenrieder Strasse,50
Forstenrieder Strasse,51
Forstenrieder Strasse,52
Forstenrieder Strasse,53
Forstenrieder Strasse,54
Forstenrieder Strasse,55
Forstenrieder Strasse,56
Forstenrieder Strasse,57
Forstenrieder Strasse,58
Forstenrieder Strasse,59
Forstenrieder Strasse,60
Forstenrieder Strasse,61
Forstenrieder Strasse,62
Forstenrieder Strasse,63
Forstenrieder Strasse,64
Forstenrieder Strasse,65
Forstenrieder Strasse,66
Forstenrieder Strasse,67
Forstenrieder Strasse,68
Forstenrieder Strasse,69
Forstenrieder Strasse,70
Forstenrieder Strasse,71
Forstenrieder Strasse,72
Forstenrieder Strasse,73
Forstenrieder Strasse,74
Forstenrieder Strasse,75
Forstenrieder Strasse,76
Forstenrieder Strasse,77
Forstenrieder Strasse,78
Forstenrieder Strasse,79
Forstenrieder Strasse,80
Forstenrieder Strasse,81
Forstenrieder Strasse,82
Forstenrieder Strasse,83
Forstenrieder Strasse,84
Forstenrieder Strasse,85
Forstenrieder Strasse,86
Forstenrieder Strasse,87
Forstenrieder Strasse,88
Forstenrieder Strasse,89
Forstenrieder Strasse,90
Forstenrieder Strasse,91
Forstenrieder Strasse,92
Forstenrieder Strasse,93
Forstenrieder Strasse,94
Forstenrieder Strasse,95
Forstenrieder Strasse,96
Forstenrieder Strasse,97
Forstenrieder Strasse,98
Forstenrieder Strasse,99
Forstenrieder Strasse,100
Forstenrieder Strasse,101
Forstenrieder Strasse,102
Forstenrieder Strasse,103
Forstenrieder Strasse,104
Forstenrieder Strasse,105
Forstenrieder Strasse,106
Forstenrieder Strasse,107
Forstenrieder Strasse,108
Forstenrieder Strasse,109
Forstenrieder Strasse,110
Forstenrieder Strasse,111
Forstenrieder Strasse,112
Forstenrieder Strasse,113
Forstenrieder Strasse,114
Forstenrieder Strasse,115
Forstenrieder Strasse,116
Forstenrieder Strasse,117
Forstenrieder Strasse,118
Forstenrieder Strasse,119
Forstenrieder Strasse,120
Forstenrieder Strasse,121
Forstenrieder Strasse,122
Forstenrieder Strasse,123
Forstenrieder Strasse,124
Forstenrieder Strasse,125
Forstenrieder Strasse,126
Forstenrieder Strasse,127
Forstenrieder Strasse,128
Forstenrieder Strasse,129
Forstenrieder Strasse,130
Forstenrieder Strasse,131
Forstenrieder Strasse,132
Forstenrieder Strasse,133
Forstenrieder Strasse,134
Forstenrieder Strasse,135
Forstenrieder Strasse,136
Forstenrieder Strasse,137
Forstenrieder Strasse,138
Forstenrieder Strasse,139
Forstenrieder Strasse,140
Forstenrieder Strasse,141
Forstenrieder Strasse,142
Forstenrieder Strasse,143
Forstenrieder Strasse,144
Forstenrieder Strasse,145
Forstenrieder Strasse,146
Forstenrieder Strasse,147
Forstenrieder Strasse,148
Forstenrieder Strasse,149
Forstenrieder Strasse,150
Forstenrieder Strasse,151
Forstenrieder Strasse,152
Forstenrieder Strasse,153
Forstenrieder Strasse,154
Forstenrieder Strasse,155
Forstenrieder Strasse,156
Forstenrieder Strasse,157
Forstenrieder Strasse,158
Forstenrieder Strasse,159
Forstenrieder Strasse,160
Forstenrieder Strasse,161
Forstenrieder Strasse,162
Forstenrieder Strasse,163
Forstenrieder Strasse,164
Forstenrieder Strasse,165
Forstenrieder Strasse,166
Forstenrieder Strasse,167
Forstenrieder Strasse,168
Forstenrieder Strasse,169
Forstenrieder Strasse,170
Forstenrieder Strasse,171
Forstenrieder Strasse,172
Forstenrieder Strasse,173
Forstenrieder Strasse,174
Forstenrieder Strasse,175
Forstenrieder Strasse,176
Forstenrieder Strasse,177
Forstenrieder Strasse,178
Forstenrieder Strasse,179
Forstenrieder Strasse,180
Franzstrasse,1
Franzstrasse,2
Franzstrasse,3
Franzstrasse,4
Franzstrasse,5
Franzstrasse,6
Franzstrasse,7
Franzstrasse,8
Franzstrasse,9
Franzstrasse,10
Franzstrasse,11
Franzstrasse,12
Franzstrasse,13
Franzstrasse,14
Franzstrasse,15
Franzstrasse,16
Franzstrasse,17
Frauenplatz,1
Frauenplatz,2
Frauenplatz,3
Frauenplatz,4
Frauenplatz,5
Frauenplatz,6
Frauenplatz,7
Frauenplatz,8
Frauenplatz,9
Frauenplatz,10
Frauenplatz,11
Frauenplatz,12
Frauenplatz,13
Frauenplatz,14
Frauenplatz,15
Frauenstrasse,1
Frauenstrasse,2
Frauenstrasse,3
Frauenstrasse,4
Frauenstrasse,5
Frauenstrasse,6
Frauenstrasse,7
Frauenstrasse,8
Frauenstrasse,9
Frauenstrasse,10
Frauenstrasse,11
Frauenstrasse,12
Frauenstrasse,13
Frauenstrasse,14
Frauenstrasse,15
Frauenstrasse,16
Frauenstrasse,17
Frauenstrasse,18
Frauenstrasse,19
Frauenstrasse,20
Frauenstrasse,21
Frauenstrasse,22
Frauenstrasse,23
Frauenstrasse,24
Frauenstrasse,25
Fraunhoferstrasse,1
Fraunhoferstrasse,2
Fraunhoferstrasse,3
Fraunhoferstrasse,4
Fraunhoferstrasse,5
Fraunhoferstrasse,6
Fraunhoferstrasse,7
Fraunhoferstrasse,8
Fraunhoferstrasse,9
Fraunhoferstrasse,10
Fraunhoferstrasse,11
Fraunhoferstrasse,12
Fraunhoferstrasse,13
Fraunhoferstrasse,14
Fraunhoferstrasse,15
Fraunhoferstrasse,16
Fraunhoferstrasse,17
Fraunhoferstrasse,18
Fraunhoferstrasse,19
Fraunhoferstrasse,20
Fraunhoferstrasse,21
Fraunhoferstrasse,22
Fraunhoferstrasse,23
Fraunhoferstrasse,24
Fraunhoferstrasse,25
Fraunhoferstrasse,26
Fraunhoferstrasse,27
Fraunhoferstrasse,28
Fraunhoferstrasse,29
Fraunhoferstrasse,30
Fraunhoferstrasse,31
Fraunhoferstrasse,32
Fraunhoferstrasse,33
Fraunhoferstrasse,34
Fraunhoferstrasse,35
Fraunhoferstrasse,36
Fraunhoferstrasse,37
Fraunhoferstrasse,38
Fraunhoferstrasse,39
Fraunhoferstrasse,40
Fraunhoferstrasse,41
Fraunhoferstrasse,42
Fraunhoferstrasse,43
Fraunhoferstrasse,44
Fraunhoferstrasse,45
Fraunhoferstrasse,46
Fraunhoferstrasse,47
Fraunhoferstrasse,48
Fraunhoferstrasse,49
Fraunhoferstrasse,50
Fraunhoferstrasse,51
Fraunhoferstrasse,52
Fraunhoferstrasse,53
Fraunhoferstrasse,54
Fraunhoferstrasse,55
Fraunhoferstrasse,56
Fraunhoferstrasse,57
Fraunhoferstrasse,58
Fraunhoferstrasse,59
Fraunhoferstrasse,60
Fraunhoferstrasse,61
Fraunhoferstrasse,62
Fraunhoferstrasse,63
Fraunhoferstrasse,64
Fraunhoferstrasse,65
Fraunhoferstrasse,66
Fraunhoferstrasse,67
Fraunhoferstrasse,68
Fraunhoferstrasse,69
Freibad,1
Freibad,2
Freibad,3
Freibad,4
Freibad,5
Freibad,6
Freibad,7
Freibad,8
Freibad,9
Freibad,10
Freibad,11
Freibad,12
Freibad,13
Freibad,14
Freibad,15
Freibad,16
Freibad,17
Freibad,18
Freibad,19
Freibad,20
Freibad,21
Freibad,22
Freibadstrasse,1
Freibadstrasse,2
Freibadstrasse,3
Freibadstrasse,4
Freibadstrasse,5
Freibadstrasse,6
Freibadstrasse,7
Freibadstrasse,8
Freibadstrasse,9
Freibadstrasse,10
Freibadstrasse,11
Freibadstrasse,12
Freibadstrasse,13
Freibadstrasse,14
Freibadstrasse,15
Freibadstrasse,16
Freibadstrasse,17
Freibadstrasse,18
Freibadstrasse,19
Freibadstrasse,20
Freibadstrasse,21
Freibadstrasse,22
Freibadstrasse,23
Freibadstrasse,24
Freibadstrasse,25
Freibadstrasse,26
Freibadstrasse,27
Freibadstrasse,28
Freibadstrasse,29
Freibadstrasse,30
Freibadstrasse,31
Freibadstrasse,32
Freibadstrasse,33
Freibadstrasse,34
Freibadstrasse,35
Freibadstrasse,36
Freibadstrasse,37
Freibadstrasse,38
Freibadstrasse,39
Freibadstrasse,40
Freibadstrasse,41
Freystrasse,1
Freystrasse,2
Freystrasse,3
Freystrasse,4
Freystrasse,5
Freystrasse,6
Freystrasse,7
Freystrasse,8
Freystrasse,9
Freystrasse,10
Friedenheimer Strasse,1
Friedenstrasse,1
Friedenstrasse,2
Friedenstrasse,3
Friedenstrasse,4
Friedenstrasse,5
Friedenstrasse,6
Friedhofgasse,1
Friedhofgasse,2
Friedhofgasse,3
Friedhofgasse,4
Friedhofgasse,5
Friedhofgasse,6
Friedhofgasse,7
Friedhofgasse,8
Friedhofgasse,9
Friedhofgasse,10
Friedhofgasse,11
Friedhofgasse,12
Friedhofgasse,13
Friedhofgasse,14
Friedhofgasse,15
Friedhofgasse,16
Friedhofstrasse,1
Friedhofstrasse,2
Friedhofstrasse,3
Friedhofstrasse,4
Friedhofstrasse,5
Friedhofstrasse,6
Friedhofstrasse,7
Friedhofstrasse,8
Friedhofstrasse,9
Friedhofstrasse,10
Friedhofstrasse,11
Friedhofstrasse,12
Friedhofstrasse,13
Friedhofstrasse,14
Friedhofstrasse,15
Friedhofstrasse,16
Friedrichstrasse,1
Friedrichstrasse,2
Friedrichstrasse,3
Friedrichstrasse,4
Friedrichstrasse,5
Friedrichstrasse,6
Friedrichstrasse,7
Fruehlingstrasse,1
Fruehlingstrasse,2
Fruehlingstrasse,3
Fruehlingstrasse,4
Fruehlingstrasse,5
Fruehlingstrasse,6
Fruehlingstrasse,7
Fruehlingstrasse,8
Fruehlingstrasse,9
Fruehlingstrasse,10
Fruehlingstrasse,11
Fruehlingstrasse,12
Fruehlingstrasse,13
Fruehlingstrasse,14
Fruehlingstrasse,15
Fruehlingstrasse,16
Fruehlingstrasse,17
Fruehlingstrasse,18
Fruehlingstrasse,19
Fruehlingstrasse,20
Fruehlingstrasse,21
Fruehlingstrasse,22
Fruehlingstrasse,23
Fruehlingstrasse,24
Fruehlingstrasse,25
Fruehlingstrasse,26
Fruehlingstrasse,27
Fruehlingstrasse,28
Fruehlingstrasse,29
Fruehlingstrasse,30
Fruehlingstrasse,31
Fruehlingstrasse,32
Frundsbergstrasse,1
Frundsbergstrasse,2
Frundsbergstrasse,3
Fuerstenfeldberg,1
Fuerstenfeldberg,2
Fuerstenfeldberg,3
Fuerstenfeldberg,4
Fuerstenfeldberg,5
Fuerstenfeldberg,6
Fuerstenfeldberg,7
Fuerstenfeldberg,8
Fuerstenfeldberg,9
Fuerstenfeldberg,10
Fuerstenfeldberg,11
Fuerstenfelder Strasse,1
Fuerstenfelder Strasse,2
Fuerstenfelder Strasse,3
Fuerstenfelder Strasse,4
Fuerstenfelder Strasse,5
Fuerstenfelder Strasse,6
Fuerstenfelder Strasse,7
Fuerstenfelder Strasse,8
Fuerstenfelder Strasse,9
Fuerstenfelder Strasse,10
Fuerstenfelder Strasse,11
Fuerstenfelder Strasse,12
Fuerstenfelder Strasse,13
Fuerstenfelder Strasse,14
Fuerstenfelder Strasse,15
Fuerstenfelder Strasse,16
Fuerstenfelder Strasse,17
Fuerstenfelder Strasse,18
Fuerstenfelder Strasse,19
Fuerstenfelder Strasse,20
Fuerstenfelder Strasse,21
Fuerstenfelder Strasse,22
Fuerstenfelder Strasse,23
Fuerstenfelder Strasse,24
Fuerstenfelder Strasse,25
Fuerstenfelder Strasse,26
Fuerstenfelder Strasse,27
Fuerstenfelder Strasse,28
Fuerstenfelder Strasse,29
Fuerstenfelder Strasse,30
Fuerstenfelder Strasse,31
Fuerstenfelder Strasse,32
Fuerstenfelder Strasse,33
Fuerstenfelder Strasse,34
Fuerstenfelder Strasse,35
Fuerstenfelder Strasse,36
Fuerstenfelder Strasse,37
Fuerstenfelder Strasse,38
Fuerstenfelder Strasse,39
Fuerstenfelder Strasse,40
Fuerstenfelder Strasse,41
Fuerstenfelder Strasse,42
Fuerstenfelder Strasse,43
Fuerstenfelder Strasse,44
Fuerstenfelder Strasse,45
Fuerstenfelder Strasse,46
Fuerstenfelder Strasse,47
Fuerstenfelder Strasse,48
Fuerstenstrasse,1
Fuerstenstrasse,2
Fuerstenstrasse,3
Fuerstenstrasse,4
Fuerstenstrasse,5
Fuerstenstrasse,6
Fuerstenstrasse,7
Fuerstenstrasse,8
Fuerstenstrasse,9
Fuerstenstrasse,10
Fuerstenstrasse,11
Fuerstenstrasse,12
Fuerstenstrasse,13
Fuerstenstrasse,14
Fuerstenstrasse,15
Fuerstenstrasse,16
Fuerstenstrasse,17
Fuerstenstrasse,18
Fuerstenstrasse,19
Fuerstenstrasse,20
Fuerstenstrasse,21
Fuerstenstrasse,22
Fuerstenstrasse,23
Fuerstenstrasse,24
Fuerstenstrasse,25
Fuerstenstrasse,26
Fuerstenstrasse,27
Fuerstenstrasse,28
Fuerstenstrasse,29
Fuerstenstrasse,30
Fuerstenstrasse,31
Fuerstenstrasse,32
Fuerstenstrasse,33
Fuerstenstrasse,34
Fuerstenstrasse,35
Fuerstenstrasse,36
Fuerstenstrasse,37
Fuerstenstrasse,38
Fuerstenstrasse,39
Fuerstenstrasse,40
Fuerstenstrasse,41
Fuerstenstrasse,42
Fuerstenstrasse,43
Fuerstenstrasse,44
Fuerstenstrasse,45
Fuerstenstrasse,46
Fuerstenstrasse,47
Fuerstenstrasse,48
Fuerstenstrasse,49
Fuerstenstrasse,50
Fuerstenstrasse,51
Fuerstenstrasse,52
Fuerstenstrasse,53
Fuerstenstrasse,54
Fuerstenstrasse,55
Fuerstenstrasse,56
Fuerstenstrasse,57
Fuerstenstrasse,58
Fuerstenstrasse,59
Fuetererstrasse,1
Fuetererstrasse,2
Fuetererstrasse,3
Fuetererstrasse,4
Fuetererstrasse,5
Fuetererstrasse,6
Fuetererstrasse,7
Fuetererstrasse,8
Fuetererstrasse,9
Fuetererstrasse,10
Fuetererstrasse,11
Fuetererstrasse,12
Fuetererstrasse,13
Fuetererstrasse,14
Fuetererstrasse,15
Fuetererstrasse,16
Fuetererstrasse,17
Fuetererstrasse,18
Fuetererstrasse,19
Fuststrasse,1
Fuststrasse,2
Fuststrasse,3
Fuststrasse,4
Fuststrasse,5
Gabelsbergerstrasse,1
Gabelsbergerstrasse,2
Gabelsbergerstrasse,3
Gabelsbergerstrasse,4
Gabelsbergerstrasse,5
Gabelsbergerstrasse,6
Gabelsbergerstrasse,7
Gabelsbergerstrasse,8
Gabelsbergerstrasse,9
Gabelsbergerstrasse,10
Gabelsbergerstrasse,11
Gabelsbergerstrasse,12
Gabelsbergerstrasse,13
Gabelsbergerstrasse,14
Gabelsbergerstrasse,15
Gabelsbergerstrasse,16
Gabelsbergerstrasse,17
Gabelsbergerstrasse,18
Gabelsbergerstrasse,19
Gabelsbergerstrasse,20
Gabelsbergerstrasse,21
Gabelsbergerstrasse,22
Gabelsbergerstrasse,23
Gabelsbergerstrasse,24
Gabelsbergerstrasse,25
Gabelsbergerstrasse,26
Gabelsbergerstrasse,27
Gabelsbergerstrasse,28
Gabelsbergerstrasse,29
Gabelsbergerstrasse,30
Gabelsbergerstrasse,31
Gabelsbergerstrasse,32
Gabelsbergerstrasse,33
Gabelsbergerstrasse,34
Gabelsbergerstrasse,35
Gabelsbergerstrasse,36
Gabelsbergerstrasse,37
Gabelsbergerstrasse,38
Gabelsbergerstrasse,39
Gabelsbergerstrasse,40
Gabelsbergerstrasse,41
Gabelsbergerstrasse,42
Gabelsbergerstrasse,43
Gabelsbergerstrasse,44
Gabelsbergerstrasse,45
Gabelsbergerstrasse,46
Gabelsbergerstrasse,47
Gabelsbergerstrasse,48
Gabelsbergerstrasse,49
Gabelsbergerstrasse,50
Gabelsbergerstrasse,51
Gabelsbergerstrasse,52
Gabelsbergerstrasse,53
Gabelsbergerstrasse,54
Gabelsbergerstrasse,55
Gabelsbergerstrasse,56
Gabelsbergerstrasse,57
Gabelsbergerstrasse,58
Gabelsbergerstrasse,59
Gabelsbergerstrasse,60
Gabelsbergerstrasse,61
Gabelsbergerstrasse,62
Gabelsbergerstrasse,63
Gabelsbergerstrasse,64
Gabelsbergerstrasse,65
Gabelsbergerstrasse,66
Gabelsbergerstrasse,67
Gabelsbergerstrasse,68
Gabelsbergerstrasse,69
Gabelsbergerstrasse,70
Gabelsbergerstrasse,71
Gabelsbergerstrasse,72
Gabelsbergerstrasse,73
Gabelsbergerstrasse,74
Gabelsbergerstrasse,75
Gabelsbergerstrasse,76
Gabelsbergerstrasse,77
Gabelsbergerstrasse,78
Gabelsbergerstrasse,79
Gabelsbergerstrasse,80
Gabelsbergerstrasse,81
Gabelsbergerstrasse,82
Gabelsbergerstrasse,83
Gabelsbergerstrasse,84
Gabelsbergerstrasse,85
Gabelsbergerstrasse,86
Gaensbuehel,1
Gaensbuehel,2
Gaensbuehel,3
Gaensbuehel,4
Gaensbuehel,5
Gaensbuehel,6
Gaensbuehel,7
Gaensbuehel,8
Gaensbuehel,9
Gaertnerplatz,1
Gaertnerplatz,2
Gaertnerplatz,3
Gaertnerplatz,4
Gaertnerplatz,5
Gaertnerviertel,1
Gaertnerviertel,2
Gaertnerviertel,3
Gaertnerviertel,4
Gaertnerviertel,5
Gaertnerviertel,6
Gaertnerviertel,7
Gaertnerweg,1
Gaertnerweg,2
Gaertnerweg,3
Gaertnerweg,4
Gaertnerweg,5
Gaertnerweg,6
Gaertnerweg,7
Gaertnerweg,8
Galeriestrasse,1
Galeriestrasse,2
Galeriestrasse,3
Galeriestrasse,4
Galeriestrasse,5
Galeriestrasse,6
Galeriestrasse,7
Galeriestrasse,8
Galeriestrasse,9
Galeriestrasse,10
Galeriestrasse,11
Galeriestrasse,12
Galeriestrasse,13
Galeriestrasse,14
Galeriestrasse,15
Galeriestrasse,16
Galeriestrasse,17
Galeriestrasse,18
Galeriestrasse,19
Galeriestrasse,20
Galeriestrasse,21
Galeriestrasse,22
Galeriestrasse,23
Galeriestrasse,24
Galeriestrasse,25
Ganghoferstrasse,1
Ganghoferstrasse,2
Ganghoferstrasse,3
Ganghoferstrasse,4
Ganghoferstrasse,5
Ganghoferstrasse,6
Ganghoferstrasse,7
Ganghoferstrasse,8
Ganghoferstrasse,9
Ganghoferstrasse,10
Ganghoferstrasse,11
Ganghoferstrasse,12
Ganghoferstrasse,13
Ganghoferstrasse,14
Ganghoferstrasse,15
Ganghoferstrasse,16
Ganghoferstrasse,17
Ganghoferstrasse,18
Ganghoferstrasse,19
Ganghoferstrasse,20
Ganghoferstrasse,21
Ganghoferstrasse,22
Ganghoferstrasse,23
Ganghoferstrasse,24
Ganghoferstrasse,25
Ganghoferstrasse,26
Ganghoferstrasse,27
Ganghoferstrasse,28
Ganghoferstrasse,29
Ganghoferstrasse,30
Ganghoferstrasse,31
Ganghoferstrasse,32
Ganghoferstrasse,33
Ganghoferstrasse,34
Ganghoferstrasse,35
Ganghoferstrasse,36
Ganghoferstrasse,37
Ganghoferstrasse,38
Ganghoferstrasse,39
Ganghoferstrasse,40
Ganghoferstrasse,41
Ganghoferstrasse,42
Ganghoferstrasse,43
Ganghoferstrasse,44
Ganghoferstrasse,45
Ganghoferstrasse,46
Ganghoferstrasse,47
Ganghoferstrasse,48
Ganghoferstrasse,49
Ganghoferstrasse,50
Ganghoferstrasse,51
Ganghoferstrasse,52
Ganghoferstrasse,53
Ganghoferstrasse,54
Ganghoferstrasse,55
Ganghoferstrasse,56
Ganghoferstrasse,57
Ganghoferstrasse,58
Ganghoferstrasse,59
Ganghoferstrasse,60
Ganghoferstrasse,61
Ganghoferstrasse,62
Ganghoferstrasse,63
Ganghoferstrasse,64
Ganghoferstrasse,65
Ganghoferstrasse,66
Ganghoferstrasse,67
Ganghoferstrasse,68
Ganghoferstrasse,69
Ganghoferstrasse,70
Ganghoferstrasse,71
Ganghoferstrasse,72
Ganghoferstrasse,73
Ganghoferstrasse,74
Ganghoferstrasse,75
Ganghoferstrasse,76
Ganghoferstrasse,77
Ganghoferstrasse,78
Ganghoferstrasse,79
Ganghoferstrasse,80
Ganghoferstrasse,81
Ganghoferstrasse,82
Ganghoferstrasse,83
Ganghoferstrasse,84
Ganghoferstrasse,85
Ganghoferstrasse,86
Ganghoferstrasse,87
Ganghoferstrasse,88
Ganghoferstrasse,89
Ganghoferstrasse,90
Ganghoferstrasse,91
Ganghoferstrasse,92
Ganghoferstrasse,93
Ganghoferstrasse,94
Ganghoferstrasse,95
Ganghoferstrasse,96
Ganghoferstrasse,97
Ganghoferstrasse,98
Ganghoferstrasse,99
Ganghoferstrasse,100
Ganghoferstrasse,101
Ganghoferstrasse,102
Ganghoferstrasse,103
Ganghoferstrasse,104
Ganghoferstrasse,105
Ganghoferstrasse,106
Ganghoferstrasse,107
Ganghoferstrasse,108
Ganghoferstrasse,109
Ganghoferstrasse,110
Ganghoferstrasse,111
Ganghoferstrasse,112
Ganghoferstrasse,113
Garten,1
Garten,2
Gartenhaus,1
Gartenhaus,2
Gartenhaus,3
Gartenhaus,4
Gartenhaus,5
Gartenhaus,6
Gartenhaus,7
Gartenhaus,8
Gartenhaus,9
Gartenhaus,10
Gartenhaus,11
Gartenhaus,12
Gartenhaus,13
Gartenhaus,14
Gartenhaus,15
Gartenhaus,16
Gartenhaus,17
Gartenhaus,18
Gartenhaus,19
Gartenhaus,20
Gartenhaus,21
Gartenhaus,22
Gartenhaus,23
Gartenhaus,24
Gartenhaus,25
Gartenhaus,26
Gartenhaus,27
Gartenhaus,28
Gartenhaus,29
Gartenhaus,30
Gartenhaus,31
Gartenhaus,32
Gartenhaus,33
Gartenhaus,34
Gartenhaus,35
Gartenhaus,36
Gartenhaus,37
Gartenhaus,38
Gartenhaus,39
Gartenhaus,40
Gartenhaus,41
Gartenhaus,42
Gartenhaus,43
Gartenhaus,44
Gartenhaus,45
Gartenhaus,46
Gartenhaus,47
Gartenhaus,48
Gartenhaus,49
Gartenhaus,50
Gartenhaus,51
Gartenhaus,52
Gartenhaus,53
Gartenhaus,54
Gartenhaus,55
Gartenhaus,56
Gartenhaus,57
Gartenhaus,58
Gartenhaus,59
Gartenhaus,60
Gartenhaus,61
Gartenhaus,62
Gartenhaus,63
Gartenhaus,64
Gartenhaus,65
Gartenhaus,66
Gartenhaus,67
Gartenhaus,68
Gartenhaus,69
Gartenhaus,70
Gartenhaus,71
Gartenhaus,72
Gartenhaus,73
Gartenhaus,74
Gartenhaus,75
Gartenhaus,76
Gartenhaus,77
Gartenhaus,78
Gartenhaus,79
Gartenhaus,80
Gartenhaus,81
Gartenhaus,82
Gartenhaus,83
Gartenhaus,84
Gartenhaus,85
Gartenhaus,86
Gartenhaus,87
Gartenhaus,88
Gartenhaus,89
Gartenhaus,90
Gartenhaus,91
Gartenhaus,92
Gartenhaus,93
Gartenstrasse,1
Gartenstrasse,2
Gartenstrasse,3
Gartenstrasse,4
Gartenstrasse,5
Gartenstrasse,6
Gartenstrasse,7
Gartenstrasse,8
Gartenstrasse,9
Gartenstrasse,10
Gartenstrasse,11
Gartenstrasse,12
Gartenstrasse,13
Gartenstrasse,14
Gartenstrasse,15
Gartenstrasse,16
Gartenstrasse,17
Gartenstrasse,18
Gartenstrasse,19
Gartenstrasse,20
Gartenstrasse,21
Gartenstrasse,22
Gartenstrasse,23
Gartenstrasse,24
Gartenstrasse,25
Gartenstrasse,26
Gartenstrasse,27
Gartenstrasse,28
Gartenstrasse,29
Gartenstrasse,30
Gartenstrasse,31
Gartenstrasse,32
Gartenstrasse,33
Gartenstrasse,34
Gartenstrasse,35
Gartenstrasse,36
Gartenstrasse,37
Gartenstrasse,38
Gartenstrasse,39
Gartenstrasse,40
Gartenstrasse,41
Gartenstrasse,42
Gartenstrasse,43
Gartenstrasse,44
Gartenstrasse,45
Gartenstrasse,46
Gartenstrasse,47
Gartenstrasse,48
Gartenstrasse,49
Gartenstrasse,50
Gartenstrasse,51
Gartenstrasse,52
Gartenstrasse,53
Gartenstrasse,54
Gartenstrasse,55
Gartenstrasse,56
Gartenstrasse,57
Gartenstrasse,58
Gartenstrasse,59
Gartenstrasse,60
Gartenstrasse,61
Gartenstrasse,62
Gartenstrasse,63
Gartenstrasse,64
Gartenstrasse,65
Gartenstrasse,66
Gartenstrasse,67
Gartenstrasse,68
Gartenstrasse,69
Gartenstrasse,70
Gartenstrasse,71
Gartenstrasse,72
Gartenstrasse,73
Gartenstrasse,74
Gartenstrasse,75
Gartenstrasse,76
Gartenstrasse,77
Gartenstrasse,78
Gartenstrasse,79
Gartenstrasse,80
Gartenstrasse,81
Gartenstrasse,82
Gartenstrasse,83
Gartenstrasse,84
Gartenstrasse,85
Gartenstrasse,86
Gartenstrasse,87
Gartenstrasse,88
Gegenueber der Turnschule,1
Gegenueber der Turnschule,2
Gegenueber der Turnschule,3
Gegenueber der Turnschule,4
Gegenueber der Turnschule,5
Gegenueber der Turnschule,6
Gegenueber der Turnschule,7
Generstrasse,1
Generstrasse,2
Generstrasse,3
Generstrasse,4
Generstrasse,5
Generstrasse,6
Generstrasse,7
Generstrasse,8
Generstrasse,9
Generstrasse,10
Generstrasse,11
Georgenstrasse,1
Georgenstrasse,2
Georgenstrasse,3
Georgenstrasse,4
Georgenstrasse,5
Georgenstrasse,6
Georgenstrasse,7
Georgenstrasse,8
Georgenstrasse,9
Georgenstrasse,10
Georgenstrasse,11
Georgenstrasse,12
Georgenstrasse,13
Georgenstrasse,14
Georgenstrasse,15
Georgenstrasse,16
Georgenstrasse,17
Georgenstrasse,18
Georgenstrasse,19
Georgenstrasse,20
Georgenstrasse,21
Georgenstrasse,22
Georgenstrasse,23
Georgenstrasse,24
Georgenstrasse,25
Georgenstrasse,26
Georgenstrasse,27
Georgenstrasse,28
Georgenstrasse,29
Georgenstrasse,30
Georgenstrasse,31
Georgenstrasse,32
Georgenstrasse,33
Georgenstrasse,34
Georgenstrasse,35
Georgenstrasse,36
Georgenstrasse,37
Georgenstrasse,38
Georgenstrasse,39
Georgenstrasse,40
Georgenstrasse,41
Georgenstrasse,42
Georgenstrasse,43
Georgenstrasse,44
Georgenstrasse,45
Georgenstrasse,46
Georgenstrasse,47
Georgenstrasse,48
Georgenstrasse,49
Georgenstrasse,50
Georgenstrasse,51
Georgenstrasse,52
Georgenstrasse,53
Georgenstrasse,54
Georgenstrasse,55
Georgenstrasse,56
Georgenstrasse,57
Georgenstrasse,58
Georgenstrasse,59
Georgenstrasse,60
Georgenstrasse,61
Georgenstrasse,62
Georgenstrasse,63
Georgenstrasse,64
Georgenstrasse,65
Georgenstrasse,66
Germaniastrasse,1
Germaniastrasse,2
Germaniastrasse,3
Germaniastrasse,4
Gewuerzmuehlstrasse,1
Gewuerzmuehlstrasse,2
Gewuerzmuehlstrasse,3
Gewuerzmuehlstrasse,4
Gewuerzmuehlstrasse,5
Gewuerzmuehlstrasse,6
Gewuerzmuehlstrasse,7
Gewuerzmuehlstrasse,8
Gewuerzmuehlstrasse,9
Gewuerzmuehlstrasse,10
Geyerstrasse,1
Geyerstrasse,2
Geyerstrasse,3
Geyerstrasse,4
Geyerstrasse,5
Geyerstrasse,6
Geyerstrasse,7
Geyerstrasse,8
Geyerstrasse,9
Geyerstrasse,10
Geyerstrasse,11
Geyerstrasse,12
Geyerstrasse,13
Geyerstrasse,14
Geyerstrasse,15
Geyerstrasse,16
Giesingerweg,1
Giesingerweg,2
Giesingerweg,3
Giesingerweg,4
Giesingerweg,5
Giesingerweg,6
Giesingerweg,7
Giesingerweg,8
Giesingerweg,9
Giesingerweg,10
Giesingerweg,11
Giesingerweg,12
Giesingerweg,13
Giesingerweg,14
Giesingerweg,15
Giesingerweg,16
Giesingerweg,17
Giesingerweg,18
Giesingerweg,19
Giesingerweg,20
Giesingerweg,21
Giesingerweg,22
Giesingerweg,23
Giesingerweg,24
Giesingerweg,25
Giesingerweg,26
Giesingerweg,27
Giesingerweg,28
Giesingerweg,29
Giesingerweg,30
Giesingerweg,31
Giesingerweg,32
Giesingerweg,33
Giesingerweg,34
Giesingerweg,35
Giesingerweg,36
Giesingerweg,37
Giesingerweg,38
Giesingerweg,39
Giesingerweg,40
Giesingerweg,41
Giglgasse,1
Giselastrasse,1
Giselastrasse,2
Giselastrasse,3
Giselastrasse,4
Giselastrasse,5
Giselastrasse,6
Giselastrasse,7
Giselastrasse,8
Giselastrasse,9
Giselastrasse,10
Giselastrasse,11
Giselastrasse,12
Giselastrasse,13
Giselastrasse,14
Giselastrasse,15
Giselastrasse,16
Giselastrasse,17
Giselastrasse,18
Giselastrasse,19
Giselastrasse,20
Giselastrasse,21
Giselastrasse,22
Giselastrasse,23
Giselastrasse,24
Giselastrasse,25
Giselastrasse,26
Giselastrasse,27
Giselastrasse,28
Giselastrasse,29
Giselastrasse,30
Giselastrasse,31
Glockenstrasse,1
Glockenstrasse,2
Glockenstrasse,3
Glockenstrasse,4
Glockenstrasse,5
Glockenstrasse,6
Glockenstrasse,7
Glockenstrasse,8
Glockenstrasse,9
Glockenstrasse,10
Glockenstrasse,11
Glockenstrasse,12
Glockenstrasse,13
Glockenstrasse,14
Glockenstrasse,15
Glockenstrasse,16
Glostenstrasse,1
Glostenstrasse,2
Glostenstrasse,3
Glostenstrasse,4
Glueckstrasse,1
Glueckstrasse,2
Glueckstrasse,3
Glueckstrasse,4
Glueckstrasse,5
Glueckstrasse,6
Glueckstrasse,7
Glueckstrasse,8
Glueckstrasse,9
Glueckstrasse,10
Glueckstrasse,11
Glueckstrasse,12
Glueckstrasse,13
Goerresstrasse,1
Goerresstrasse,2
Goerresstrasse,3
Goerresstrasse,4
Goerresstrasse,5
Goerresstrasse,6
Goerresstrasse,7
Goerresstrasse,8
Goerresstrasse,9
Goerresstrasse,10
Goerresstrasse,11
Goerresstrasse,12
Goerresstrasse,13
Goerresstrasse,14
Goerresstrasse,15
Goerresstrasse,16
Goerresstrasse,17
Goerresstrasse,18
Goerresstrasse,19
Goerresstrasse,20
Goerresstrasse,21
Goerresstrasse,22
Goerresstrasse,23
Goerresstrasse,24
Goerresstrasse,25
Goerresstrasse,26
Goerresstrasse,27
Goerresstrasse,28
Goerresstrasse,29
Goerresstrasse,30
Goerresstrasse,31
Goerresstrasse,32
Goerresstrasse,33
Goerresstrasse,34
Goerresstrasse,35
Goerresstrasse,36
Goerresstrasse,37
Goerresstrasse,38
Goerresstrasse,39
Goerresstrasse,40
Goerresstrasse,41
Goerresstrasse,42
Goerresstrasse,43
Goerresstrasse,44
Goerresstrasse,45
Goerresstrasse,46
Goerresstrasse,47
Goerresstrasse,48
Goetheplatz,1
Goethestrasse,1
Goethestrasse,2
Goethestrasse,3
Goethestrasse,4
Goethestrasse,5
Goethestrasse,6
Goethestrasse,7
Goethestrasse,8
Goethestrasse,9
Goethestrasse,10
Goethestrasse,11
Goethestrasse,12
Goethestrasse,13
Goethestrasse,14
Goethestrasse,15
Goethestrasse,16
Goethestrasse,17
Goethestrasse,18
Goethestrasse,19
Goethestrasse,20
Goethestrasse,21
Goethestrasse,22
Goethestrasse,23
Goethestrasse,24
Goethestrasse,25
Goethestrasse,26
Goethestrasse,27
Goethestrasse,28
Goethestrasse,29
Goethestrasse,30
Goethestrasse,31
Goethestrasse,32
Goethestrasse,33
Goethestrasse,34
Goethestrasse,35
Goethestrasse,36
Goethestrasse,37
Goethestrasse,38
Goethestrasse,39
Goethestrasse,40
Goethestrasse,41
Goethestrasse,42
Goethestrasse,43
Goethestrasse,44
Goethestrasse,45
Goethestrasse,46
Goethestrasse,47
Goethestrasse,48
Goethestrasse,49
Goethestrasse,50
Goethestrasse,51
Goethestrasse,52
Goethestrasse,53
Goethestrasse,54
Goethestrasse,55
Goethestrasse,56
Goethestrasse,57
Goethestrasse,58
Goethestrasse,59
Goethestrasse,60
Goethestrasse-Gottesackerweg,1
Goethestrasse-Gottesackerweg,2
Goethestrasse-Gottesackerweg,3
Goethestrasse-Gottesackerweg,4
Goethestrasse-Gottesackerweg,5
Goethestrasse-Gottesackerweg,6
Goethestrasse-Gottesackerweg,7
Goethestrasse-Gottesackerweg,8
Goethestrasse-Gottesackerweg,9
Goethestrasse-Gottesackerweg,10
Goethestrasse-Gottesackerweg,11
Goethestrasse-Gottesackerweg,12
Goethestrasse-Gottesackerweg,13
Goethestrasse-Gottesackerweg,14
Goethestrasse-Gottesackerweg,15
Goethestrasse-Gottesackerweg,16
Goethestrasse-Gottesackerweg,17
Goethestrasse-Gottesackerweg,18
Goethestrasse-Gottesackerweg,19
Goethestrasse-Gottesackerweg,20
Goethestrasse-Gottesackerweg,21
Goethestrasse-Gottesackerweg,22
Goethestrasse-Gottesackerweg,23
Goethestrasse-Gottesackerweg,24
Goethestrasse-Gottesackerweg,25
Goethestrasse-Gottesackerweg,26
Goethestrasse-Gottesackerweg,27
Goethestrasse-Gottesackerweg,28
Goethestrasse-Gottesackerweg,29
Goethestrasse-Gottesackerweg,30
Goethestrasse-Gottesackerweg,31
Goethestrasse-Gottesackerweg,32
Goethestrasse-Gottesackerweg,33
Goethestrasse-Gottesackerweg,34
Goethestrasse-Gottesackerweg,35
Goethestrasse-Gottesackerweg,36
Goethestrasse-Gottesackerweg,37
Goethestrasse-Gottesackerweg,38
Goethestrasse-Gottesackerweg,39
Goethestrasse-Gottesackerweg,40
Goethestrasse-Gottesackerweg,41
Goethestrasse-Gottesackerweg,42
Goethestrasse-Gottesackerweg,43
Goethestrasse-Gottesackerweg,44
Gollierstrasse,1
Gollierstrasse,2
Gollierstrasse,3
Gollierstrasse,4
Gollierstrasse,5
Gollierstrasse,6
Gollierstrasse,7
Gollierstrasse,8
Gollierstrasse,9
Gollierstrasse,10
Gollierstrasse,11
Gollierstrasse,12
Gollierstrasse,13
Gollierstrasse,14
Gollierstrasse,15
Gollierstrasse,16
Gollierstrasse,17
Gollierstrasse,18
Gollierstrasse,19
Gollierstrasse,20
Gollierstrasse,21
Gollierstrasse,22
Gollierstrasse,23
Gollierstrasse,24
Gollierstrasse,25
Gollierstrasse,26
Gollierstrasse,27
Gollierstrasse,28
Gollierstrasse,29
Gollierstrasse,30
Gollierstrasse,31
Gollierstrasse,32
Gollierstrasse,33
Gollierstrasse,34
Gollierstrasse,35
Gollierstrasse,36
Gollierstrasse,37
Gollierstrasse,38
Gollierstrasse,39
Gottesackerweg,1
Gottesackerweg,2
Gottesackerweg,3
Gottesackerweg,4
Gottesackerweg,5
Gottesackerweg,6
Gottesackerweg,7
Gottesackerweg,8
Gottesackerweg,9
Gottesackerweg,10
Gottesackerweg,11
Gottesackerweg,12
Gottesackerweg,13
Gottesackerweg,14
Gottesackerweg,15
Gottesackerweg,16
Gottesackerweg,17
Gottesackerweg,18
Gottesackerweg,19
Gottesackerweg,20
Gottesackerweg,21
Gottesackerweg,22
Gottesackerweg,23
Gottesackerweg,24
Gottesackerweg,25
Gottesackerweg,26
Gottesackerweg,27
Gottesackerweg,28
Gottesackerweg,29
Gottesackerweg,30
Gottesackerweg,31
Gottesackerweg,32
Gottesackerweg,33
Grafenwinkel,1
Grafenwinkel,2
Grasserstrasse,1
Grasserstrasse,2
Grasserstrasse,3
Grasserstrasse,4
Grasserstrasse,5
Grasserstrasse,6
Grasserstrasse,7
Grubenstrasse,1
Grubenstrasse,2
Grubenstrasse,3
Grubenstrasse,4
Grubenstrasse,5
Grubenstrasse,6
Grubenstrasse,7
Grubenstrasse,8
Grubenstrasse,9
Grubenstrasse,10
Grubenstrasse,11
Grubenstrasse,12
Grubenstrasse,13
Grubenstrasse,14
Grubenstrasse,15
Grubenstrasse,16
Grubenstrasse,17
Grubenstrasse,18
Grubenstrasse,19
Grubenstrasse,20
Grubenstrasse,21
Grubenstrasse,22
Grubenstrasse,23
Grubenstrasse,24
Grubenstrasse,25
Grubenstrasse,26
Grubenstrasse,27
Grubenstrasse,28
Grubenstrasse,29
Grubenstrasse,30
Grubenstrasse,31
Grubenstrasse,32
Grubenstrasse,33
Grubenstrasse,34
Grubenstrasse,35
Grubenstrasse,36
Grubenstrasse,37
Grubenstrasse,38
Grubenstrasse,39
Grubenstrasse,40
Grubenstrasse,41
Grubenstrasse,42
Grubenstrasse,43
Grubenstrasse,44
Grubenstrasse,45
Grubenstrasse,46
Grubenstrasse,47
Grubenstrasse,48
Grubenstrasse,49
Grubenstrasse,50
Grubenstrasse,51
Grubenstrasse,52
Grubenstrasse,53
Grubenstrasse,54
Grubenstrasse,55
Grubenstrasse,56
Grubenstrasse,57
Grubenstrasse,58
Grubenstrasse,59
Grubenstrasse,60
Gruberstrasse,1
Gruberstrasse,2
Gruberstrasse,3
Gruberstrasse,4
Gruberstrasse,5
Gruberstrasse,6
Gruberstrasse,7
Gruberstrasse,8
Gruberstrasse,9
Gruberstrasse,10
Gruberstrasse,11
Gruberstrasse,12
Gruberstrasse,13
Gruberstrasse,14
Gruberstrasse,15
Gruberstrasse,16
Gruberstrasse,17
Gruberstrasse,18
Gruberstrasse,19
Gruberstrasse,20
Gruberstrasse,21
Gruberstrasse,22
Gruberstrasse,23
Gruberstrasse,24
Gruberstrasse,25
Gruberstrasse,26
Gruberstrasse,27
Gruberstrasse,28
Gruberstrasse,29
Gruberstrasse,30
Gruberstrasse,31
Gruberstrasse,32
Gruberstrasse,33
Gruberstrasse,34
Gruberstrasse,35
Gruberstrasse,36
Gruberstrasse,37
Gruberstrasse,38
Gruberstrasse,39
Gruberstrasse,40
Gruberstrasse,41
Gruberstrasse,42
Gruberstrasse,43
Gruberstrasse,44
Gruberstrasse,45
Gruberstrasse,46
Gruberstrasse,47
Gruberstrasse,48
Gruberstrasse,49
Gruberstrasse,50
Gruberstrasse,51
Gruberstrasse,52
Gruberstrasse,53
Gruberstrasse,54
Gruberstrasse,55
Gruberstrasse,56
Gruberstrasse,57
Gruberstrasse,58
Grubmstrasse,1
Grubmstrasse,2
Grubmstrasse,3
Grubmstrasse,4
Grubmstrasse,5
Grubmstrasse,6
Grubmstrasse,7
Grubmstrasse,8
Grubmstrasse,9
Grubmstrasse,10
Grubmstrasse,11
Grubmstrasse,12
Grubmstrasse,13
Grubmstrasse,14
Grubmstrasse,15
Grubmstrasse,16
Grubmstrasse,17
Grubmstrasse,18
Grubmstrasse,19
Grubmstrasse,20
Grubmstrasse,21
Grubmstrasse,22
Grubmstrasse,23
Grubmstrasse,24
Grubmstrasse,25
Grubmstrasse,26
Grubmstrasse,27
Grubmstrasse,28
Grubmstrasse,29
Grubmstrasse,30
Grubmstrasse,31
Grubmstrasse,32
Grubmstrasse,33
Grubmstrasse,34
Grubmstrasse,35
Grubmstrasse,36
Grubmstrasse,37
Grubmstrasse,38
Grubmstrasse,39
Grubmstrasse,40
Grubmstrasse,41
Grubmstrasse,42
Grubmstrasse,43
Grubmstrasse,44
Grubmstrasse,45
Grubmstrasse,46
Grubmstrasse,47
Grubmstrasse,48
Grubmstrasse,49
Grubmstrasse,50
Grubmstrasse,51
Gruenwalder Strasse,1
Gruenwalder Strasse,2
Gruenwalder Strasse,3
Gruenwalder Strasse,4
Gruenwalder Strasse,5
Gruenwalder Strasse,6
Gruenwalder Strasse,7
Gruenwalder Strasse,8
Gruenwalder Strasse,9
Gruenwalder Strasse,10
Gruenwalder Strasse,11
Gruenwalder Strasse,12
Gruenwalder Strasse,13
Gruenwalder Strasse,14
Gruenwalder Strasse,15
Gruenwalder Strasse,16
Gruenwalder Strasse,17
Gruenwalder Strasse,18
Gruenwalder Strasse,19
Gruenwalder Strasse,20
Gruenwalder Strasse,21
Gruenwalder Strasse,22
Gruenwalder Strasse,23
Gruenwalder Strasse,24
Gruenwalder Strasse,25
Gruenwalder Strasse,26
Gruenwalder Strasse,27
Gruenwalder Strasse,28
Gruenwalder Strasse,29
Gruenwalder Strasse,30
Gruenwalder Strasse,31
Gruenwalder Strasse,32
Gruenwalder Strasse,33
Gruenwalder Strasse,34
Gruenwalder Strasse,35
Gruenwalder Strasse,36
Gruenwalder Strasse,37
Gruenwalder Strasse,38
Gruenwalder Strasse,39
Gruenwalder Strasse,40
Gruftstrasse,1
Gruftstrasse,2
Gruftstrasse,3
Gruftstrasse,4
Gruftstrasse,5
Gruftstrasse,6
Gruftstrasse,7
Hackengasse,1
Hackengasse,2
Hackenstrasse,1
Hackenstrasse,2
Hackenstrasse,3
Hackenstrasse,4
Hackenstrasse,5
Hackerweg,1
Hackerweg,2
Hadererweg,1
Hadererweg,2
Hadererweg,3
Hadererweg,4
Hadererweg,5
Hadererweg,6
Hadererweg,7
Hadererweg,8
Hadererweg,9
Hadererweg,10
Hadererweg,11
Hadererweg,12
Hadererweg,13
Hadererweg,14
Hadererweg,15
Hadererweg,16
Hadererweg,17
Hadererweg,18
Hadererweg,19
Hadererweg,20
Hadererweg,21
Hadererweg,22
Hadererweg,23
Hadererweg,24
Hadererweg,25
Hadererweg,26
Hadererweg,27
Hadererweg,28
Hadererweg,29
Hadererweg,30
Hadererweg,31
Hadererweg,32
Hadererweg,33
Hadererweg,34
Hadererweg,35
Hadererweg,36
Hadererweg,37
Hadererweg,38
Haeberlstrasse,1
Haeberlstrasse,2
Haeberlstrasse,3
Haeberlstrasse,4
Haeberlstrasse,5
Haeberlstrasse,6
Haeberlstrasse,7
Haeberlstrasse,8
Haeberlstrasse,9
Haeberlstrasse,10
Haeberlstrasse,11
Haeberlstrasse,12
Haeberlstrasse,13
Haeberlstrasse,14
Haeberlstrasse,15
Haeberlstrasse,16
Haeberlstrasse,17
Haeberlstrasse,18
Haeberlstrasse,19
Haeberlstrasse,20
Haeberlstrasse,21
Haeberlstrasse,22
Haeberlstrasse,23
Haeberlstrasse,24
Haeberlstrasse,25
Haeberlstrasse,26
Hafnergaesschen,1
Hahnenstrasse,1
Hahnenstrasse,2
Hahnenstrasse,3
Haidhausen,1
Haidhausen,2
Haidhausen,3
Haidhauser Strasse,1
Haidhauser Strasse,2
Haidhauser Strasse,3
Haidhauser Strasse,4
Haidhauser Strasse,5
Haidhauser Strasse,6
Haidhauser Strasse,7
Haidhauser Strasse,8
Haidhauser Strasse,9
Haidhauser Strasse,10
Haidhauser Strasse,11
Haidhauser Strasse,12
Haihd. a. d. Schwaig,1
Haihd. a. d. Schwaig,2
Haihd. a. d. Schwaig,3
Haihd. a. d. Schwaig,4
Haihd. a. d. Schwaig,5
Haihd. a. d. Schwaig,6
Haihd. a. d. Schwaig,7
Haihd. a. d. Schwaig,8
Haihd. a. d. Schwaig,9
Haihd. a. d. Schwaig,10
Haihd. a. d. Schwaig,11
Haihd. a. d. Schwaig,12
Hans-Mielich-Platz,1
Hans-Mielich-Platz,2
Hans-Mielich-Platz,3
Hans-Mielich-Platz,4
Hans-Mielich-Platz,5
Hans-Mielich-Platz,6
Hans-Mielich-Platz,7
Hans-Mielich-Platz,8
Harlaching,1
Harlaching,2
Harlaching,3
Harlaching,4
Harlaching,5
Harlaching,6
Harlachinger Strasse,1
Harlachinger Strasse,2
Harlachinger Strasse,3
Harlachinger Strasse,4
Harlachinger Strasse,5
Harlachinger Strasse,6
Harlachinger Strasse,7
Harlachinger Strasse,8
Harlachinger Strasse,9
Harlachinger Strasse,10
Harlachinger Strasse,11
Harlachinger Strasse,12
Harlachingermuehlweg,1
Hartmannstrasse,1
Hartmannstrasse,2
Hartmannstrasse,3
Hartmannstrasse,4
Hartmannstrasse,5
Hartmannstrasse,6
Hartmannstrasse,7
Hartmannstrasse,8
Hasenstrasse,1
Hasenstrasse,2
Hasenstrasse,3
Hasenstrasse,4
Hasenstrasse,5
Hasenstrasse,6
Hasenstrasse,7
Haslangstrasse,1
Haslangstrasse,2
Haslangstrasse,3
Haslangstrasse,4
Haydnstrasse,1
Haydnstrasse,2
Haydnstrasse,3
Haydnstrasse,4
Haydnstrasse,5
Haydnstrasse,6
Haydnstrasse,7
Haydnstrasse,8
Haydnstrasse,9
Haydnstrasse,10
Haydnstrasse,11
Hebammenstrasse,1
Hebammenstrasse,2
Hebammenstrasse,3
Heiliggeiststrasse,1
Heiliggeiststrasse,2
Heiliggeiststrasse,3
Heiliggeiststrasse,4
Heiliggeiststrasse,5
Heiliggeiststrasse,6
Heiliggeiststrasse,7
Heiliggeiststrasse,8
Hellabrunn,1
Herbststrasse,1
Herbststrasse,2
Herbststrasse,3
Herbststrasse,4
Herbststrasse,5
Herbststrasse,6
Herbststrasse,7
Herbststrasse,8
Herbststrasse,9
Herbststrasse,10
Herbststrasse,11
Herbststrasse,12
Herbststrasse,13
Herbststrasse,14
Herbststrasse,15
Herbststrasse,16
Herbststrasse,17
Herbststrasse,18
Herbststrasse,19
Herbststrasse,20
Herbststrasse,21
Herbststrasse,22
Herbststrasse,23
Herbststrasse,24
Herbststrasse,25
Herbststrasse,26
Herbststrasse,27
Herbststrasse,28
Herbststrasse,29
Herbststrasse,30
Herbststrasse,31
Herbststrasse,32
Herbststrasse,33
Herbststrasse,34
Herbststrasse,35
Herbststrasse,36
Herbststrasse,37
Herbststrasse,38
Herbststrasse,39
Herbststrasse,40
Herbststrasse,41
Herbststrasse,42
Herbststrasse,43
Herbststrasse,44
Herbststrasse,45
Herbststrasse,46
Herbststrasse,47
Herbststrasse,48
Herbststrasse,49
Herbststrasse,50
Herbststrasse,51
Herbststrasse,52
Herbststrasse,53
Herbststrasse,54
Herbststrasse,55
Herbststrasse,56
Herbststrasse,57
Herbststrasse,58
Herbststrasse,59
Herbststrasse,60
Herbststrasse,61
Herbststrasse,62
Herbststrasse,63
Herbststrasse,64
Herbststrasse,65
Herbststrasse,66
Herbststrasse,67
Herbststrasse,68
Herbststrasse,69
Herbststrasse,70
Herbststrasse,71
Herbststrasse,72
Herbststrasse,73
Herbststrasse,74
Herbststrasse,75
Herbststrasse,76
Herbststrasse,77
Herbststrasse,78
Herbststrasse,79
Herbststrasse,80
Herbststrasse,81
Herbststrasse,82
Herbststrasse,83
Herbststrasse,84
Herbststrasse,85
Herbststrasse,86
Herbststrasse,87
Herbststrasse,88
Herbststrasse,89
Herbststrasse,90
Herbststrasse,91
Herbststrasse,92
Herbststrasse,93
Herbststrasse,94
Herbststrasse,95
Herbststrasse,96
Herbststrasse,97
Herbststrasse,98
Herbststrasse,99
Herbststrasse,100
Herbststrasse,101
Herbststrasse,102
Herbststrasse,103
Herbststrasse,104
Herbststrasse,105
Herbststrasse,106
Herbststrasse,107
Herbststrasse,108
Herbststrasse,109
Herbststrasse,110
Herbststrasse,111
Herbststrasse,112
Herbststrasse,113
Herbststrasse,114
Herbststrasse,115
Herbststrasse,116
Herbststrasse,117
Herbststrasse,118
Herbststrasse,119
Herbststrasse,120
Herbststrasse,121
Herbststrasse,122
Herbststrasse,123
Herbststrasse,124
Herbststrasse,125
Herbststrasse,126
Herbststrasse,127
Herbststrasse,128
Herbststrasse,129
Herbststrasse,130
Herbststrasse,131
Herbststrasse,132
Herbststrasse,133
Herbststrasse,134
Hermann-Sack-Strasse,1
Hermann-Sack-Strasse,2
Hermann-Sack-Strasse,3
Hermann-Sack-Strasse,4
Hermann-Sack-Strasse,5
Hermann-Sack-Strasse,6
Hermann-Sack-Strasse,7
Hermann-Sack-Strasse,8
Hermann-Sack-Strasse,9
Hermann-Sack-Strasse,10
Hermann-Schmid-Strasse,1
Hermann-Schmid-Strasse,2
Hermann-Schmid-Strasse,3
Hermannstrasse,1
Hermannstrasse,2
Hermannstrasse,3
Hermannstrasse,4
Hermannstrasse,5
Hermannstrasse,6
Hermannstrasse,7
Hermannstrasse,8
Hermannstrasse,9
Hermannstrasse,10
Hermannstrasse,11
Hermannstrasse,12
Hermannstrasse,13
Hermannstrasse,14
Hermannstrasse,15
Hermannstrasse,16
Hermannstrasse,17
Hermannstrasse,18
Hermannstrasse,19
Hermannstrasse,20
Hermannstrasse,21
Hermannstrasse,22
Hermannstrasse,23
Hermannstrasse,24
Hermannstrasse,25
Hermannstrasse,26
Hermannstrasse,27
Hermannstrasse,28
Hermannstrasse,29
Hermannstrasse,30
Hermannstrasse,31
Hermannstrasse,32
Hermannstrasse,33
Hermannstrasse,34
Hermannstrasse,35
Hermannstrasse,36
Hermannstrasse,37
Hermannstrasse,38
Hermannstrasse,39
Hermannstrasse,40
Hermannstrasse,41
Hermannstrasse,42
Hermannstrasse,43
Hermannstrasse,44
Hermannstrasse,45
Hermannstrasse,46
Hermannstrasse,47
Hermannstrasse,48
Hermannstrasse,49
Hermannstrasse,50
Hermannstrasse,51
Hermannstrasse,52
Hermannstrasse,53
Hermannstrasse,54
Hermannstrasse,55
Hermannstrasse,56
Hermannstrasse,57
Hermannstrasse,58
Hermannstrasse,59
Hermannstrasse,60
Hermannstrasse,61
Hermannstrasse,62
Hermannstrasse,63
Hermannstrasse,64
Hermannstrasse,65
Hermannstrasse,66
Hermannstrasse,67
Hermannstrasse,68
Hermannstrasse,69
Hermannstrasse,70
Hermannstrasse,71
Hermannstrasse,72
Hermannstrasse,73
Hermannstrasse,74
Hermannstrasse,75
Hermannstrasse,76
Hermannstrasse,77
Hermannstrasse,78
Hermannstrasse,79
Hermannstrasse,80
Hermannstrasse,81
Hermannstrasse,82
Hermannstrasse,83
Hermannstrasse,84
Hermannstrasse,85
Hermannstrasse,86
Hermannstrasse,87
Herrnstrasse,1
Herrnstrasse,2
Herrnstrasse,3
Herrnstrasse,4
Herrnstrasse,5
Herrnstrasse,6
Herrnstrasse,7
Herrnstrasse,8
Herrnstrasse,9
Herrnstrasse,10
Herrnstrasse,11
Herrnstrasse,12
Herrnstrasse,13
Herrnstrasse,14
Herrnstrasse,15
Herrnstrasse,16
Herrnstrasse,17
Herrnstrasse,18
Herrnstrasse,19
Herrnstrasse,20
Herrnstrasse,21
Herrnstrasse,22
Herrnstrasse,23
Herrnstrasse,24
Herrnstrasse,25
Herrnstrasse,26
Herrnstrasse,27
Herrnstrasse,28
Herrnstrasse,29
Herrnstrasse,30
Herrnstrasse,31
Herrnstrasse,32
Herrnstrasse,33
Herrnstrasse,34
Herrnstrasse,35
Herrnstrasse,36
Herrnstrasse,37
Herrnstrasse,38
Herrnstrasse,39
Herrnstrasse,40
Herrnstrasse,41
Herrnstrasse,42
Herrnstrasse,43
Herrnstrasse,44
Herrnstrasse,45
Herrnstrasse,46
Herrnstrasse,47
Herrnstrasse,48
Herrnstrasse,49
Herrnstrasse,50
Herrnstrasse,51
Herrnstrasse,52
Herrnstrasse,53
Herrnstrasse,54
Herrnstrasse,55
Herzog-Heinrich-Strasse,1
Herzog-Heinrich-Strasse,2
Herzog-Heinrich-Strasse,3
Herzog-Heinrich-Strasse,4
Herzog-Heinrich-Strasse,5
Herzog-Heinrich-Strasse,6
Herzog-Heinrich-Strasse,7
Herzog-Heinrich-Strasse,8
Herzog-Heinrich-Strasse,9
Herzog-Heinrich-Strasse,10
Herzog-Heinrich-Strasse,11
Herzog-Heinrich-Strasse,12
Herzog-Heinrich-Strasse,13
Herzog-Heinrich-Strasse,14
Herzog-Heinrich-Strasse,15
Herzog-Heinrich-Strasse,16
Herzog-Heinrich-Strasse,17
Herzog-Heinrich-Strasse,18
Herzog-Heinrich-Strasse,19
Herzog-Heinrich-Strasse,20
Herzog-Heinrich-Strasse,21
Herzog-Heinrich-Strasse,22
Herzog-Heinrich-Strasse,23
Herzog-Heinrich-Strasse,24
Herzog-Heinrich-Strasse,25
Herzog-Heinrich-Strasse,26
Herzog-Heinrich-Strasse,27
Herzog-Heinrich-Strasse,28
Herzog-Heinrich-Strasse,29
Herzog-Heinrich-Strasse,30
Herzog-Heinrich-Strasse,31
Herzog-Heinrich-Strasse,32
Herzog-Heinrich-Strasse,33
Herzog-Heinrich-Strasse,34
Herzog-Heinrich-Strasse,35
Herzog-Heinrich-Strasse,36
Herzog-Heinrich-Strasse,37
Herzog-Heinrich-Strasse,38
Herzog-Heinrich-Strasse,39
Herzog-Heinrich-Strasse,40
Herzog-Max-Burg,1
Herzog-Max-Burg,2
Herzog-Max-Burg,3
Herzog-Max-Strasse,1
Herzog-Max-Strasse,2
Herzog-Max-Strasse,3
Herzog-Max-Strasse,4
Herzog-Max-Strasse,5
Herzog-Max-Strasse,6
Herzog-Max-Strasse,7
Herzog-Max-Strasse,8
Herzog-Max-Strasse,9
Herzog-Rudolf-Strasse,1
Herzog-Rudolf-Strasse,2
Herzog-Rudolf-Strasse,3
Herzog-Rudolf-Strasse,4
Herzog-Rudolf-Strasse,5
Herzog-Rudolf-Strasse,6
Herzog-Rudolf-Strasse,7
Herzog-Rudolf-Strasse,8
Herzog-Rudolf-Strasse,9
Herzog-Rudolf-Strasse,10
Herzog-Rudolf-Strasse,11
Herzog-Wilhelm-Strasse,1
Herzog-Wilhelm-Strasse,2
Herzog-Wilhelm-Strasse,3
Herzog-Wilhelm-Strasse,4
Herzog-Wilhelm-Strasse,5
Herzog-Wilhelm-Strasse,6
Herzog-Wilhelm-Strasse,7
Herzog-Wilhelm-Strasse,8
Herzog-Wilhelm-Strasse,9
Herzog-Wilhelm-Strasse,10
Herzog-Wilhelm-Strasse,11
Herzog-Wilhelm-Strasse,12
Herzog-Wilhelm-Strasse,13
Herzog-Wilhelm-Strasse,14
Herzog-Wilhelm-Strasse,15
Herzog-Wilhelm-Strasse,16
Herzog-Wilhelm-Strasse,17
Herzog-Wilhelm-Strasse,18
Herzog-Wilhelm-Strasse,19
Herzog-Wilhelm-Strasse,20
Herzog-Wilhelm-Strasse,21
Herzog-Wilhelm-Strasse,22
Herzog-Wilhelm-Strasse,23
Herzog-Wilhelm-Strasse,24
Herzog-Wilhelm-Strasse,25
Herzog-Wilhelm-Strasse,26
Herzog-Wilhelm-Strasse,27
Herzog-Wilhelm-Strasse,28
Herzog-Wilhelm-Strasse,29
Herzog-Wilhelm-Strasse,30
Herzog-Wilhelm-Strasse,31
Herzog-Wilhelm-Strasse,32
Herzog-Wilhelm-Strasse,33
Herzogspitalstrasse,1
Herzogspitalstrasse,2
Herzogspitalstrasse,3
Herzogspitalstrasse,4
Herzogspitalstrasse,5
Herzogspitalstrasse,6
Herzogspitalstrasse,7
Herzogspitalstrasse,8
Herzogspitalstrasse,9
Herzogspitalstrasse,10
Herzogspitalstrasse,11
Herzogspitalstrasse,12
Herzogspitalstrasse,13
Herzogspitalstrasse,14
Herzogspitalstrasse,15
Herzogspitalstrasse,16
Herzogspitalstrasse,17
Herzogspitalstrasse,18
Herzogspitalstrasse,19
Herzogspitalstrasse,20
Herzogspitalstrasse,21
Herzogspitalstrasse,22
Herzogspitalstrasse,23
Herzogstrasse,1
Herzogstrasse,2
Herzogstrasse,3
Herzogstrasse,4
Herzogstrasse,5
Herzogstrasse,6
Herzogstrasse,7
Herzogstrasse,8
Herzogstrasse,9
Herzogstrasse,10
Herzogstrasse,11
Herzogstrasse,12
Herzogstrasse,13
Herzogstrasse,14
Herzogstrasse,15
Herzogstrasse,16
Herzogstrasse,17
Herzogstrasse,18
Herzogstrasse,19
Herzogstrasse,20
Herzogstrasse,21
Herzogstrasse,22
Herzogstrasse,23
Hesseloher-Bahnhaus,1
Hesseloher-Bahnhaus,2
Hesseloherstrasse,1
Hesseloherstrasse,2
Hesseloherstrasse,3
Hesseloherstrasse,4
Hesseloherstrasse,5
Hesseloherstrasse,6
Hesseloherstrasse,7
Hesseloherstrasse,8
Hesseloherstrasse,9
Hesseloherstrasse,10
Hesseloherstrasse,11
Hesseloherstrasse,12
Hesseloherstrasse,13
Hessstrasse,1
Hessstrasse,2
Hessstrasse,3
Hessstrasse,4
Hessstrasse,5
Hessstrasse,6
Hessstrasse,7
Hessstrasse,8
Hessstrasse,9
Hessstrasse,10
Hessstrasse,11
Hessstrasse,12
Hessstrasse,13
Hessstrasse,14
Hessstrasse,15
Hessstrasse,16
Hessstrasse,17
Hessstrasse,18
Hessstrasse,19
Hessstrasse,20
Hessstrasse,21
Hessstrasse,22
Hessstrasse,23
Hessstrasse,24
Hessstrasse,25
Hessstrasse,26
Hessstrasse,27
Hessstrasse,28
Hessstrasse,29
Hessstrasse,30
Hessstrasse,31
Hessstrasse,32
Hessstrasse,33
Hessstrasse,34
Hessstrasse,35
Hessstrasse,36
Hessstrasse,37
Hessstrasse,38
Hessstrasse,39
Hessstrasse,40
Hessstrasse,41
Hessstrasse,42
Hessstrasse,43
Hessstrasse,44
Hessstrasse,45
Hessstrasse,46
Hessstrasse,47
Hessstrasse,48
Hessstrasse,49
Hessstrasse,50
Hessstrasse,51
Hessstrasse,52
Hessstrasse,53
Hessstrasse,54
Hessstrasse,55
Hessstrasse,56
Hessstrasse,57
Hessstrasse,58
Hessstrasse,59
Hessstrasse,60
Hessstrasse,61
Hessstrasse,62
Hessstrasse,63
Hessstrasse,64
Hessstrasse,65
Hessstrasse,66
Hessstrasse,67
Hessstrasse,68
Hessstrasse,69
Hessstrasse,70
Hessstrasse,71
Hessstrasse,72
Hessstrasse,73
Hessstrasse,74
Hessstrasse,75
Hessstrasse,76
Hessstrasse,77
Hessstrasse,78
Hessstrasse,79
Hessstrasse,80
Hessstrasse,81
Hessstrasse,82
Hessstrasse,83
Hessstrasse,84
Hessstrasse,85
Hessstrasse,86
Hessstrasse,87
Hessstrasse,88
Hessstrasse,89
Hessstrasse,90
Hessstrasse,91
Hessstrasse,92
Hettergasse,1
Hettergasse,2
Hettergasse,3
Hettergasse,4
Heumark,1
Heumark,2
Heumark,3
Heumark,4
Heumark,5
Heumark,6
Heumark,7
Heumark,8
Heumark,9
Heumark,10
Heumark,11
Heumark,12
Heumark,13
Heumark,14
Heumarkt,1
Heumarkt,2
Heumarkt,3
Heumarkt,4
Heumarkt,5
Heumarkt,6
Heumarkt,7
Heumarkt,8
Heumarkt,9
Heumarkt,10
Heumarkt,11
Heumarkt,12
Heumarkt,13
Heumarkt,14
Heumarkt,15
Heumarkt,16
Heumarkt,17
Heumarkt,18
Heustrasse,1
Heustrasse,2
Heustrasse,3
Heustrasse,4
Heustrasse,5
Heustrasse,6
Heustrasse,7
Heustrasse,8
Heustrasse,9
Heustrasse,10
Heustrasse,11
Heustrasse,12
Heustrasse,13
Heustrasse,14
Heustrasse,15
Heustrasse,16
Heustrasse,17
Heustrasse,18
Heustrasse,19
Heustrasse,20
Heustrasse,21
Heustrasse,22
Heustrasse,23
Heustrasse,24
Heustrasse,25
Heustrasse,26
Heustrasse,27
Heustrasse,28
Heustrasse,29
Heustrasse,30
Heustrasse,31
Heustrasse,32
Heustrasse,33
Heustrasse,34
Heustrasse,35
Heustrasse,36
Hildegardstrasse,1
Hildegardstrasse,2
Hildegardstrasse,3
Hildegardstrasse,4
Hildegardstrasse,5
Hildegardstrasse,6
Hildegardstrasse,7
Hildegardstrasse,8
Hildegardstrasse,9
Hildegardstrasse,10
Hildegardstrasse,11
Hildegardstrasse,12
Hildegardstrasse,13
Hildegardstrasse,14
Hildegardstrasse,15
Hildegardstrasse,16
Hildegardstrasse,17
Hildegardstrasse,18
Hildegardstrasse,19
Hildegardstrasse,20
Hildegardstrasse,21
Hildegardstrasse,22
Hildegardstrasse,23
Hildegardstrasse,24
Hildegardstrasse,25
Hildegardstrasse,26
Hildegardstrasse,27
Hildegardstrasse,28
Himbselstrasse,1
Hirschau,1
Hirschau,2
Hirschau,3
Hirschau,4
Hirschau,5
Hirschau,6
Hirschau,7
Hirschau,8
Hirschau,9
Hirschau,10
Hirschau,11
Hirschau,12
Hirschau,13
Hirschau,14
Hirschau,15
Hirschau,16
Hirschau,17
Hirschau,18
Hirschau,19
Hirschau,20
Hirschau,21
Hirschgartenallee,1
Hirschgartenallee,2
Hirschgartenallee,3
Hirschgartenallee,4
Hirschgartenallee,5
Hirschgartenallee,6
Hirschgartenallee,7
Hirschgartenallee,8
Hirschgartenallee,9
Hirschgartenallee,10
Hirschgartenallee,11
Hirschgartenallee,12
Hirschgartenallee,13
Hirtenstrasse,1
Hirtenstrasse,2
Hirtenstrasse,3
Hirtenstrasse,4
Hirtenstrasse,5
Hirtenstrasse,6
Hirtenstrasse,7
Hirtenstrasse,8
Hirtenstrasse,9
Hirtenstrasse,10
Hirtenstrasse,11
Hirtenstrasse,12
Hirtenstrasse,13
Hirtenstrasse,14
Hirtenstrasse,15
Hirtenstrasse,16
Hirtenstrasse,17
Hirtenstrasse,18
Hirtenstrasse,19
Hirtenstrasse,20
Hirtenstrasse,21
Hirtenstrasse,22
Hirtenstrasse,23
Hirtenstrasse,24
Hirtenstrasse,25
Hl. Geistg,1
Hochbrueckenstrasse,1
Hochbrueckenstrasse,2
Hochbrueckenstrasse,3
Hochbrueckenstrasse,4
Hochbrueckenstrasse,5
Hochbrueckenstrasse,6
Hochbrueckenstrasse,7
Hochbrueckenstrasse,8
Hochbrueckenstrasse,9
Hochbrueckenstrasse,10
Hochbrueckenstrasse,11
Hochbrueckenstrasse,12
Hochbrueckenstrasse,13
Hochbrueckenstrasse,14
Hochbrueckenstrasse,15
Hochbrueckenstrasse,16
Hochbrueckenstrasse,17
Hochbrueckenstrasse,18
Hochbrueckenstrasse,19
Hochbrueckenstrasse,20
Hochstrasse,1
Hochstrasse,2
Hochstrasse,3
Hochstrasse,4
Hochstrasse,5
Hochstrasse,6
Hochstrasse,7
Hochstrasse,8
Hochstrasse,9
Hochstrasse,10
Hochstrasse,11
Hochstrasse,12
Hochstrasse,13
Hochstrasse,14
Hochstrasse,15
Hochstrasse,16
Hochstrasse,17
Hochstrasse,18
Hochstrasse,19
Hochstrasse,20
Hochstrasse,21
Hochstrasse,22
Hochstrasse,23
Hochstrasse,24
Hochstrasse,25
Hochstrasse,26
Hochstrasse,27
Hochstrasse,28
Hochstrasse,29
Hochstrasse,30
Hochstrasse,31
Hochstrasse,32
Hochstrasse,33
Hochstrasse,34
Hochstrasse,35
Hochstrasse,36
Hochstrasse,37
Hochstrasse,38
Hochstrasse,39
Hochstrasse,40
Hochstrasse,41
Hochstrasse,42
Hochstrasse,43
Hochstrasse,44
Hochstrasse,45
Hochstrasse,46
Hochstrasse,47
Hochstrasse,48
Hochstrasse,49
Hochstrasse,50
Hochstrasse,51
Hochstrasse,52
Hochstrasse,53
Hochstrasse,54
Hochstrasse,55
Hochstrasse,56
Hochstrasse,57
Hochstrasse,58
Hochstrasse,59
Hochstrasse,60
Hochstrasse,61
Hochstrasse,62
Hochstrasse,63
Hochstrasse,64
Hochstrasse,65
Hochstrasse,66
Hochstrasse,67
Hochstrasse,68
Hoechst,1
Hoechst,2
Hoechst,3
Hoechst,4
Hoechst,5
Hoechst,6
Hoechst,7
Hoechst,8
Hoechst,9
Hoechst,10
Hoechst,11
Hoechst,12
Hoechst,13
Hoechst,14
Hoechst,15
Hoechst,16
Hoechst,17
Hoechst,18
Hoechst,19
Hoechst,20
Hoechst,21
Hoechst,22
Hoechst,23
Hoechst,24
Hoechst,25
Hoechst,26
Hoechst,27
Hoechst,28
Hoechst,29
Hoechst,30
Hoechst,31
Hoechst,32
Hoechst,33
Hoechst,34
Hoechst,35
Hoechst,36
Hoechst,37
Hoechst,38
Hoechst,39
Hoechst,40
Hoechst,41
Hoechst,42
Hoechst,43
Hoechst,44
Hoechst,45
Hoechst,46
Hoechst,47
Hoechst,48
Hoechst,49
Hoechst,50
Hoechst,51
Hoechst,52
Hoechst,53
Hoechst,54
Hoechst,55
Hoechst,56
Hoechst,57
Hoechst,58
Hoechst,59
Hoechst,60
Hoechst,61
Hoechst,62
Hoechst,63
Hoeckhstrasse,1
Hoeckhstrasse,2
Hoeckhstrasse,3
Hoeckhstrasse,4
Hoeckhstrasse,5
Hoeckhstrasse,6
Hoeckhstrasse,7
Hoeckhstrasse,8
Hoeckhstrasse,9
Hoeckhstrasse,10
Hoeckhstrasse,11
Hoeckhstrasse,12
Hoeckhstrasse,13
Hoeckhstrasse,14
Hoeckhstrasse,15
Hoeckhstrasse,16
Hoeckhstrasse,17
Hoeckhstrasse,18
Hoeckhstrasse,19
Hoeckhstrasse,20
Hoeckhstrasse,21
Hoeckhstrasse,22
Hoeckhstrasse,23
Hoeckhstrasse,24
Hoeckhstrasse,25
Hoeckhstrasse,26
Hoeckhstrasse,27
Hoeckhstrasse,28
Hoeckhstrasse,29
Hoeckhstrasse,30
Hoeckhstrasse,31
Hoeckhstrasse,32
Hoeckhstrasse,33
Hoeckhstrasse,34
Hoeckhstrasse,35
Hoeckhstrasse,36
Hoeckhstrasse,37
Hoerwarthstrasse,1
Hoerwarthstrasse,2
Hoerwarthstrasse,3
Hoerwarthstrasse,4
Hoerwarthstrasse,5
Hoerwarthstrasse,6
Hoerwarthstrasse,7
Hoerwarthstrasse,8
Hofflatt,1
Hofflatt,2
Hofflatt,3
Hofflatt,4
Hofgartenstrasse,1
Hofgartenstrasse,2
Hofgartenstrasse,3
Hofgartenstrasse,4
Hofgartenstrasse,5
Hofgraben,1
Hofgraben,2
Hofgraben,3
Hofgraben,4
Hofstatt,1
Hofstatt,2
Hofstatt,3
Hofstatt,4
Hofstatt,5
Hofstatt,6
Hofstatt,7
Hofstatt,8
Hofwinkel,1
Hofwinkel,2
Hofwinkel,3
Hohenzollernstrasse,1
Hohenzollernstrasse,2
Hohenzollernstrasse,3
Hohenzollernstrasse,4
Hohenzollernstrasse,5
Hohenzollernstrasse,6
Hohenzollernstrasse,7
Hohenzollernstrasse,8
Hohenzollernstrasse,9
Hohenzollernstrasse,10
Hohenzollernstrasse,11
Hohenzollernstrasse,12
Hohenzollernstrasse,13
Hohenzollernstrasse,14
Hohenzollernstrasse,15
Hohenzollernstrasse,16
Hohenzollernstrasse,17
Hohenzollernstrasse,18
Hohenzollernstrasse,19
Hohenzollernstrasse,20
Hohenzollernstrasse,21
Hohenzollernstrasse,22
Hohenzollernstrasse,23
Hohenzollernstrasse,24
Hohenzollernstrasse,25
Hohenzollernstrasse,26
Hohenzollernstrasse,27
Hohenzollernstrasse,28
Hohenzollernstrasse,29
Hohenzollernstrasse,30
Hohenzollernstrasse,31
Hohenzollernstrasse,32
Hohenzollernstrasse,33
Hohenzollernstrasse,34
Hohenzollernstrasse,35
Hohenzollernstrasse,36
Hohenzollernstrasse,37
Hohenzollernstrasse,38
Hohenzollernstrasse,39
Hohenzollernstrasse,40
Hohenzollernstrasse,41
Hohenzollernstrasse,42
Hohenzollernstrasse,43
Hohenzollernstrasse,44
Hohenzollernstrasse,45
Hohenzollernstrasse,46
Hohenzollernstrasse,47
Hohenzollernstrasse,48
Hohenzollernstrasse,49
Hohenzollernstrasse,50
Hohenzollernstrasse,51
Hohenzollernstrasse,52
Hohenzollernstrasse,53
Hohenzollernstrasse,54
Hohenzollernstrasse,55
Hohenzollernstrasse,56
Hohenzollernstrasse,57
Hohenzollernstrasse,58
Hohenzollernstrasse,59
Hohenzollernstrasse,60
Hohenzollernstrasse,61
Hohenzollernstrasse,62
Hohenzollernstrasse,63
Hohenzollernstrasse,64
Hohenzollernstrasse,65
Hohenzollernstrasse,66
Hohenzollernstrasse,67
Hohenzollernstrasse,68
Hohenzollernstrasse,69
Hohenzollernstrasse,70
Hohenzollernstrasse,71
Hohenzollernstrasse,72
Hohenzollernstrasse,73
Hohenzollernstrasse,74
Hohenzollernstrasse,75
Hohenzollernstrasse,76
Hohenzollernstrasse,77
Hohenzollernstrasse,78
Hohenzollernstrasse,79
Hohenzollernstrasse,80
Hohenzollernstrasse,81
Hohenzollernstrasse,82
Hohenzollernstrasse,83
Hohenzollernstrasse,84
Hohenzollernstrasse,85
Hohenzollernstrasse,86
Hohenzollernstrasse,87
Holzapfelkreut,1
Holzapfelkreut,2
Holzapfelstrasse,1
Holzapfelstrasse,2
Holzapfelstrasse,3
Holzapfelstrasse,4
Holzapfelstrasse,5
Holzapfelstrasse,6
Holzapfelstrasse,7
Holzapfelstrasse,8
Holzapfelstrasse,9
Holzapfelstrasse,10
Holzapfelstrasse,11
Holzapfelstrasse,12
Holzapfelstrasse,13
Holzgartenstrasse,1
Holzgartenstrasse,2
Holzhofstrasse,1
Holzhofstrasse,2
Holzhofstrasse,3
Holzhofstrasse,4
Holzhofstrasse,5
Holzstrasse,1
Holzstrasse,2
Holzstrasse,3
Holzstrasse,4
Holzstrasse,5
Holzstrasse,6
Holzstrasse,7
Holzstrasse,8
Holzstrasse,9
Holzstrasse,10
Holzstrasse,11
Holzstrasse,12
Holzstrasse,13
Holzstrasse,14
Holzstrasse,15
Holzstrasse,16
Holzstrasse,17
Holzstrasse,18
Holzstrasse,19
Holzstrasse,20
Holzstrasse,21
Holzstrasse,22
Holzstrasse,23
Holzstrasse,24
Holzstrasse,25
Holzstrasse,26
Holzstrasse,27
Holzstrasse,28
Holzstrasse,29
Hopfenstrasse,1
Hopfenstrasse,2
Hopfenstrasse,3
Hopfenstrasse,4
Hopfenstrasse,5
Hopfenstrasse,6
Hopfenstrasse,7
Hopfenstrasse,8
Hotterstrasse,1
Hotterstrasse,2
Hotterstrasse,3
Hotterstrasse,4
Hotterstrasse,5
Hotterstrasse,6
Hotterstrasse,7
Hotterstrasse,8
Hotterstrasse,9
Huebnerstrasse,1
Huebnerstrasse,2
Huebnerstrasse,3
Huebnerstrasse,4
Huebnerstrasse,5
Huebnerstrasse,6
Huebnerstrasse,7
Huebnerstrasse,8
Humboldtstrasse,1
Humboldtstrasse,2
Humboldtstrasse,3
Humboldtstrasse,4
Humboldtstrasse,5
Humboldtstrasse,6
Humboldtstrasse,7
Humboldtstrasse,8
Humboldtstrasse,9
Humboldtstrasse,10
Humboldtstrasse,11
Humboldtstrasse,12
Humboldtstrasse,13
Humboldtstrasse,14
Humboldtstrasse,15
Humboldtstrasse,16
Humboldtstrasse,17
Humboldtstrasse,18
Hundskugel,1
Hundskugel,2
Hundskugel,3
Hundskugel,4
Hundskugel,5
Hundskugel,6
Hundskugel,7
Hundskugel,8
I. Wintergart. Max-Josephpl,1
Ickstattstrasse,1
Ickstattstrasse,2
Ickstattstrasse,3
Ickstattstrasse,4
Ickstattstrasse,5
Ickstattstrasse,6
Ickstattstrasse,7
Ickstattstrasse,8
Ickstattstrasse,9
Ickstattstrasse,10
Ickstattstrasse,11
Ickstattstrasse,12
Ickstattstrasse,13
Ickstattstrasse,14
Ickstattstrasse,15
Ickstattstrasse,16
Ickstattstrasse,17
Ickstattstrasse,18
Ickstattstrasse,19
Ickstattstrasse,20
Ickstattstrasse,21
Ickstattstrasse,22
Ickstattstrasse,23
Ickstattstrasse,24
Ickstattstrasse,25
Ickstattstrasse,26
Ickstattstrasse,27
Ickstattstrasse,28
Ickstattstrasse,29
Ickstattstrasse,30
Ickstattstrasse,31
Ickstattstrasse,32
Im Waisenhaus Findlingstrasse,1
Im Waisenhaus Findlingstrasse,2
Im Waisenhaus Findlingstrasse,3
In Haidhausen.,1
In Haidhausen.,2
In Haidhausen.,3
In Haidhausen.,4
In Haidhausen.,5
In Haidhausen.,6
In Haidhausen.,7
In Haidhausen.,8
In Haidhausen.,9
In Haidhausen.,10
In Haidhausen.,11
In Haidhausen.,12
In Haidhausen.,13
In Haidhausen.,14
In Haidhausen.,15
In Haidhausen.,16
In Haidhausen.,17
In Haidhausen.,18
In Haidhausen.,19
In Haidhausen.,20
In Haidhausen.,21
In Haidhausen.,22
In Haidhausen.,23
In Haidhausen.,24
In Haidhausen.,25
In Haidhausen.,26
In Haidhausen.,27
In Haidhausen.,28
In Haidhausen.,29
In Haidhausen.,30
In Haidhausen.,31
In Haidhausen.,32
In Haidhausen.,33
In Haidhausen.,34
In Haidhausen.,35
In Haidhausen.,36
In Haidhausen.,37
In Haidhausen.,38
In Haidhausen.,39
In Haidhausen.,40
In Haidhausen.,41
In Haidhausen.,42
In Haidhausen.,43
In Haidhausen.,44
In Haidhausen.,45
In Haidhausen.,46
In Haidhausen.,47
In Haidhausen.,48
In Haidhausen.,49
In Haidhausen.,50
In Haidhausen.,51
In Haidhausen.,52
In Haidhausen.,53
In Haidhausen.,54
In Haidhausen.,55
In Haidhausen.,56
In Haidhausen.,57
In Haidhausen.,58
In Haidhausen.,59
In Haidhausen.,60
In Haidhausen.,61
In Haidhausen.,62
In Haidhausen.,63
In Haidhausen.,64
In Haidhausen.,65
In Haidhausen.,66
In Haidhausen.,67
In Haidhausen.,68
In Haidhausen.,69
In Haidhausen.,70
In Haidhausen.,71
In Haidhausen.,72
In Haidhausen.,73
In Haidhausen.,74
In Haidhausen.,75
In Haidhausen.,76
In Haidhausen.,77
In Haidhausen.,78
In Haidhausen.,79
In Haidhausen.,80
In Haidhausen.,81
In Haidhausen.,82
In Haidhausen.,83
In Haidhausen.,84
In Haidhausen.,85
In Haidhausen.,86
In Haidhausen.,87
In Haidhausen.,88
In Haidhausen.,89
In Haidhausen.,90
In Haidhausen.,91
In Haidhausen.,92
In Haidhausen.,93
In Haidhausen.,94
In Haidhausen.,95
In Haidhausen.,96
In Haidhausen.,97
In Haidhausen.,98
In Haidhausen.,99
In Haidhausen.,100
In Haidhausen.,101
In Haidhausen.,102
In Haidhausen.,103
In Haidhausen.,104
In Haidhausen.,105
In Haidhausen.,106
In Haidhausen.,107
In Haidhausen.,108
In Haidhausen.,109
In Haidhausen.,110
In Haidhausen.,111
In Haidhausen.,112
In Haidhausen.,113
In Haidhausen.,114
In Haidhausen.,115
In Haidhausen.,116
In Haidhausen.,117
In Haidhausen.,118
In Haidhausen.,119
In Haidhausen.,120
In Haidhausen.,121
In Haidhausen.,122
In Haidhausen.,123
In Haidhausen.,124
In Haidhausen.,125
In Haidhausen.,126
In Haidhausen.,127
In Haidhausen.,128
In Haidhausen.,129
In Haidhausen.,130
In Haidhausen.,131
In Haidhausen.,132
In Haidhausen.,133
In Haidhausen.,134
In Haidhausen.,135
In Haidhausen.,136
In Haidhausen.,137
In Haidhausen.,138
In Haidhausen.,139
In Haidhausen.,140
In Haidhausen.,141
In Haidhausen.,142
In Haidhausen.,143
In Haidhausen.,144
In Haidhausen.,145
In Haidhausen.,146
In Haidhausen.,147
In Haidhausen.,148
In Haidhausen.,149
In Haidhausen.,150
In Haidhausen.,151
In Haidhausen.,152
In Haidhausen.,153
In Haidhausen.,154
In Haidhausen.,155
In Haidhausen.,156
In Haidhausen.,157
In Haidhausen.,158
In Haidhausen.,159
In Haidhausen.,160
In Haidhausen.,161
In Haidhausen.,162
In Haidhausen.,163
In Haidhausen.,164
In Haidhausen.,165
In Haidhausen.,166
In Haidhausen.,167
In Haidhausen.,168
In Haidhausen.,169
In Haidhausen.,170
In Haidhausen.,171
In Haidhausen.,172
In Haidhausen.,173
In Haidhausen.,174
In Haidhausen.,175
In Haidhausen.,176
In Haidhausen.,177
In Haidhausen.,178
In Haidhausen.,179
In Haidhausen.,180
In Haidhausen.,181
In Haidhausen.,182
In Haidhausen.,183
In Haidhausen.,184
In Haidhausen.,185
In Haidhausen.,186
In Haidhausen.,187
In Haidhausen.,188
In Haidhausen.,189
In Haidhausen.,190
In Haidhausen.,191
In Haidhausen.,192
In Haidhausen.,193
In Haidhausen.,194
In Haidhausen.,195
In Haidhausen.,196
In Haidhausen.,197
In Haidhausen.,198
In Haidhausen.,199
In Haidhausen.,200
In Haidhausen.,201
In Haidhausen.,202
In Haidhausen.,203
In Haidhausen.,204
In Haidhausen.,205
In Haidhausen.,206
In Haidhausen.,207
In Haidhausen.,208
In Haidhausen.,209
In Haidhausen.,210
In Haidhausen.,211
In Haidhausen.,212
In Haidhausen.,213
In Haidhausen.,214
In Haidhausen.,215
In Haidhausen.,216
In Haidhausen.,217
In Haidhausen.,218
In Haidhausen.,219
In Haidhausen.,220
In Haidhausen.,221
In Haidhausen.,222
In Haidhausen.,223
In Haidhausen.,224
In Haidhausen.,225
In Haidhausen.,226
In Haidhausen.,227
In Haidhausen.,228
In Haidhausen.,229
In Haidhausen.,230
In Haidhausen.,231
In Haidhausen.,232
In Haidhausen.,233
In Haidhausen.,234
In Haidhausen.,235
In Haidhausen.,236
In Haidhausen.,237
In Haidhausen.,238
In Haidhausen.,239
In Haidhausen.,240
In Haidhausen.,241
In Haidhausen.,242
In Haidhausen.,243
In Haidhausen.,244
In Haidhausen.,245
In Haidhausen.,246
In Haidhausen.,247
In Haidhausen.,248
In Haidhausen.,249
In Haidhausen.,250
In Haidhausen.,251
In Haidhausen.,252
In Haidhausen.,253
In Haidhausen.,254
In Haidhausen.,255
In Haidhausen.,256
In Haidhausen.,257
In Haidhausen.,258
In Haidhausen.,259
In Haidhausen.,260
In Haidhausen.,261
In Haidhausen.,262
In Haidhausen.,263
In Haidhausen.,264
In Haidhausen.,265
In Haidhausen.,266
In Haidhausen.,267
In Haidhausen.,268
In Haidhausen.,269
In Haidhausen.,270
In Haidhausen.,271
In Haidhausen.,272
In Haidhausen.,273
In Haidhausen.,274
In Haidhausen.,275
In Haidhausen.,276
In Haidhausen.,277
In Haidhausen.,278
In Haidhausen.,279
In Haidhausen.,280
In Haidhausen.,281
In Haidhausen.,282
In Haidhausen.,283
In Haidhausen.,284
In Haidhausen.,285
In Haidhausen.,286
In Haidhausen.,287
In Haidhausen.,288
In Haidhausen.,289
In Haidhausen.,290
In Haidhausen.,291
In Haidhausen.,292
In Haidhausen.,293
In Haidhausen.,294
In Haidhausen.,295
In Haidhausen.,296
In Haidhausen.,297
In Haidhausen.,298
In Haidhausen.,299
In Haidhausen.,300
In Haidhausen.,301
In Haidhausen.,302
In Haidhausen.,303
In Haidhausen.,304
In Haidhausen.,305
In Haidhausen.,306
In Haidhausen.,307
In Haidhausen.,308
In Haidhausen.,309
In Haidhausen.,310
In Haidhausen.,311
In Haidhausen.,312
In Haidhausen.,313
In Haidhausen.,314
In Haidhausen.,315
In Haidhausen.,316
In Haidhausen.,317
In Haidhausen.,318
In Haidhausen.,319
In Haidhausen.,320
In Haidhausen.,321
In Haidhausen.,322
In Haidhausen.,323
In Haidhausen.,324
In Haidhausen.,325
In Haidhausen.,326
In Haidhausen.,327
In Haidhausen.,328
In Haidhausen.,329
In Haidhausen.,330
In Haidhausen.,331
In Haidhausen.,332
In Haidhausen.,333
In Haidhausen.,334
In Haidhausen.,335
In Haidhausen.,336
In Haidhausen.,337
In Haidhausen.,338
In Haidhausen.,339
In Haidhausen.,340
In Haidhausen.,341
In Haidhausen.,342
In Haidhausen.,343
In Haidhausen.,344
In Haidhausen.,345
In Haidhausen.,346
In Haidhausen.,347
In Haidhausen.,348
In Haidhausen.,349
In Haidhausen.,350
In Haidhausen.,351
In Haidhausen.,352
In Haidhausen.,353
In Haidhausen.,354
In Haidhausen.,355
In Haidhausen.,356
In Haidhausen.,357
In Haidhausen.,358
In Haidhausen.,359
In Haidhausen.,360
In Haidhausen.,361
In Haidhausen.,362
In Haidhausen.,363
In Haidhausen.,364
In Haidhausen.,365
In Haidhausen.,366
In Haidhausen.,367
In Haidhausen.,368
In Haidhausen.,369
In Haidhausen.,370
In Haidhausen.,371
In Haidhausen.,372
In Haidhausen.,373
In Haidhausen.,374
In Haidhausen.,375
In Haidhausen.,376
In Haidhausen.,377
In Haidhausen.,378
In Haidhausen.,379
In Haidhausen.,380
In Haidhausen.,381
In Haidhausen.,382
In Haidhausen.,383
In Haidhausen.,384
In Haidhausen.,385
In Haidhausen.,386
In Haidhausen.,387
In Haidhausen.,388
In Haidhausen.,389
In Haidhausen.,390
In Haidhausen.,391
In Haidhausen.,392
In Haidhausen.,393
In Haidhausen.,394
In Haidhausen.,395
In Haidhausen.,396
In Haidhausen.,397
In Haidhausen.,398
In Haidhausen.,399
In Haidhausen.,400
In Haidhausen.,401
In Haidhausen.,402
In Haidhausen.,403
In Haidhausen.,404
In Haidhausen.,405
In Haidhausen.,406
In Haidhausen.,407
In Haidhausen.,408
In Haidhausen.,409
In Haidhausen.,410
In Schwabing,1
In Schwabing,2
In Schwabing,3
In Schwabing,4
In Schwabing,5
In Schwabing,6
In Schwabing,7
In Schwabing,8
In Schwabing,9
In Schwabing,10
In Schwabing,11
In Schwabing,12
In Schwabing,13
In Schwabing,14
In Schwabing,15
In Schwabing,16
In Schwabing,17
In Schwabing,18
In Schwabing,19
In Schwabing,20
In Schwabing,21
In Schwabing,22
In Schwabing,23
In Schwabing,24
In Schwabing,25
In Schwabing,26
In Schwabing,27
In Schwabing,28
In Schwabing,29
In Schwabing,30
In Schwabing,31
In Schwabing,32
In Schwabing,33
In Schwabing,34
In Schwabing,35
In Schwabing,36
In Schwabing,37
In Schwabing,38
In Schwabing,39
In Schwabing,40
In Schwabing,41
In Schwabing,42
In Schwabing,43
In Schwabing,44
In Schwabing,45
In Schwabing,46
In Schwabing,47
In Schwabing,48
In Schwabing,49
In Schwabing,50
In Schwabing,51
In Schwabing,52
In Schwabing,53
In Schwabing,54
In Schwabing,55
In Schwabing,56
In Schwabing,57
In Schwabing,58
In Schwabing,59
In Schwabing,60
In Schwabing,61
In Schwabing,62
In Schwabing,63
In Schwabing,64
In Schwabing,65
In Schwabing,66
In Schwabing,67
In Schwabing,68
In Schwabing,69
In Schwabing,70
In Schwabing,71
In Schwabing,72
In Schwabing,73
In Schwabing,74
In Schwabing,75
In Schwabing,76
In Schwabing,77
In Schwabing,78
In Schwabing,79
In Schwabing,80
In Schwabing,81
In Schwabing,82
In Schwabing,83
In Schwabing,84
In Schwabing,85
In Schwabing,86
In Schwabing,87
In Schwabing,88
In Schwabing,89
In Schwabing,90
In Schwabing,91
In Schwabing,92
In Schwabing,93
In Schwabing,94
In Schwabing,95
In Schwabing,96
In Schwabing,97
In Schwabing,98
In der Grube,1
In der Grube,2
In der Grube,3
In der Grube,4
In der Grube,5
In der Grube,6
In der Grube,7
In der Grube,8
In der Grube,9
In der Grube,10
In der Grube,11
In der Grube,12
In der Grube,13
In der Grube,14
In der Grube,15
In der Grube,16
In der Grube,17
In der Grube,18
In der Grube,19
In der Grube,20
In der Grube,21
In der Grube,22
In der Grube,23
In der Grube,24
In der Grube,25
In der Grube,26
In der Grube,27
In der Grube,28
In der Grube,29
In der Grube,30
In der Grube,31
In der Grube,32
In der Grube,33
In der Grube,34
In der Grube,35
In der Grube,36
In der Grube,37
In der Grube,38
In der Grube,39
In der Grube,40
In der Grube,41
In der Grube,42
In der Grube,43
In der Grube,44
In der Grube,45
In der Grube,46
In der Grube,47
In der Grube,48
Inn. Wienerst,1
Inn. Wienerst,2
Inn. Wienerst,3
Inn. Wienerst,4
Inn. Wienerst,5
Inn. Wienerst,6
Inn. Wienerst,7
Inn. Wienerst,8
Inn. Wienerst,9
Inn. Wienerst,10
Inn. Wienerst,11
Innere Birkenau,1
Innere Birkenau,2
Innere Birkenau,3
Innere Birkenau,4
Innere Birkenau,5
Innere Birkenau,6
Innere Birkenau,7
Innere Birkenau,8
Innere Birkenau,9
Innere Birkenau,10
Innere Birkenau,11
Innere Birkenau,12
Innere Birkenau,13
Innere Birkenau,14
Innere Birkenau,15
Innere Birkenau,16
Innere Birkenau,17
Innere Birkenau,18
Innere Birkenau,19
Innere Birkenau,20
Innere Birkenau,21
Innere Birkenau,22
Innere Birkenau,23
Innere Birkenau,24
Innere Birkenau,25
Innere Birkenau,26
Innere Isarstrasse,1
Innere Isarstrasse,2
Innere Isarstrasse,3
Innere Isarstrasse,4
Innere Isarstrasse,5
Innere Isarstrasse,6
Innere Isarstrasse,7
Innere Isarstrasse,8
Innere Isarstrasse,9
Innere Isarstrasse,10
Innere Isarstrasse,11
Innere Isarstrasse,12
Innere Isarstrasse,13
Innere Isarstrasse,14
Innere Isarstrasse,15
Innere Isarstrasse,16
Innere Schleissheimer Strasse,1
Innere Schleissheimer Strasse,2
Innere Schleissheimer Strasse,3
Innere Schleissheimer Strasse,4
Innere Schleissheimer Strasse,5
Innere Schleissheimer Strasse,6
Innere Schleissheimer Strasse,7
Innere Schleissheimer Strasse,8
Innere Schleissheimer Strasse,9
Innere Schleissheimer Strasse,10
Innere Schleissheimer Strasse,11
Innere Schleissheimer Strasse,12
Innere Schleissheimer Strasse,13
Innere Schleissheimer Strasse,14
Innere Schleissheimer Strasse,15
Innere Schleissheimer Strasse,16
Innere Schleissheimer Strasse,17
Innere Schleissheimer Strasse,18
Innere Schleissheimer Strasse,19
Innere Schleissheimer Strasse,20
Innere Schleissheimer Strasse,21
Innere Schleissheimer Strasse,22
Innere Schleissheimer Strasse,23
Innere Schleissheimer Strasse,24
Innere Schleissheimer Strasse,25
Innere Schleissheimer Strasse,26
Innere Schleissheimer Strasse,27
Innere Schleissheimer Strasse,28
Innere Schleissheimer Strasse,29
Innere Schleissheimer Strasse,30
Innere Schleissheimer Strasse,31
Innere Schleissheimer Strasse,32
Innere Schleissheimer Strasse,33
Innere Schleissheimer Strasse,34
Innere Schleissheimer Strasse,35
Innere Schleissheimer Strasse,36
Innere Schleissheimer Strasse,37
Innere Schleissheimer Strasse,38
Innere Schleissheimer Strasse,39
Innere Schleissheimer Strasse,40
Innere Schleissheimer Strasse,41
Innere Schleissheimer Strasse,42
Innere Schleissheimer Strasse,43
Innere Schleissheimer Strasse,44
Innere Schleissheimer Strasse,45
Innere Schleissheimer Strasse,46
Innere Schleissheimer Strasse,47
Innere Schleissheimer Strasse,48
Innere Schleissheimer Strasse,49
Innere Schleissheimer Strasse,50
Innere Schleissheimer Strasse,51
Innere Schleissheimer Strasse,52
Innere Schleissheimer Strasse,53
Innere Schleissheimer Strasse,54
Innere Schleissheimer Strasse,55
Innere Schleissheimer Strasse,56
Innere Schleissheimer Strasse,57
Innere Schleissheimer Strasse,58
Innere Schleissheimer Strasse,59
Innere Schleissheimer Strasse,60
Innere Schleissheimer Strasse,61
Innere Schleissheimer Strasse,62
Innere Schleissheimer Strasse,63
Innere Schleissheimer Strasse,64
Innere Schleissheimer Strasse,65
Innere Schleissheimer Strasse,66
Innere Schleissheimer Strasse,67
Innere Schleissheimer Strasse,68
Innere Schleissheimer Strasse,69
Innere Schleissheimer Strasse,70
Innere Schleissheimer Strasse,71
Innere Schleissheimer Strasse,72
Innere Schleissheimer Strasse,73
Innere Schleissheimer Strasse,74
Innere Schleissheimer Strasse,75
Innere Schleissheimer Strasse,76
Innere Schleissheimer Strasse,77
Innere Schleissheimer Strasse,78
Innere Schleissheimer Strasse,79
Innere Schleissheimer Strasse,80
Innere Schleissheimer Strasse,81
Innere Schleissheimer Strasse,82
Innere Schleissheimer Strasse,83
Innere Schleissheimer Strasse,84
Innere Schleissheimer Strasse,85
Innere Schleissheimer Strasse,86
Innere Schleissheimer Strasse,87
Innere Schleissheimer Strasse,88
Innere Schleissheimer Strasse,89
Innere Schleissheimer Strasse,90
Innere Schleissheimer Strasse,91
Innere Schleissheimer Strasse,92
Innere Schleissheimer Strasse,93
Innere Schleissheimer Strasse,94
Innere Schleissheimer Strasse,95
Innere Schleissheimer Strasse,96
Innere Schleissheimer Strasse,97
Innere Schleissheimer Strasse,98
Innere Schleissheimer Strasse,99
Innere Schleissheimer Strasse,100
Innere Schleissheimer Strasse,101
Innere Schleissheimer Strasse,102
Innere Schleissheimer Strasse,103
Innere Schleissheimer Strasse,104
Innere Schleissheimer Strasse,105
Innere Schleissheimer Strasse,106
Innere Schleissheimer Strasse,107
Innere Schleissheimer Strasse,108
Innere Schleissheimer Strasse,109
Innere Schleissheimer Strasse,110
Innere Schleissheimer Strasse,111
Innere Schleissheimer Strasse,112
Innere Schleissheimer Strasse,113
Innere Schleissheimer Strasse,114
Innere Schleissheimer Strasse,115
Innere Schleissheimer Strasse,116
Innere Schleissheimer Strasse,117
Innere Schleissheimer Strasse,118
Innere Schleissheimer Strasse,119
Innere Schleissheimer Strasse,120
Innere Schleissheimer Strasse,121
Innere Schleissheimer Strasse,122
Innere Schleissheimer Strasse,123
Innere Schleissheimer Strasse,124
Innere Schleissheimer Strasse,125
Innere Schleissheimer Strasse,126
Innere Schleissheimer Strasse,127
Innere Schleissheimer Strasse,128
Innere Schleissheimer Strasse,129
Innere Schleissheimer Strasse,130
Innere Schleissheimer Strasse,131
Innere Schleissheimer Strasse,132
Innere Schleissheimer Strasse,133
Innere Schleissheimer Strasse,134
Innere Schleissheimer Strasse,135
Innere Schleissheimer Strasse,136
Innere Wiener Strasse,1
Innere Wiener Strasse,2
Innere Wiener Strasse,3
Innere Wiener Strasse,4
Innere Wiener Strasse,5
Innere Wiener Strasse,6
Innere Wiener Strasse,7
Innere Wiener Strasse,8
Innere Wiener Strasse,9
Innere Wiener Strasse,10
Innere Wiener Strasse,11
Innere Wiener Strasse,12
Innere Wiener Strasse,13
Innere Wiener Strasse,14
Innere Wiener Strasse,15
Innere Wiener Strasse,16
Innere Wiener Strasse,17
Innere Wiener Strasse,18
Innere Wiener Strasse,19
Innere Wiener Strasse,20
Innere Wiener Strasse,21
Innere Wiener Strasse,22
Innere Wiener Strasse,23
Innere Wiener Strasse,24
Innere Wiener Strasse,25
Innere Wiener Strasse,26
Innere Wiener Strasse,27
Innere Wiener Strasse,28
Innere Wiener Strasse,29
Innere Wiener Strasse,30
Innere Wiener Strasse,31
Irrenweg,1
Isarauen,1
Isarauen,2
Isarauen,3
Isarauen,4
Isarauen,5
Isartorplatz,1
Isartorplatz,2
Isartorplatz,3
Isartorplatz,4
Isartorplatz,5
Isartorplatz,6
Isartorplatz,7
Isartorplatz,8
Ismaninger Strasse,1
Ismaninger Strasse,2
Ismaninger Strasse,3
Ismaninger Strasse,4
Ismaninger Strasse,5
Ismaninger Strasse,6
Ismaninger Strasse,7
Ismaninger Strasse,8
Ismaninger Strasse,9
Ismaninger Strasse,10
Ismaninger Strasse,11
Ismaninger Strasse,12
Ismaninger Strasse,13
Ismaninger Strasse,14
Ismaninger Strasse,15
Ismaninger Strasse,16
Ismaninger Strasse,17
Ismaninger Strasse,18
Ismaninger Strasse,19
Ismaninger Strasse,20
Ismaninger Strasse,21
Ismaninger Strasse,22
Ismaninger Strasse,23
Ismaninger Strasse,24
Ismaninger Strasse,25
Ismaninger Strasse,26
Ismaninger Strasse,27
Ismaninger Strasse,28
Ismaninger Strasse,29
Ismaninger Strasse,30
Ismaninger Strasse,31
Ismaninger Strasse,32
Ismaninger Strasse,33
Ismaninger Strasse,34
Ismaninger Strasse,35
Ismaninger Strasse,36
Ismaninger Strasse,37
Ismaninger Strasse,38
Ismaninger Strasse,39
Ismaninger Strasse,40
Ismaninger Strasse,41
Ismaninger Strasse,42
Ismaninger Strasse,43
Jaegergasse,1
Jaegergasse,2
Jaegergasse,3
Jaegergasse,4
Jaegergasse,5
Jaegergasse,6
Jaegergasse,7
Jaegergasse,8
Jaegergasse,9
Jaegergasse,10
Jaegerhaeuseln,1
Jaegerhaeuseln,2
Jaegerhaeuseln,3
Jaegerhaeuseln,4
Jaegerhaeuseln,5
Jaegerhaeuseln,6
Jaegerhaeuseln,7
Jaegerhaeuseln,8
Jaegerhaeuseln,9
Jaegerhaeuseln,10
Jaegerhaeuseln,11
Jaegerhaeuseln,12
Jaegerhaeuseln,13
Jaegerhaeuseln,14
Jaegerhaeuseln,15
Jaegerhaeuseln,16
Jaegerhaeuseln,17
Jaegerhaeuseln,18
Jaegerhaeuseln,19
Jaegerhaeuseln,20
Jaegerhaeuseln,21
Jaegerhaeuseln,22
Jaegerhaeuseln,23
Jaegerhaeuseln,24
Jaegerhaeuseln,25
Jaegerhaeuseln,26
Jaegerhaeuseln,27
Jaegerhaeuseln,28
Jaegerhaeuseln,29
Jaegerstrasse,1
Jaegerstrasse,2
Jaegerstrasse,3
Jaegerstrasse,4
Jaegerstrasse,5
Jaegerstrasse,6
Jaegerstrasse,7
Jaegerstrasse,8
Jaegerstrasse,9
Jaegerstrasse,10
Jaegerstrasse,11
Jaegerstrasse,12
Jaegerstrasse,13
Jaegerstrasse,14
Jaegerstrasse,15
Jaegerstrasse,16
Jaegerstrasse,17
Jaegerstrasse,18
Jaegerwirtstrasse,1
Jaegerwirtstrasse,2
Jaegerwirtstrasse,3
Jaegerwirtstrasse,4
Jaegerwirtstrasse,5
Jaegerwirtstrasse,6
Jaegerwirtstrasse,7
Jaegerwirtstrasse,8
Jaegerwirtstrasse,9
Jaegerwirtstrasse,10
Jaegerwirtstrasse,11
Jaegerwirtstrasse,12
Jaegerwirtstrasse,13
Jaegerwirtstrasse,14
Jaegerwirtstrasse,15
Jaegerwirtstrasse,16
Jaegerwirtstrasse,17
Jaegerwirtstrasse,18
Jaegerwirtstrasse,19
Jaegerwirtstrasse,20
Jaegerwirtstrasse,21
Jaegerwirtstrasse,22
Jaegerwirtstrasse,23
Jaegerwirtstrasse,24
Jaegerwirtstrasse,25
Jaegerwirtstrasse,26
Jaegerwirtstrasse,27
Jaegerwirtstrasse,28
Jaegerwirtstrasse,29
Jagdstrasse,1
Jagdstrasse,2
Jagdstrasse,3
Jagdstrasse,4
Jagdstrasse,5
Jagdstrasse,6
Jagdstrasse,7
Jagdstrasse,8
Jahnstrasse,1
Jahnstrasse,2
Jahnstrasse,3
Jahnstrasse,4
Jahnstrasse,5
Jahnstrasse,6
Jahnstrasse,7
Jahnstrasse,8
Jahnstrasse,9
Jahnstrasse,10
Jahnstrasse,11
Jahnstrasse,12
Jahnstrasse,13
Jahnstrasse,14
Jahnstrasse,15
Jahnstrasse,16
Jahnstrasse,17
Jahnstrasse,18
Jahnstrasse,19
Jahnstrasse,20
Jahnstrasse,21
Jahnstrasse,22
Jahnstrasse,23
Jahnstrasse,24
Jahnstrasse,25
Jahnstrasse,26
Jahnstrasse,27
Jahnstrasse,28
Jahnstrasse,29
Jahnstrasse,30
Jahnstrasse,31
Jahnstrasse,32
Jahnstrasse,33
Jahnstrasse,34
Jahnstrasse,35
Jahnstrasse,36
Jahnstrasse,37
Jahnstrasse,38
Jahnstrasse,39
Jahnstrasse,40
Jahnstrasse,41
Jahnstrasse,42
Johannisplatz,1
Johannisplatz,2
Johannisplatz,3
Johannisplatz,4
Johannisplatz,5
Johannisplatz,6
Johannisplatz,7
Johannisplatz,8
Johannisplatz,9
Johannisplatz,10
Johannisplatz,11
Johannisplatz,12
Johannisplatz,13
Johannisplatz,14
Johannisplatz,15
Johannisplatz,16
Johannisplatz,17
Johannisplatz,18
Johannisplatz,19
Johannisplatz,20
Johannisplatz,21
Johannisplatz,22
Johannisst,1
Johannisst,2
Jos.-Spitalg,1
Jos.-Spitalg,2
Jos.-Spitalg,3
Jos.-Spitalg,4
Jos.-Spitalg,5
Josephspitalstrasse,1
Josephspitalstrasse,2
Josephspitalstrasse,3
Josephspitalstrasse,4
Josephspitalstrasse,5
Josephspitalstrasse,6
Josephspitalstrasse,7
Josephspitalstrasse,8
Josephspitalstrasse,9
Josephspitalstrasse,10
Josephspitalstrasse,11
Josephspitalstrasse,12
Josephspitalstrasse,13
Josephspitalstrasse,14
Josephspitalstrasse,15
Josephspitalstrasse,16
Josephspitalstrasse,17
Josephspitalstrasse,18
Josephstrasse,1
Josephstrasse,2
Josephstrasse,3
Jugendstrasse,1
Jugendstrasse,2
Jugendstrasse,3
Jugendstrasse,4
Jugendstrasse,5
Jugendstrasse,6
Jugendstrasse,7
Jugendstrasse,8
Jungfernturmstrasse,1
Jungfernturmstrasse,2
Kaiser-Ludwig-Platz,1
Kaiser-Ludwig-Platz,2
Kaiser-Ludwig-Platz,3
Kaiser-Ludwig-Platz,4
Kaiser-Ludwig-Platz,5
Kaiser-Ludwig-Platz,6
Kaiser-Ludwig-Platz,7
Kaiser-Ludwig-Platz,8
Kaiserstrasse,1
Kaiserstrasse,2
Kaiserstrasse,3
Kaiserstrasse,4
Kaiserstrasse,5
Kaiserstrasse,6
Kaiserstrasse,7
Kaiserstrasse,8
Kaiserstrasse,9
Kaiserstrasse,10
Kaiserstrasse,11
Kaiserstrasse,12
Kaiserstrasse,13
Kaiserstrasse,14
Kaiserstrasse,15
Kaiserstrasse,16
Kaiserstrasse,17
Kaiserstrasse,18
Kaiserstrasse,19
Kaiserstrasse,20
Kaiserstrasse,21
Kaiserstrasse,22
Kaiserstrasse,23
Kaiserstrasse,24
Kaiserstrasse,25
Kaiserstrasse,26
Kaiserstrasse,27
Kaiserstrasse,28
Kaiserstrasse,29
Kaiserstrasse,30
Kaiserstrasse,31
Kaiserstrasse,32
Kaiserstrasse,33
Kaiserstrasse,34
Kaiserstrasse,35
Kaiserstrasse,36
Kaiserstrasse,37
Kaiserstrasse,38
Kaiserstrasse,39
Kaiserstrasse,40
Kaiserstrasse,41
Kaiserstrasse,42
Kaiserstrasse,43
Kaiserstrasse,44
Kaiserstrasse,45
Kaiserstrasse,46
Kaiserstrasse,47
Kaiserstrasse,48
Kaiserstrasse,49
Kaiserstrasse,50
Kaiserstrasse,51
Kaiserstrasse,52
Kaiserstrasse,53
Kaiserstrasse,54
Kaiserstrasse,55
Kaiserstrasse,56
Kaiserstrasse,57
Kaiserstrasse,58
Kaiserstrasse,59
Kaiserstrasse,60
Kaiserstrasse,61
Kaiserstrasse,62
Kaiserstrasse,63
Kanalstrasse,1
Kanalstrasse,2
Kanalstrasse,3
Kanalstrasse,4
Kanalstrasse,5
Kanalstrasse,6
Kanalstrasse,7
Kanalstrasse,8
Kanalstrasse,9
Kanalstrasse,10
Kanalstrasse,11
Kanalstrasse,12
Kanalstrasse,13
Kanalstrasse,14
Kanalstrasse,15
Kanalstrasse,16
Kanalstrasse,17
Kanalstrasse,18
Kanalstrasse,19
Kanalstrasse,20
Kanalstrasse,21
Kanalstrasse,22
Kanalstrasse,23
Kanalstrasse,24
Kanalstrasse,25
Kanalstrasse,26
Kanalstrasse,27
Kanalstrasse,28
Kanalstrasse,29
Kanalstrasse,30
Kanalstrasse,31
Kanalstrasse,32
Kanalstrasse,33
Kanalstrasse,34
Kanalstrasse,35
Kanalstrasse,36
Kanalstrasse,37
Kanalstrasse,38
Kanalstrasse,39
Kanalstrasse,40
Kanalstrasse,41
Kanalstrasse,42
Kanalstrasse,43
Kanalstrasse,44
Kanalstrasse,45
Kanalstrasse,46
Kanalstrasse,47
Kanalstrasse,48
Kanalstrasse,49
Kanalstrasse,50
Kanalstrasse,51
Kanalstrasse,52
Kanalstrasse,53
Kanalstrasse,54
Kanalstrasse,55
Kanalstrasse,56
Kanalstrasse,57
Kanalstrasse,58
Kanalstrasse,59
Kanalstrasse,60
Kanalstrasse,61
Kanalstrasse,62
Kanalstrasse,63
Kanalstrasse,64
Kanalstrasse,65
Kanalstrasse,66
Kanalstrasse,67
Kanalstrasse,68
Kanalstrasse,69
Kanalstrasse,70
Kanalstrasse,71
Kanalstrasse,72
Kanalstrasse,73
Kanalstrasse,74
Kanglstrasse,1
Kanglstrasse,2
Kanglstrasse,3
Kanglstrasse,4
Kanglstrasse,5
Kanglstrasse,6
Kanglstrasse,7
Kanglstrasse,8
Kanglstrasse,9
Kanglstrasse,10
Kanglstrasse,11
Kanglstrasse,12
Kanglstrasse,13
Kanglstrasse,14
Kanglstrasse,15
Kanglstrasse,16
Kapellenstrasse,1
Kapellenstrasse,2
Kapellenstrasse,3
Kapellenstrasse,4
Kapellenstrasse,5
Kapellenweg,1
Kapellenweg,2
Kapellenweg,3
Kapellenweg,4
Kapellenweg,5
Kapellenweg,6
Kapuzinerplatz,1
Kapuzinerplatz,2
Kapuzinerplatz,3
Kapuzinerplatz,4
Kapuzinerplatz,5
Kapuzinerstrasse,1
Kapuzinerstrasse,2
Kapuzinerstrasse,3
Kapuzinerstrasse,4
Kapuzinerstrasse,5
Kapuzinerstrasse,6
Kapuzinerstrasse,7
Kapuzinerstrasse,8
Kapuzinerstrasse,9
Kapuzinerstrasse,10
Kapuzinerstrasse,11
Kapuzinerstrasse,12
Kapuzinerstrasse,13
Kapuzinerstrasse,14
Kapuzinerstrasse,15
Kapuzinerstrasse,16
Kapuzinerstrasse,17
Kapuzinerstrasse,18
Kapuzinerstrasse,19
Kapuzinerstrasse,20
Kapuzinerstrasse,21
Kapuzinerstrasse,22
Kapuzinerstrasse,23
Kapuzinerstrasse,24
Kapuzinerstrasse,25
Kapuzinerstrasse,26
Kapuzinerstrasse,27
Kapuzinerstrasse,28
Kapuzinerstrasse,29
Kapuzinerstrasse,30
Kapuzinerstrasse,31
Kapuzinerstrasse,32
Kapuzinerstrasse,33
Kapuzinerstrasse,34
Kapuzinerstrasse,35
Kapuzinerstrasse,36
Kapuzinerstrasse,37
Kapuzinerstrasse,38
Kapuzinerstrasse,39
Kapuzinerstrasse,40
Kapuzinerstrasse,41
Kapuzinerstrasse,42
Kapuzinerstrasse,43
Kapuzinerstrasse,44
Kapuzinerstrasse,45
Kapuzinerstrasse,46
Kapuzinerstrasse,47
Kapuzinerstrasse,48
Kapuzinerstrasse,49
Kapuzinerstrasse,50
Kapuzinerstrasse,51
Kapuzinerstrasse,52
Kapuzinerstrasse,53
Kapuzinerstrasse,54
Kapuzinerstrasse,55
Kapuzinerstrasse,56
Kapuzinerstrasse,57
Kapuzinerstrasse,58
Kapuzinerstrasse,59
Kapuzinerstrasse,60
Kapuzinerstrasse,61
Kapuzinerstrasse,62
Kapuzinerstrasse,63
Kapuzinerstrasse,64
Kapuzinerstrasse,65
Kapuzinerstrasse,66
Kapuzinerstrasse,67
Kapuzinerstrasse,68
Kapuzinerstrasse,69
Kapuzinerstrasse,70
Kapuzinerstrasse,71
Kapuzinerstrasse,72
Kapuzinerstrasse,73
Kapuzinerstrasse,74
Kapuzinerstrasse,75
Kapuzinerstrasse,76
Kapuzinerstrasse,77
Karl-Theodor-Strasse,1
Karl-Theodor-Strasse,2
Karl-Theodor-Strasse,3
Karl-Theodor-Strasse,4
Karl-Theodor-Strasse,5
Karl-Theodor-Strasse,6
Karl-Theodor-Strasse,7
Karl-Theodor-Strasse,8
Karl-Theodor-Strasse,9
Karl-Theodor-Strasse,10
Karl-Theodor-Strasse,11
Karl-Theodor-Strasse,12
Karl-Theodor-Strasse,13
Karl-Theodor-Strasse,14
Karl-Theodor-Strasse,15
Karl-Theodor-Strasse,16
Karl-Theodor-Strasse,17
Karl-Theodor-Strasse,18
Karl-Theodor-Strasse,19
Karl-Theodor-Strasse,20
Karl-Theodor-Strasse,21
Karl-Theodor-Strasse,22
Karl-Theodor-Strasse,23
Karl-Theodor-Strasse,24
Karl-Theodor-Strasse,25
Karl-Theodor-Strasse,26
Karl-Theodor-Strasse,27
Karl-Theodor-Strasse,28
Karl-Theodor-Strasse,29
Karl-Theodor-Strasse,30
Karlsplatz,1
Karlsplatz,2
Karlsplatz,3
Karlsplatz,4
Karlsplatz,5
Karlsplatz,6
Karlsplatz,7
Karlsplatz,8
Karlsplatz,9
Karlsplatz,10
Karlsplatz,11
Karlsplatz,12
Karlsplatz,13
Karlsplatz,14
Karlsplatz,15
Karlsplatz,16
Karlsplatz,17
Karlsplatz,18
Karlsplatz,19
Karlsplatz,20
Karlsplatz,21
Karlsplatz,22
Karlsplatz,23
Karlsplatz,24
Karlsplatz,25
Karlsplatz,26
Karlsplatz,27
Karlsplatz,28
Karlsplatz,29
Karlsplatz,30
Karlsplatz,31
Karlsplatz,32
Karlsplatz,33
Karlsplatz,34
Karlsplatz,35
Karlsplatz,36
Karlsplatz,37
Karlsplatz,38
Karlsplatz,39
Karlsplatz,40
Karlsplatz,41
Karlsplatz,42
Karlsplatz,43
Karlsplatz,44
Karlsplatz,45
Karlsplatz,46
Karlsplatz,47
Karlsplatz,48
Karlsplatz,49
Karlsplatz,50
Karlstrasse,1
Karlstrasse,2
Karlstrasse,3
Karlstrasse,4
Karlstrasse,5
Karlstrasse,6
Karlstrasse,7
Karlstrasse,8
Karlstrasse,9
Karlstrasse,10
Karlstrasse,11
Karlstrasse,12
Karlstrasse,13
Karlstrasse,14
Karlstrasse,15
Karlstrasse,16
Karlstrasse,17
Karlstrasse,18
Karlstrasse,19
Karlstrasse,20
Karlstrasse,21
Karlstrasse,22
Karlstrasse,23
Karlstrasse,24
Karlstrasse,25
Karlstrasse,26
Karlstrasse,27
Karlstrasse,28
Karlstrasse,29
Karlstrasse,30
Karlstrasse,31
Karlstrasse,32
Karlstrasse,33
Karlstrasse,34
Karlstrasse,35
Karlstrasse,36
Karlstrasse,37
Karlstrasse,38
Karlstrasse,39
Karlstrasse,40
Karlstrasse,41
Karlstrasse,42
Karlstrasse,43
Karlstrasse,44
Karlstrasse,45
Karlstrasse,46
Karlstrasse,47
Karlstrasse,48
Karlstrasse,49
Karlstrasse,50
Karlstrasse,51
Karlstrasse,52
Karlstrasse,53
Karlstrasse,54
Karlstrasse,55
Karlstrasse,56
Karlstrasse,57
Karlstrasse,58
Karlstrasse,59
Karlstrasse,60
Karlstrasse,61
Karlstrasse,62
Karlstrasse,63
Karlstrasse,64
Karlstrasse,65
Karlstrasse,66
Karlstrasse,67
Karlstrasse,68
Karlstrasse,69
Karlstrasse,70
Karlstrasse,71
Karlstrasse,72
Karlstrasse,73
Karlstrasse,74
Karlstrasse,75
Karlstrasse,76
Karlstrasse,77
Karlstrasse,78
Karlstrasse,79
Karlstrasse,80
Karlstrasse,81
Karlstrasse,82
Karlstrasse,83
Karlstrasse,84
Karlstrasse,85
Karlstrasse,86
Karlstrasse,87
Karlstrasse,88
Karlstrasse,89
Karlstrasse,90
Karlstrasse,91
Karlstrasse,92
Karlstrasse,93
Karlstrasse,94
Karlstrasse,95
Karlstrasse,96
Karlstrasse,97
Karlstrasse,98
Karlstrasse,99
Karlstrasse,100
Karlstrasse,101
Karlstrasse,102
Karlstrasse,103
Karlstrasse,104
Karlstrasse,105
Karlstrasse,106
Karlstrasse,107
Karlstrasse,108
Karlstrasse,109
Karlstrasse,110
Karlstrasse,111
Karlstrasse,112
Karlstrasse,113
Karlstrasse,114
Karlstrasse,115
Karlstrasse,116
Karlstrasse,117
Karlstrasse,118
Karlstrasse,119
Karlstrasse,120
Karlstrasse,121
Karlstrasse,122
Karlstrasse,123
Karlstrasse,124
Karlstrasse,125
Karlstrasse,126
Karlstrasse,127
Karlstrasse,128
Karlstrasse,129
Karlstrasse,130
Karlstrasse,131
Karlstrasse,132
Karlstrasse,133
Karlstrasse,134
Karlstrasse,135
Karlstrasse,136
Karlstrasse,137
Karlstrasse,138
Karlstrasse,139
Karlstrasse,140
Karlstrasse,141
Karlstrasse,142
Karlstrasse,143
Karlstrasse,144
Karlstrasse,145
Karlstrasse,146
Karlstrasse,147
Karlstrasse,148
Karlstrasse,149
Karlstrasse,150
Karlstrasse,151
Karlstrasse,152
Karlstrasse,153
Karlstrasse,154
Karlstrasse,155
Karlstrasse,156
Karlstrasse,157
Karlstrasse,158
Karlstrasse,159
Karlstrasse,160
Karlstrasse,161
Karlstrasse,162
Karlstrasse,163
Karlstrasse,164
Karmeliterstrasse,1
Karmeliterstrasse,2
Karmeliterstrasse,3
Karmeliterstrasse,4
Karolinenplatz,1
Karolinenplatz,2
Karolinenplatz,3
Karolinenplatz,4
Karolinenplatz,5
Karolinenplatz,6
Karolinenstrasse,1
Karolinenstrasse,2
Karolinenstrasse,3
Kasernstrasse,1
Kasernstrasse,2
Kasernstrasse,3
Kasernstrasse,4
Kasernstrasse,5
Kasernstrasse,6
Kasernstrasse,7
Kasernstrasse,8
Kasernstrasse,9
Kasernstrasse,10
Kasernstrasse,11
Kasernstrasse,12
Kasernstrasse,13
Kasernstrasse,14
Kasernstrasse,15
Kasernstrasse,16
Kasernstrasse,17
Kasernstrasse,18
Kasernstrasse,19
Kasernstrasse,20
Kasernstrasse,21
Kasernstrasse,22
Kasernstrasse,23
Kasernstrasse,24
Kasernstrasse,25
Kasernstrasse,26
Kasernstrasse,27
Kasernstrasse,28
Kasernstrasse,29
Kasernstrasse,30
Kasernstrasse,31
Kasernstrasse,32
Kasernstrasse,33
Kasernstrasse,34
Kasernstrasse,35
Kasernstrasse,36
Kasernstrasse,37
Kasernstrasse,38
Kasernstrasse,39
Kasernstrasse,40
Kasernstrasse,41
Kasernstrasse,42
Kasernstrasse,43
Kasernstrasse,44
Kasernstrasse,45
Kasernstrasse,46
Kasernstrasse,47
Kasernstrasse,48
Kasernstrasse,49
Kasernstrasse,50
Kasernstrasse,51
Kasernstrasse,52
Kasernstrasse,53
Kasernstrasse,54
Kasernstrasse,55
Kasernstrasse,56
Kasernstrasse,57
Kasernstrasse,58
Kasernstrasse,59
Kasernstrasse,60
Kasernstrasse,61
Kasernstrasse,62
Kasernstrasse,63
Kasernstrasse,64
Kasernstrasse,65
Kaufingerstrasse,1
Kaufingerstrasse,2
Kaufingerstrasse,3
Kaufingerstrasse,4
Kaufingerstrasse,5
Kaufingerstrasse,6
Kaufingerstrasse,7
Kaufingerstrasse,8
Kaufingerstrasse,9
Kaufingerstrasse,10
Kaufingerstrasse,11
Kaufingerstrasse,12
Kaufingerstrasse,13
Kaufingerstrasse,14
Kaufingerstrasse,15
Kaufingerstrasse,16
Kaufingerstrasse,17
Kaufingerstrasse,18
Kaufingerstrasse,19
Kaufingerstrasse,20
Kaufingerstrasse,21
Kaufingerstrasse,22
Kaufingerstrasse,23
Kaufingerstrasse,24
Kaufingerstrasse,25
Kaufingerstrasse,26
Kaufingerstrasse,27
Kaufingerstrasse,28
Kaufingerstrasse,29
Kaufingerstrasse,30
Kaufingerstrasse,31
Kaufingerstrasse,32
Kaufingerstrasse,33
Kaufingerstrasse,34
Kaufingerstrasse,35
Kaufingerstrasse,36
Kaufingerstrasse,37
Kaufingerstrasse,38
Kaufingerstrasse,39
Kaufingerstrasse,40
Kaufingerstrasse,41
Kaufingerstrasse,42
Kaufingerstrasse,43
Kaufingerstrasse,44
Kaufingerstrasse,45
Kaufingerstrasse,46
Kaufingerstrasse,47
Kaufingerstrasse,48
Kaufingerstrasse,49
Kaufingerstrasse,50
Kaufingerstrasse,51
Kaufingerstrasse,52
Kaulbachstrasse,1
Kaulbachstrasse,2
Kaulbachstrasse,3
Kaulbachstrasse,4
Kaulbachstrasse,5
Kaulbachstrasse,6
Kaulbachstrasse,7
Kaulbachstrasse,8
Kaulbachstrasse,9
Kaulbachstrasse,10
Kaulbachstrasse,11
Kaulbachstrasse,12
Kaulbachstrasse,13
Kaulbachstrasse,14
Kaulbachstrasse,15
Kaulbachstrasse,16
Kaulbachstrasse,17
Kaulbachstrasse,18
Kaulbachstrasse,19
Kaulbachstrasse,20
Kaulbachstrasse,21
Kaulbachstrasse,22
Kaulbachstrasse,23
Kaulbachstrasse,24
Kaulbachstrasse,25
Kaulbachstrasse,26
Kaulbachstrasse,27
Kaulbachstrasse,28
Kaulbachstrasse,29
Kaulbachstrasse,30
Kaulbachstrasse,31
Kaulbachstrasse,32
Kaulbachstrasse,33
Kaulbachstrasse,34
Kaulbachstrasse,35
Kaulbachstrasse,36
Kaulbachstrasse,37
Kaulbachstrasse,38
Kaulbachstrasse,39
Kaulbachstrasse,40
Kaulbachstrasse,41
Kaulbachstrasse,42
Kaulbachstrasse,43
Kaulbachstrasse,44
Kaulbachstrasse,45
Kaulbachstrasse,46
Kaulbachstrasse,47
Kaulbachstrasse,48
Kaulbachstrasse,49
Kaulbachstrasse,50
Kaulbachstrasse,51
Kaulbachstrasse,52
Kaulbachstrasse,53
Kaulbachstrasse,54
Kaulbachstrasse,55
Kaulbachstrasse,56
Kaulbachstrasse,57
Kaulbachstrasse,58
Kaulbachstrasse,59
Kaulbachstrasse,60
Kaulbachstrasse,61
Kaulbachstrasse,62
Kaulbachstrasse,63
Kaulbachstrasse,64
Kaulbachstrasse,65
Kaulbachstrasse,66
Kaulbachstrasse,67
Kaulbachstrasse,68
Kaulbachstrasse,69
Kaulbachstrasse,70
Kaulbachstrasse,71
Kaulbachstrasse,72
Kaulbachstrasse,73
Kaulbachstrasse,74
Kaulbachstrasse,75
Kaulbachstrasse,76
Kaulbachstrasse,77
Kaulbachstrasse,78
Kaulbachstrasse,79
Kaulbachstrasse,80
Kaulbachstrasse,81
Kaulbachstrasse,82
Kaulbachstrasse,83
Kaulbachstrasse,84
Kaulbachstrasse,85
Kaulbachstrasse,86
Kaulbachstrasse,87
Kaulbachstrasse,88
Kaulbachstrasse,89
Kaulbachstrasse,90
Kazmairstrasse,1
Kazmairstrasse,2
Kazmairstrasse,3
Kazmairstrasse,4
Kazmairstrasse,5
Kazmairstrasse,6
Kazmairstrasse,7
Kazmairstrasse,8
Kazmairstrasse,9
Kazmairstrasse,10
Kazmairstrasse,11
Kazmairstrasse,12
Kazmairstrasse,13
Kazmairstrasse,14
Kazmairstrasse,15
Kazmairstrasse,16
Kazmairstrasse,17
Kazmairstrasse,18
Kazmairstrasse,19
Kazmairstrasse,20
Kazmairstrasse,21
Kazmairstrasse,22
Kazmairstrasse,23
Kazmairstrasse,24
Kazmairstrasse,25
Kazmairstrasse,26
Kazmairstrasse,27
Kazmairstrasse,28
Kazmairstrasse,29
Kazmairstrasse,30
Kazmairstrasse,31
Kazmairstrasse,32
Kazmairstrasse,33
Kazmairstrasse,34
Kazmairstrasse,35
Kazmairstrasse,36
Kazmairstrasse,37
Kazmairstrasse,38
Kazmairstrasse,39
Kazmairstrasse,40
Kazmairstrasse,41
Kazmairstrasse,42
Kazmairstrasse,43
Kazmairstrasse,44
Kazmairstrasse,45
Kazmairstrasse,46
Kazmairstrasse,47
Keferstrasse,1
Keferstrasse,2
Keferstrasse,3
Keferstrasse,4
Keferstrasse,5
Keferstrasse,6
Keferstrasse,7
Keferstrasse,8
Keferstrasse,9
Keferstrasse,10
Keferstrasse,11
Kegelhof,1
Kegelhof,2
Kegelhof,3
Kegelhof,4
Kegelhof,5
Kegelhof,6
Kegelhof,7
Kegelhof,8
Kegelhof,9
Kegelhof,10
Kegelhof,11
Kegelhof,12
Kellerstrasse,1
Kellerstrasse,2
Kellerstrasse,3
Kellerstrasse,4
Kellerstrasse,5
Kellerstrasse,6
Kellerstrasse,7
Kellerstrasse,8
Kellerstrasse,9
Kellerstrasse,10
Kellerstrasse,11
Kellerstrasse,12
Kellerstrasse,13
Kellerstrasse,14
Kellerstrasse,15
Kellerstrasse,16
Kellerstrasse,17
Kellerstrasse,18
Kellerstrasse,19
Kellerstrasse,20
Kellerstrasse,21
Kellerstrasse,22
Kellerstrasse,23
Kellerstrasse,24
Kellerstrasse,25
Kellerstrasse,26
Kellerstrasse,27
Kellerstrasse,28
Kellerstrasse,29
Kellerstrasse,30
Kellerstrasse,31
Kellerstrasse,32
Kellerstrasse,33
Kellerstrasse,34
Kellerstrasse,35
Kellerstrasse,36
Kellerstrasse,37
Khidlerstrasse,1
Khidlerstrasse,2
Khidlerstrasse,3
Khidlerstrasse,4
Khidlerstrasse,5
Khidlerstrasse,6
Khidlerstrasse,7
Khidlerstrasse,8
Khidlerstrasse,9
Khidlerstrasse,10
Khidlerstrasse,11
Khidlerstrasse,12
Khidlerstrasse,13
Khidlerstrasse,14
Khidlerstrasse,15
Khidlerstrasse,16
Khidlerstrasse,17
Khidlerstrasse,18
Khidlerstrasse,19
Khidlerstrasse,20
Khidlerstrasse,21
Khidlerstrasse,22
Khidlerstrasse,23
Khidlerstrasse,24
Khidlerstrasse,25
Khidlerstrasse,26
Khidlerstrasse,27
Khidlerstrasse,28
Khidlerstrasse,29
Khidlerstrasse,30
Khidlerstrasse,31
Khidlerstrasse,32
Khidlerstrasse,33
Khidlerstrasse,34
Khidlerstrasse,35
Khidlerstrasse,36
Khidlerstrasse,37
Khidlerstrasse,38
Khidlerstrasse,39
Khidlerstrasse,40
Khidlerstrasse,41
Khidlerstrasse,42
Khidlerstrasse,43
Khidlerstrasse,44
Khidlerstrasse,45
Khidlerstrasse,46
Khidlerstrasse,47
Khidlerstrasse,48
Khidlerstrasse,49
Khidlerstrasse,50
Khidlerstrasse,51
Khidlerstrasse,52
Khidlerstrasse,53
Khidlerstrasse,54
Khidlerstrasse,55
Khidlerstrasse,56
Khidlerstrasse,57
Kiesgasse,1
Kiesstrasse,1
Kiesstrasse,2
Kiesstrasse,3
Kiesstrasse,4
Kiesstrasse,5
Kingergasse,1
Kingergasse,2
Kirchen,1
Kirchen,2
Kirchen,3
Kirchen,4
Kirchen,5
Kirchen,6
Kirchen,7
Kirchen,8
Kirchen,9
Kirchen,10
Kirchen,11
Kirchen,12
Kirchen,13
Kirchen,14
Kirchen,15
Kirchen,16
Kirchen,17
Kirchen,18
Kirchen,19
Kirchen,20
Kirchen,21
Kirchen,22
Kirchen,23
Kirchen,24
Kirchen,25
Kirchen,26
Kirchen,27
Kirchen,28
Kirchen,29
Kirchenstrasse,1
Kirchenstrasse,2
Kirchenstrasse,3
Kirchenstrasse,4
Kirchenstrasse,5
Kirchenstrasse,6
Kirchenstrasse,7
Kirchenstrasse,8
Kirchenstrasse,9
Kirchenstrasse,10
Kirchenstrasse,11
Kirchenstrasse,12
Kirchenstrasse,13
Kirchenstrasse,14
Kirchenstrasse,15
Kirchenstrasse,16
Kirchenstrasse,17
Kirchenstrasse,18
Kirchenstrasse,19
Kirchenstrasse,20
Kirchenstrasse,21
Kirchenstrasse,22
Kirchenstrasse,23
Kirchenstrasse,24
Kirchenstrasse,25
Kirchenstrasse,26
Kirchenstrasse,27
Kirchenstrasse,28
Kirchenstrasse,29
Kirchenstrasse,30
Kirchenstrasse,31
Kirchenstrasse,32
Kirchenstrasse,33
Kirchhoffstrasse,1
Kirchhoffstrasse,2
Kirchplatz,1
Kirchplatz,2
Kirchplatz,3
Kirchplatz,4
Kirchplatz,5
Kirchplatz,6
Kirchplatz,7
Kirchplatz,8
Kirchplatz,9
Kirchplatz,10
Kirchplatz,11
Kirchplatz,12
Kirchplatz,13
Kirchplatz,14
Kirchplatz,15
Kirchplatz,16
Kirchplatz,17
Kirchplatz,18
Kirchplatz,19
Kirchplatz,20
Kirchplatz,21
Kirchplatz,22
Kirchplatz,23
Kirchplatz,24
Kirchplatz,25
Kirchplatz,26
Kirchplatz,27
Kirchplatz,28
Kirchplatz,29
Kirchplatz,30
Kirchplatz,31
Kirchplatz,32
Kirchplatz,33
Kirchplatz,34
Kirchplatzstrasse,1
Kirchplatzstrasse,2
Kirchplatzstrasse,3
Kirchplatzstrasse,4
Kirchplatzstrasse,5
Kirchplatzstrasse,6
Kirchplatzstrasse,7
Kirchplatzstrasse,8
Kirchplatzstrasse,9
Kirchplatzstrasse,10
Kirchplatzstrasse,11
Kirchplatzstrasse,12
Kirchplatzstrasse,13
Kirchplatzstrasse,14
Kirchplatzstrasse,15
Kirchplatzstrasse,16
Kirchplatzstrasse,17
Kirchplatzstrasse,18
Kirchplatzstrasse,19
Kirchplatzstrasse,20
Kirchplatzstrasse,21
Kirchplatzstrasse,22
Kirchplatzstrasse,23
Kirchplatzstrasse,24
Kirchplatzstrasse,25
Kirchplatzstrasse,26
Kirchplatzstrasse,27
Kirchplatzstrasse,28
Kirchplatzstrasse,29
Kirchplatzstrasse,30
Kirchplatzstrasse,31
Kirchplatzstrasse,32
Kirchplatzstrasse,33
Kirchplatzstrasse,34
Kirchplatzstrasse,35
Kistlerstrasse,1
Kistlerstrasse,2
Kistlerstrasse,3
Kistlerstrasse,4
Kistlerstrasse,5
Kistlerstrasse,6
Kistlerstrasse,7
Kistlerstrasse,8
Kistlerstrasse,9
Klarastrasse,1
Klarastrasse,2
Klarastrasse,3
Klarastrasse,4
Klarastrasse,5
Klarastrasse,6
Klarastrasse,7
Klarastrasse,8
Klarastrasse,9
Klarastrasse,10
Kleestrasse,1
Kleestrasse,2
Kleestrasse,3
Kleestrasse,4
Kleestrasse,5
Kleestrasse,6
Kleestrasse,7
Kleestrasse,8
Kleestrasse,9
Kleestrasse,10
Kleestrasse,11
Kleestrasse,12
Kleestrasse,13
Klenzestrasse,1
Klenzestrasse,2
Klenzestrasse,3
Klenzestrasse,4
Klenzestrasse,5
Klenzestrasse,6
Klenzestrasse,7
Klenzestrasse,8
Klenzestrasse,9
Klenzestrasse,10
Klenzestrasse,11
Klenzestrasse,12
Klenzestrasse,13
Klenzestrasse,14
Klenzestrasse,15
Klenzestrasse,16
Klenzestrasse,17
Klenzestrasse,18
Klenzestrasse,19
Klenzestrasse,20
Klenzestrasse,21
Klenzestrasse,22
Klenzestrasse,23
Klenzestrasse,24
Klenzestrasse,25
Klenzestrasse,26
Klenzestrasse,27
Klenzestrasse,28
Klenzestrasse,29
Klenzestrasse,30
Klenzestrasse,31
Klenzestrasse,32
Klenzestrasse,33
Klenzestrasse,34
Klenzestrasse,35
Klenzestrasse,36
Klenzestrasse,37
Klenzestrasse,38
Klenzestrasse,39
Klenzestrasse,40
Klenzestrasse,41
Klenzestrasse,42
Klenzestrasse,43
Klenzestrasse,44
Klenzestrasse,45
Klenzestrasse,46
Klenzestrasse,47
Klenzestrasse,48
Klenzestrasse,49
Klenzestrasse,50
Klenzestrasse,51
Klenzestrasse,52
Klenzestrasse,53
Klenzestrasse,54
Klenzestrasse,55
Klenzestrasse,56
Klenzestrasse,57
Klenzestrasse,58
Klenzestrasse,59
Klenzestrasse,60
Klenzestrasse,61
Klenzestrasse,62
Klenzestrasse,63
Klenzestrasse,64
Klenzestrasse,65
Klenzestrasse,66
Klenzestrasse,67
Klenzestrasse,68
Klenzestrasse,69
Klenzestrasse,70
Klenzestrasse,71
Klenzestrasse,72
Klenzestrasse,73
Klenzestrasse,74
Klenzestrasse,75
Klenzestrasse,76
Klenzestrasse,77
Klenzestrasse,78
Klenzestrasse,79
Klenzestrasse,80
Klenzestrasse,81
Klenzestrasse,82
Klenzestrasse,83
Klenzestrasse,84
Klenzestrasse,85
Klenzestrasse,86
Klenzestrasse,87
Klenzestrasse,88
Klenzestrasse,89
Klenzestrasse,90
Klenzestrasse,91
Klenzestrasse,92
Klenzestrasse,93
Klenzestrasse,94
Klenzestrasse,95
Klenzestrasse,96
Klenzestrasse,97
Klenzestrasse,98
Klenzestrasse,99
Klenzestrasse,100
Klenzestrasse,101
Klenzestrasse,102
Klenzestrasse,103
Kloetzengasse,1
Kloetzengasse,2
Kloetzengasse,3
Kloetzengasse,4
Knoebelstrasse,1
Knoebelstrasse,2
Knoebelstrasse,3
Knoebelstrasse,4
Knoebelstrasse,5
Knoebelstrasse,6
Knoebelstrasse,7
Knoebelstrasse,8
Knoebelstrasse,9
Knoebelstrasse,10
Knoebelstrasse,11
Knoebelstrasse,12
Knoebelstrasse,13
Knoebelstrasse,14
Knoebelstrasse,15
Knoebelstrasse,16
Knoebelstrasse,17
Knoebelstrasse,18
Kochstrasse,1
Kochstrasse,2
Kochstrasse,3
Kochstrasse,4
Kochstrasse,5
Kochstrasse,6
Kochstrasse,7
Kochstrasse,8
Kochstrasse,9
Kochstrasse,10
Koeniginstrasse,1
Koeniginstrasse,2
Koeniginstrasse,3
Koeniginstrasse,4
Koeniginstrasse,5
Koeniginstrasse,6
Koeniginstrasse,7
Koeniginstrasse,8
Koeniginstrasse,9
Koeniginstrasse,10
Koeniginstrasse,11
Koeniginstrasse,12
Koeniginstrasse,13
Koeniginstrasse,14
Koeniginstrasse,15
Koeniginstrasse,16
Koeniginstrasse,17
Koeniginstrasse,18
Koeniginstrasse,19
Koeniginstrasse,20
Koeniginstrasse,21
Koeniginstrasse,22
Koeniginstrasse,23
Koeniginstrasse,24
Koeniginstrasse,25
Koeniginstrasse,26
Koeniginstrasse,27
Koeniginstrasse,28
Koeniginstrasse,29
Koeniginstrasse,30
Koeniginstrasse,31
Koeniginstrasse,32
Koeniginstrasse,33
Koeniginstrasse,34
Koeniginstrasse,35
Koeniginstrasse,36
Koeniginstrasse,37
Koeniginstrasse,38
Koeniginstrasse,39
Koeniginstrasse,40
Koeniginstrasse,41
Koeniginstrasse,42
Koeniginstrasse,43
Koeniginstrasse,44
Koeniginstrasse,45
Koeniginstrasse,46
Koeniginstrasse,47
Koeniginstrasse,48
Koeniginstrasse,49
Koeniginstrasse,50
Koeniginstrasse,51
Koeniginstrasse,52
Koeniginstrasse,53
Koeniginstrasse,54
Koeniginstrasse,55
Koeniginstrasse,56
Koeniginstrasse,57
Koeniginstrasse,58
Koeniginstrasse,59
Koeniginstrasse,60
Koeniginstrasse,61
Koeniginstrasse,62
Koeniginstrasse,63
Koeniginstrasse,64
Koeniginstrasse,65
Koeniginstrasse,66
Koeniginstrasse,67
Koeniginstrasse,68
Koeniginstrasse,69
Koeniginstrasse,70
Koeniginstrasse,71
Koeniginstrasse,72
Koeniginstrasse,73
Koeniginstrasse,74
Koeniginstrasse,75
Koeniginstrasse,76
Koeniginstrasse,77
Koeniginstrasse,78
Koeniginstrasse,79
Koeniginstrasse,80
Koeniginstrasse,81
Koeniginstrasse,82
Koeniginstrasse,83
Koeniginstrasse,84
Koeniginstrasse,85
Koeniginstrasse,86
Koeniginstrasse,87
Koeniginstrasse,88
Koeniginstrasse,89
Koeniginstrasse,90
Koeniginstrasse,91
Koeniginstrasse,92
Koeniginstrasse,93
Koeniginstrasse,94
Koeniginstrasse,95
Koeniginstrasse,96
Koeniginstrasse,97
Koeniginstrasse,98
Koeniginstrasse,99
Koeniginstrasse,100
Koeniginstrasse,101
Koeniginstrasse,102
Koeniginstrasse,103
Koeniginstrasse,104
Koeniginstrasse,105
Koeniginstrasse,106
Koeniginstrasse,107
Koeniginstrasse,108
Koeniginstrasse,109
Koeniginstrasse,110
Koeniginstrasse,111
Koeniginstrasse,112
Koeniginstrasse,113
Koeniginstrasse,114
Koeniginstrasse,115
Koeniginstrasse,116
Koeniginstrasse,117
Koeniginstrasse,118
Koeniginstrasse,119
Koeniginstrasse,120
Koeniginstrasse,121
Koenigsplatz,1
Koenigsplatz,2
Koenigsplatz,3
Koernerstrasse,1
Koernerstrasse,2
Koernerstrasse,3
Kohleninsel,1
Kohleninsel,2
Kohleninsel,3
Kohleninsel,4
Kohleninsel,5
Kohlstrasse,1
Kohlstrasse,2
Kohlstrasse,3
Kohlstrasse,4
Kohlstrasse,5
Kolosseumstrasse,1
Kolosseumstrasse,2
Kolosseumstrasse,3
Kolosseumstrasse,4
Kraemerstrasse,1
Kraemerstrasse,2
Kraemerstrasse,3
Kraemerstrasse,4
Kraemerstrasse,5
Kraemerstrasse,6
Kraemerstrasse,7
Kraemerstrasse,8
Kraemerstrasse,9
Kraemerstrasse,10
Kraemerstrasse,11
Kraemerstrasse,12
Kraemerstrasse,13
Kraemerstrasse,14
Kraemerstrasse,15
Kraemerstrasse,16
Kraemerstrasse,17
Kraemerstrasse,18
Kraemerstrasse,19
Kraemerstrasse,20
Kraemerstrasse,21
Kraemerstrasse,22
Kraemerstrasse,23
Kraemerstrasse,24
Kraemerstrasse,25
Kraemerstrasse,26
Kraemerstrasse,27
Kraemerstrasse,28
Kraemerstrasse,29
Kraemerstrasse,30
Kraemerstrasse,31
Kraemerstrasse,32
Kraemerstrasse,33
Kraemerstrasse,34
Kraemerstrasse,35
Kraemerstrasse,36
Kraemerstrasse,37
Kraemerstrasse,38
Kraemerstrasse,39
Kraemerstrasse,40
Kraemerstrasse,41
Kraemerstrasse,42
Kraemerstrasse,43
Kraemerstrasse,44
Kraemerstrasse,45
Kraemerstrasse,46
Kraemerstrasse,47
Kraemerstrasse,48
Kraemerstrasse,49
Kraemerstrasse,50
Kraemerstrasse,51
Kraemerstrasse,52
Kraemerstrasse,53
Kraemerstrasse,54
Kraemerstrasse,55
Kraemerstrasse,56
Kraemerstrasse,57
Kraemerstrasse,58
Kraemerstrasse,59
Kraemerstrasse,60
Kraemerstrasse,61
Kraemerstrasse,62
Kraemerstrasse,63
Kraemerstrasse,64
Kraemerstrasse,65
Kraemerstrasse,66
Kraemerstrasse,67
Kraemerstrasse,68
Kraemerstrasse,69
Kraemerstrasse,70
Krankenhausstrasse,1
Krankenhausstrasse,2
Krankenhausstrasse,3
Krankenhausstrasse,4
Krankenhausstrasse,5
Kreittmayrstrasse,1
Kreittmayrstrasse,2
Kreittmayrstrasse,3
Kreittmayrstrasse,4
Kreittmayrstrasse,5
Kreittmayrstrasse,6
Kreittmayrstrasse,7
Kreittmayrstrasse,8
Kreittmayrstrasse,9
Kreittmayrstrasse,10
Kreittmayrstrasse,11
Kreittmayrstrasse,12
Kreittmayrstrasse,13
Kreittmayrstrasse,14
Kreittmayrstrasse,15
Kreittmayrstrasse,16
Kreittmayrstrasse,17
Kreittmayrstrasse,18
Kreittmayrstrasse,19
Kreittmayrstrasse,20
Kreuzplaetzchen,1
Kreuzplaetzchen,2
Kreuzplaetzchen,3
Kreuzplaetzchen,4
Kreuzplaetzchen,5
Kreuzplaetzchen,6
Kreuzplaetzchen,7
Kreuzstrasse,1
Kreuzstrasse,2
Kreuzstrasse,3
Kreuzstrasse,4
Kreuzstrasse,5
Kreuzstrasse,6
Kreuzstrasse,7
Kreuzstrasse,8
Kreuzstrasse,9
Kreuzstrasse,10
Kreuzstrasse,11
Kreuzstrasse,12
Kreuzstrasse,13
Kreuzstrasse,14
Kreuzstrasse,15
Kreuzstrasse,16
Kreuzstrasse,17
Kreuzstrasse,18
Kreuzstrasse,19
Kreuzstrasse,20
Kreuzstrasse,21
Kreuzstrasse,22
Kreuzstrasse,23
Kreuzstrasse,24
Kreuzstrasse,25
Kreuzstrasse,26
Kreuzstrasse,27
Kreuzstrasse,28
Kreuzstrasse,29
Kreuzstrasse,30
Kreuzstrasse,31
Kreuzstrasse,32
Kreuzstrasse,33
Kreuzstrasse,34
Kreuzstrasse,35
Kreuzstrasse,36
Kreuzstrasse,37
Kreuzstrasse,38
Kreuzstrasse,39
Kreuzstrasse,40
Kreuzstrasse,41
Kreuzstrasse,42
Kreuzstrasse,43
Kreuzstrasse,44
Kreuzstrasse,45
Kreuzstrasse,46
Kreuzstrasse,47
Kreuzstrasse,48
Kreuzstrasse,49
Kreuzstrasse,50
Kreuzstrasse,51
Kreuzstrasse,52
Kreuzstrasse,53
Kreuzstrasse,54
Kreuzstrasse,55
Kreuzstrasse,56
Kreuzstrasse,57
Kreuzstrasse,58
Kreuzstrasse,59
Kreuzstrasse,60
Kreuzstrasse,61
Kreuzstrasse,62
Kreuzstrasse,63
Kreuzstrasse,64
Kreuzstrasse,65
Kreuzstrasse,66
Kreuzstrasse,67
Kreuzstrasse,68
Kreuzstrasse,69
Kreuzstrasse,70
Kreuzstrasse,71
Kreuzstrasse,72
Kreuzstrasse,73
Kreuzstrasse,74
Kreuzstrasse,75
Kreuzstrasse,76
Kreuzstrasse,77
Kreuzstrasse,78
Kreuzstrasse,79
Kreuzstrasse,80
Kreuzstrasse,81
Kreuzstrasse,82
Kreuzstrasse,83
Kreuzstrasse,84
Kreuzstrasse,85
Kreuzstrasse,86
Kreuzstrasse,87
Kreuzstrasse,88
Kreuzstrasse,89
Kreuzstrasse,90
Kreuzstrasse,91
Kreuzstrasse,92
Kreuzstrasse,93
Kreuzstrasse,94
Kreuzstrasse,95
Kreuzstrasse,96
Kreuzstrasse,97
Kreuzstrasse,98
Kreuzstrasse,99
Kreuzstrasse,100
Kreuzstrasse,101
Kreuzstrasse,102
Kreuzstrasse,103
Kreuzstrasse,104
Kreuzstrasse,105
Kreuzstrasse,106
Kreuzstrasse,107
Kreuzstrasse,108
Kreuzstrasse,109
Kreuzstrasse,110
Kreuzstrasse,111
Kreuzstrasse,112
Kreuzstrasse,113
Kreuzstrasse,114
Kreuzstrasse,115
Kreuzstrasse,116
Kreuzstrasse,117
Kreuzstrasse,118
Kreuzstrasse,119
Kreuzstrasse,120
Kreuzstrasse,121
Kreuzstrasse,122
Kreuzstrasse,123
Kreuzstrasse,124
Kreuzstrasse,125
Kreuzstrasse,126
Kreuzstrasse,127
Kreuzstrasse,128
Kreuzstrasse,129
Kreuzstrasse,130
Kreuzstrasse,131
Kreuzstrasse,132
Kreuzstrasse,133
Kreuzstrasse,134
Kreuzstrasse,135
Kreuzstrasse,136
Kreuzstrasse,137
Kreuzstrasse,138
Kreuzstrasse,139
Kreuzstrasse,140
Kreuzstrasse,141
Kreuzstrasse,142
Kreuzstrasse,143
Kreuzstrasse,144
Kreuzstrasse,145
Kreuzstrasse,146
Kreuzstrasse,147
Kreuzstrasse,148
Kreuzstrasse,149
Kreuzstrasse,150
Kreuzstrasse,151
Kreuzstrasse,152
Kreuzstrasse,153
Kreuzstrasse,154
Kreuzstrasse,155
Kreuzstrasse,156
Kreuzstrasse,157
Kreuzstrasse,158
Kreuzstrasse,159
Kreuzstrasse,160
Kreuzstrasse,161
Kreuzstrasse,162
Kreuzstrasse,163
Kreuzstrasse,164
Kreuzstrasse,165
Kreuzstrasse,166
Kreuzstrasse,167
Kreuzstrasse,168
Kreuzstrasse,169
Kreuzstrasse,170
Kreuzstrasse,171
Kreuzstrasse,172
Kreuzstrasse,173
Kreuzstrasse,174
Kreuzstrasse,175
Kreuzstrasse,176
Kreuzstrasse,177
Kreuzstrasse,178
Kreuzstrasse,179
Kreuzstrasse,180
Kreuzstrasse,181
Kreuzstrasse,182
Kreuzstrasse,183
Kreuzstrasse,184
Kreuzstrasse,185
Kreuzstrasse,186
Kreuzstrasse,187
Kreuzstrasse,188
Kreuzstrasse,189
Kreuzstrasse,190
Kreuzstrasse,191
Kreuzstrasse,192
Kreuzstrasse,193
Kreuzstrasse,194
Kreuzstrasse,195
Kreuzstrasse,196
Kreuzstrasse,197
Kreuzstrasse,198
Kreuzstrasse,199
Kreuzstrasse,200
Kreuzstrasse,201
Kreuzstrasse,202
Kreuzstrasse,203
Kreuzstrasse,204
Kreuzstrasse,205
Kreuzstrasse,206
Kreuzstrasse,207
Kreuzstrasse,208
Kreuzstrasse,209
Kreuzstrasse,210
Kreuzstrasse,211
Kreuzstrasse,212
Kreuzstrasse,213
Kreuzstrasse,214
Kreuzstrasse,215
Kreuzstrasse,216
Kreuzstrasse,217
Kreuzstrasse,218
Kreuzstrasse,219
Kreuzstrasse,220
Kreuzstrasse,221
Kreuzstrasse,222
Kreuzstrasse,223
Kreuzstrasse,224
Kreuzstrasse,225
Kreuzstrasse,226
Kreuzstrasse,227
Kreuzstrasse,228
Kreuzstrasse,229
Kreuzstrasse,230
Kreuzstrasse,231
Kreuzstrasse,232
Kreuzstrasse,233
Kreuzstrasse,234
Kreuzstrasse,235
Kreuzstrasse,236
Kreuzstrasse,237
Kreuzstrasse,238
Kreuzstrasse,239
Kreuzstrasse,240
Kreuzstrasse,241
Kreuzstrasse,242
Kreuzstrasse,243
Kreuzstrasse,244
Kreuzstrasse,245
Kreuzstrasse,246
Kreuzstrasse,247
Kreuzstrasse,248
Kreuzstrasse,249
Kreuzstrasse,250
Kreuzstrasse,251
Kreuzstrasse,252
Kreuzstrasse,253
Kreuzstrasse,254
Kreuzstrasse,255
Kreuzstrasse,256
Kreuzstrasse,257
Kreuzstrasse,258
Kreuzstrasse,259
Kreuzstrasse,260
Kreuzstrasse,261
Kreuzstrasse,262
Kreuzstrasse,263
Kreuzstrasse,264
Kreuzstrasse,265
Kreuzstrasse,266
Kreuzstrasse,267
Kreuzstrasse,268
Kreuzstrasse,269
Kreuzstrasse,270
Kreuzstrasse,271
Kreuzstrasse,272
Kreuzstrasse,273
Kreuzstrasse,274
Kreuzstrasse,275
Kreuzstrasse,276
Kreuzstrasse,277
Kreuzstrasse,278
Kreuzstrasse,279
Kreuzstrasse,280
Kreuzstrasse,281
Kreuzstrasse,282
Kreuzstrasse,283
Kreuzstrasse,284
Kreuzstrasse,285
Kreuzstrasse,286
Kreuzstrasse,287
Kreuzstrasse,288
Kreuzstrasse,289
Kreuzstrasse,290
Kreuzstrasse,291
Kreuzstrasse,292
Kreuzstrasse,293
Kreuzstrasse,294
Kreuzstrasse,295
Kreuzstrasse,296
Kreuzstrasse,297
Kreuzstrasse,298
Kreuzstrasse,299
Kreuzstrasse,300
Kreuzstrasse,301
Kreuzstrasse,302
Kreuzstrasse,303
Kreuzstrasse,304
Kreuzstrasse,305
Kreuzstrasse,306
Kreuzstrasse,307
Kreuzstrasse,308
Kreuzstrasse,309
Kreuzstrasse,310
Kreuzstrasse,311
Kreuzstrasse,312
Kreuzstrasse,313
Kreuzstrasse,314
Kreuzstrasse,315
Kreuzstrasse,316
Kreuzstrasse,317
Kreuzstrasse,318
Kreuzstrasse,319
Kreuzstrasse,320
Kreuzstrasse,321
Kreuzstrasse,322
Kreuzstrasse,323
Kreuzstrasse,324
Kreuzstrasse,325
Kreuzstrasse,326
Kreuzstrasse,327
Kreuzstrasse,328
Kreuzstrasse,329
Kreuzstrasse,330
Kreuzstrasse,331
Kreuzstrasse,332
Kreuzstrasse,333
Kreuzstrasse,334
Kreuzstrasse,335
Kreuzstrasse,336
Kreuzstrasse,337
Kreuzstrasse,338
Kreuzstrasse,339
Kreuzstrasse,340
Kreuzstrasse,341
Kreuzstrasse,342
Kreuzstrasse,343
Kreuzstrasse,344
Kreuzstrasse,345
Kreuzstrasse,346
Kreuzstrasse,347
Kreuzstrasse,348
Kreuzstrasse,349
Kreuzstrasse,350
Kreuzstrasse,351
Kreuzstrasse,352
Kreuzstrasse,353
Kreuzstrasse,354
Kreuzstrasse,355
Kreuzstrasse,356
Kreuzstrasse,357
Kreuzstrasse,358
Kreuzstrasse,359
Kreuzstrasse,360
Kreuzstrasse,361
Kreuzstrasse,362
Kreuzstrasse,363
Kreuzstrasse,364
Kreuzstrasse,365
Kreuzstrasse,366
Kreuzstrasse,367
Kreuzstrasse,368
Kreuzstrasse,369
Kreuzstrasse,370
Kreuzstrasse,371
Kreuzstrasse,372
Kreuzstrasse,373
Kreuzstrasse,374
Kreuzstrasse,375
Kreuzstrasse,376
Kreuzstrasse,377
Kreuzstrasse,378
Kreuzstrasse,379
Kreuzstrasse,380
Kreuzstrasse,381
Kreuzstrasse,382
Kreuzstrasse,383
Kreuzstrasse,384
Kreuzstrasse,385
Kreuzstrasse,386
Kreuzstrasse,387
Kreuzstrasse,388
Kreuzstrasse,389
Kreuzstrasse,390
Kreuzstrasse,391
Kreuzstrasse,392
Kreuzstrasse,393
Kreuzstrasse,394
Kreuzstrasse,395
Kriechbaumhof,1
Kriechbaumhof,2
Kriechbaumhof,3
Kriechbaumhof,4
Kudblgasse,1
Kuechelbaeckerstrasse,1
Kuechelbaeckerstrasse,2
Kuechelbaeckerstrasse,3
Kuehbachstrasse,1
Kuehbachstrasse,2
Kuehbachstrasse,3
Kuehbachstrasse,4
Kuehbachstrasse,5
Kuehbachstrasse,6
Kuehbachstrasse,7
Kuehbachstrasse,8
Kuehbachstrasse,9
Kuehbachstrasse,10
Kuehbachstrasse,11
Kuehbachstrasse,12
Kuehbachstrasse,13
Kuehbachstrasse,14
Kuehbachstrasse,15
Kuehbachstrasse,16
Kuehbachstrasse,17
Kuehbachstrasse,18
Kuehbachstrasse,19
Kuehbachstrasse,20
Kuehbachstrasse,21
Kuehbachstrasse,22
Kugelhof,1
Kugelhof,2
Kugelhof,3
Kugelhof,4
Kugelhof,5
Kugelhof,6
Kugelhof,7
Kugelhof,8
Kugelhof,9
Kugelhof,10
Kugelhof,11
Kuglerberg,1
Kuglerberg,2
Kuglerberg,3
Kuglerberg,4
Kuglerberg,5
Kuglerberg,6
Kuglerberg,7
Kuglerberg,8
Kuglerberg,9
Lachnerstrasse,1
Lachnerstrasse,2
Lachnerstrasse,3
Lachnerstrasse,4
Lachnerstrasse,5
Lachnerstrasse,6
Lachnerstrasse,7
Lachnerstrasse,8
Lachnerstrasse,9
Lachnerstrasse,10
Lachnerstrasse,11
Lachnerstrasse,12
Lachnerstrasse,13
Lachnerstrasse,14
Lachnerstrasse,15
Lachnerstrasse,16
Lachnerstrasse,17
Lachnerstrasse,18
Lachnerstrasse,19
Lachnerstrasse,20
Lachnerstrasse,21
Lachnerstrasse,22
Laemmerstrasse,1
Laemmerstrasse,2
Laemmerstrasse,3
Laemmerstrasse,4
Laemmerstrasse,5
Laemmerstrasse,6
Laemmerstrasse,7
Laemmerstrasse,8
Laemmerstrasse,9
Laendgasse,1
Laendstrasse,1
Laendstrasse,2
Laendstrasse,3
Laendstrasse,4
Laendstrasse,5
Laendstrasse,6
Landsberger Strasse,1
Landsberger Strasse,2
Landsberger Strasse,3
Landsberger Strasse,4
Landsberger Strasse,5
Landsberger Strasse,6
Landsberger Strasse,7
Landsberger Strasse,8
Landsberger Strasse,9
Landsberger Strasse,10
Landsberger Strasse,11
Landsberger Strasse,12
Landsberger Strasse,13
Landsberger Strasse,14
Landsberger Strasse,15
Landsberger Strasse,16
Landsberger Strasse,17
Landsberger Strasse,18
Landsberger Strasse,19
Landsberger Strasse,20
Landsberger Strasse,21
Landsberger Strasse,22
Landsberger Strasse,23
Landsberger Strasse,24
Landsberger Strasse,25
Landsberger Strasse,26
Landsberger Strasse,27
Landsberger Strasse,28
Landsberger Strasse,29
Landsberger Strasse,30
Landsberger Strasse,31
Landsberger Strasse,32
Landsberger Strasse,33
Landsberger Strasse,34
Landsberger Strasse,35
Landsberger Strasse,36
Landsberger Strasse,37
Landsberger Strasse,38
Landsberger Strasse,39
Landsberger Strasse,40
Landsberger Strasse,41
Landsberger Strasse,42
Landsberger Strasse,43
Landsberger Strasse,44
Landsberger Strasse,45
Landsberger Strasse,46
Landsberger Strasse,47
Landsberger Strasse,48
Landsberger Strasse,49
Landsberger Strasse,50
Landsberger Strasse,51
Landsberger Strasse,52
Landsberger Strasse,53
Landsberger Strasse,54
Landsberger Strasse,55
Landsberger Strasse,56
Landsberger Strasse,57
Landsberger Strasse,58
Landsberger Strasse,59
Landsberger Strasse,60
Landsberger Strasse,61
Landsberger Strasse,62
Landsberger Strasse,63
Landsberger Strasse,64
Landsberger Strasse,65
Landsberger Strasse,66
Landsberger Strasse,67
Landsberger Strasse,68
Landsberger Strasse,69
Landsberger Strasse,70
Landsberger Strasse,71
Landsberger Strasse,72
Landsberger Strasse,73
Landsberger Strasse,74
Landsberger Strasse,75
Landsberger Strasse,76
Landsberger Strasse,77
Landsberger Strasse,78
Landsberger Strasse,79
Landsberger Strasse,80
Landsberger Strasse,81
Landsberger Strasse,82
Landsberger Strasse,83
Landsberger Strasse,84
Landsberger Strasse,85
Landsberger Strasse,86
Landsberger Strasse,87
Landsberger Strasse,88
Landsberger Strasse,89
Landsberger Strasse,90
Landsberger Strasse,91
Landsberger Strasse,92
Landsberger Strasse,93
Landsberger Strasse,94
Landsberger Strasse,95
Landsberger Strasse,96
Landsberger Strasse,97
Landsberger Strasse,98
Landsberger Strasse,99
Landsberger Strasse,100
Landsberger Strasse,101
Landsberger Strasse,102
Landsberger Strasse,103
Landsberger Strasse,104
Landsberger Strasse,105
Landsberger Strasse,106
Landsberger Strasse,107
Landsberger Strasse,108
Landsberger Strasse,109
Landsberger Strasse,110
Landsberger Strasse,111
Landsberger Strasse,112
Landsberger Strasse,113
Landsberger Strasse,114
Landsberger Strasse,115
Landsberger Strasse,116
Landsberger Strasse,117
Landsberger Strasse,118
Landsberger Strasse,119
Landsberger Strasse,120
Landsberger Strasse,121
Landsberger Strasse,122
Landsberger Strasse,123
Landsberger Strasse,124
Landsberger Strasse,125
Landsberger Strasse,126
Landsberger Strasse,127
Landsberger Strasse,128
Landsberger Strasse,129
Landsberger Strasse,130
Landsberger Strasse,131
Landsberger Strasse,132
Landsberger Strasse,133
Landsberger Strasse,134
Landsberger Strasse,135
Landsberger Strasse,136
Landsberger Strasse,137
Landsberger Strasse,138
Landsberger Strasse,139
Landsberger Strasse,140
Landsberger Strasse,141
Landsberger Strasse,142
Landsberger Strasse,143
Landsberger Strasse,144
Landsberger Strasse,145
Landsberger Strasse,146
Landsberger Strasse,147
Landsberger Strasse,148
Landsberger Strasse,149
Landsberger Strasse,150
Landsberger Strasse,151
Landsberger Strasse,152
Landsberger Strasse,153
Landsberger Strasse,154
Landsberger Strasse,155
Landsberger Strasse,156
Landsberger Strasse,157
Landsberger Strasse,158
Landsberger Strasse,159
Landsberger Strasse,160
Landsberger Strasse,161
Landsberger Strasse,162
Landsberger Strasse,163
Landsberger Strasse,164
Landsberger Strasse,165
Landsberger Strasse,166
Landsberger Strasse,167
Landsberger Strasse,168
Landsberger Strasse,169
Landsberger Strasse,170
Landsberger Strasse,171
Landsberger Strasse,172
Landsberger Strasse,173
Landsberger Strasse,174
Landsberger Strasse,175
Landsberger Strasse,176
Landsberger Strasse,177
Landsberger Strasse,178
Landsberger Strasse,179
Landsberger Strasse,180
Landsberger Strasse,181
Landsberger Strasse,182
Landsberger Strasse,183
Landsberger Strasse,184
Landsberger Strasse,185
Landsberger Strasse,186
Landsberger Strasse,187
Landsberger Strasse,188
Landsberger Strasse,189
Landsberger Strasse,190
Landsberger Strasse,191
Landsberger Strasse,192
Landsberger Strasse,193
Landsberger Strasse,194
Landsberger Strasse,195
Landsberger Strasse,196
Landsberger Strasse,197
Landsberger Strasse,198
Landsberger Strasse,199
Landsberger Strasse,200
Landsberger Strasse,201
Landsberger Strasse,202
Landsberger Strasse,203
Landsberger Strasse,204
Landsberger Strasse,205
Landsberger Strasse,206
Landsberger Strasse,207
Landsberger Strasse,208
Landsberger Strasse,209
Landsberger Strasse,210
Landsberger Strasse,211
Landsberger Strasse,212
Landsberger Strasse,213
Landsberger Strasse,214
Landsberger Strasse,215
Landsberger Strasse,216
Landschaftstrasse,1
Landschaftstrasse,2
Landschaftstrasse,3
Landschaftstrasse,4
Landschaftstrasse,5
Landschaftstrasse,6
Landschaftstrasse,7
Landschaftstrasse,8
Landschaftstrasse,9
Landschaftstrasse,10
Landschaftstrasse,11
Landschaftstrasse,12
Landstrasse,1
Landstrasse,2
Landstrasse,3
Landstrasse,4
Landstrasse,5
Landstrasse,6
Landstrasse,7
Landstrasse,8
Landstrasse,9
Landstrasse,10
Landstrasse,11
Landstrasse,12
Landstrasse,13
Landstrasse,14
Landstrasse,15
Landstrasse,16
Landstrasse,17
Landstrasse,18
Landstrasse,19
Landstrasse,20
Landstrasse,21
Landstrasse,22
Landstrasse,23
Landstrasse,24
Landstrasse,25
Landstrasse,26
Landstrasse,27
Landstrasse,28
Landstrasse,29
Landwehrstrasse,1
Landwehrstrasse,2
Landwehrstrasse,3
Landwehrstrasse,4
Landwehrstrasse,5
Landwehrstrasse,6
Landwehrstrasse,7
Landwehrstrasse,8
Landwehrstrasse,9
Landwehrstrasse,10
Landwehrstrasse,11
Landwehrstrasse,12
Landwehrstrasse,13
Landwehrstrasse,14
Landwehrstrasse,15
Landwehrstrasse,16
Landwehrstrasse,17
Landwehrstrasse,18
Landwehrstrasse,19
Landwehrstrasse,20
Landwehrstrasse,21
Landwehrstrasse,22
Landwehrstrasse,23
Landwehrstrasse,24
Landwehrstrasse,25
Landwehrstrasse,26
Landwehrstrasse,27
Landwehrstrasse,28
Landwehrstrasse,29
Landwehrstrasse,30
Landwehrstrasse,31
Landwehrstrasse,32
Landwehrstrasse,33
Landwehrstrasse,34
Landwehrstrasse,35
Landwehrstrasse,36
Landwehrstrasse,37
Landwehrstrasse,38
Landwehrstrasse,39
Landwehrstrasse,40
Landwehrstrasse,41
Landwehrstrasse,42
Landwehrstrasse,43
Landwehrstrasse,44
Landwehrstrasse,45
Landwehrstrasse,46
Landwehrstrasse,47
Landwehrstrasse,48
Landwehrstrasse,49
Landwehrstrasse,50
Landwehrstrasse,51
Landwehrstrasse,52
Landwehrstrasse,53
Landwehrstrasse,54
Landwehrstrasse,55
Landwehrstrasse,56
Landwehrstrasse,57
Landwehrstrasse,58
Landwehrstrasse,59
Landwehrstrasse,60
Landwehrstrasse,61
Landwehrstrasse,62
Landwehrstrasse,63
Landwehrstrasse,64
Landwehrstrasse,65
Landwehrstrasse,66
Landwehrstrasse,67
Landwehrstrasse,68
Landwehrstrasse,69
Landwehrstrasse,70
Landwehrstrasse,71
Landwehrstrasse,72
Landwehrstrasse,73
Landwehrstrasse,74
Landwehrstrasse,75
Landwehrstrasse,76
Landwehrstrasse,77
Landwehrstrasse,78
Landwehrstrasse,79
Landwehrstrasse,80
Landwehrstrasse,81
Landwehrstrasse,82
Landwehrstrasse,83
Landwehrstrasse,84
Landwehrstrasse,85
Landwehrstrasse,86
Landwehrstrasse,87
Langerstrasse,1
Langerstrasse,2
Langerstrasse,3
Langerstrasse,4
Langerstrasse,5
Lazarettstrasse,1
Lazarettstrasse,2
Lazarettstrasse,3
Lazarettstrasse,4
Lazarettstrasse,5
Lazarettstrasse,6
Lazarettstrasse,7
Lazarettstrasse,8
Lazarettstrasse,9
Lazarettstrasse,10
Lazarettstrasse,11
Lazarettstrasse,12
Lazarettstrasse,13
Lazarettstrasse,14
Lazarettstrasse,15
Lazarettstrasse,16
Lazarettstrasse,17
Lazarettstrasse,18
Lazarettstrasse,19
Lazarettstrasse,20
Lazarettstrasse,21
Lazarettstrasse,22
Lazarettstrasse,23
Lazarettstrasse,24
Lazarettstrasse,25
Lazarettstrasse,26
Lazarettstrasse,27
Lazarettstrasse,28
Lazarettstrasse,29
Lazarettstrasse,30
Lazarettstrasse,31
Lazarettstrasse,32
Lazarettstrasse,33
Lazarettstrasse,34
Lazarettstrasse,35
Lazarettstrasse,36
Lazarettstrasse,37
Lazarettstrasse,38
Lazarettstrasse,39
Lazarettstrasse,40
Lazarettstrasse,41
Lazarettstrasse,42
Lazarettstrasse,43
Lazarettstrasse,44
Lazarettstrasse,45
Lazarettstrasse,46
Lazarettstrasse,47
Lazarettstrasse,48
Lazarettstrasse,49
Lazarettstrasse,50
Lazarettstrasse,51
Lazarettstrasse,52
Lazarettstrasse,53
Lazarettstrasse,54
Lazarettstrasse,55
Lazarettstrasse,56
Lazarettstrasse,57
Lazarettstrasse,58
Lazarettstrasse,59
Lazarettstrasse,60
Ledererstrasse,1
Ledererstrasse,2
Ledererstrasse,3
Ledererstrasse,4
Ledererstrasse,5
Ledererstrasse,6
Ledererstrasse,7
Ledererstrasse,8
Ledererstrasse,9
Ledererstrasse,10
Ledererstrasse,11
Ledererstrasse,12
Ledererstrasse,13
Ledererstrasse,14
Ledererstrasse,15
Ledererstrasse,16
Ledererstrasse,17
Ledererstrasse,18
Ledererstrasse,19
Ledererstrasse,20
Ledererstrasse,21
Ledererstrasse,22
Ledererstrasse,23
Ledererstrasse,24
Ledererstrasse,25
Ledererstrasse,26
Leonhardstrasse,1
Leonhardstrasse,2
Leonhardstrasse,3
Leonhardstrasse,4
Leonhardstrasse,5
Leonhardstrasse,6
Leonhardstrasse,7
Leonhardstrasse,8
Leonhardstrasse,9
Leonhardstrasse,10
Leonhardstrasse,11
Leonhardstrasse,12
Leonhardstrasse,13
Leonhardstrasse,14
Leonhardstrasse,15
Leonhardstrasse,16
Leopoldstrasse,1
Leopoldstrasse,2
Leopoldstrasse,3
Leopoldstrasse,4
Leopoldstrasse,5
Leopoldstrasse,6
Leopoldstrasse,7
Leopoldstrasse,8
Leopoldstrasse,9
Leopoldstrasse,10
Leopoldstrasse,11
Leopoldstrasse,12
Leopoldstrasse,13
Leopoldstrasse,14
Leopoldstrasse,15
Leopoldstrasse,16
Leopoldstrasse,17
Leopoldstrasse,18
Leopoldstrasse,19
Leopoldstrasse,20
Leopoldstrasse,21
Leopoldstrasse,22
Leopoldstrasse,23
Leopoldstrasse,24
Leopoldstrasse,25
Leopoldstrasse,26
Leopoldstrasse,27
Leopoldstrasse,28
Leopoldstrasse,29
Leopoldstrasse,30
Leopoldstrasse,31
Leopoldstrasse,32
Leopoldstrasse,33
Leopoldstrasse,34
Leopoldstrasse,35
Leopoldstrasse,36
Leopoldstrasse,37
Leopoldstrasse,38
Leopoldstrasse,39
Leopoldstrasse,40
Leopoldstrasse,41
Leopoldstrasse,42
Leopoldstrasse,43
Leopoldstrasse,44
Leopoldstrasse,45
Leopoldstrasse,46
Leopoldstrasse,47
Leopoldstrasse,48
Leopoldstrasse,49
Leopoldstrasse,50
Leopoldstrasse,51
Leopoldstrasse,52
Leopoldstrasse,53
Leopoldstrasse,54
Leopoldstrasse,55
Leopoldstrasse,56
Leopoldstrasse,57
Leopoldstrasse,58
Leopoldstrasse,59
Leopoldstrasse,60
Leopoldstrasse,61
Leopoldstrasse,62
Leopoldstrasse,63
Leopoldstrasse,64
Leopoldstrasse,65
Leopoldstrasse,66
Leopoldstrasse,67
Leopoldstrasse,68
Leopoldstrasse,69
Leopoldstrasse,70
Leopoldstrasse,71
Leopoldstrasse,72
Leopoldstrasse,73
Leopoldstrasse,74
Leopoldstrasse,75
Leopoldstrasse,76
Leopoldstrasse,77
Leopoldstrasse,78
Leopoldstrasse,79
Leopoldstrasse,80
Leopoldstrasse,81
Leopoldstrasse,82
Leopoldstrasse,83
Leopoldstrasse,84
Leopoldstrasse,85
Leopoldstrasse,86
Leopoldstrasse,87
Leopoldstrasse,88
Leopoldstrasse,89
Leopoldstrasse,90
Leopoldstrasse,91
Leopoldstrasse,92
Leopoldstrasse,93
Lerchen,1
Lerchen,2
Lerchen,3
Lerchen,4
Lerchen,5
Lerchen,6
Lerchen,7
Lerchen,8
Lerchen,9
Lerchen,10
Lerchen,11
Lerchen,12
Lerchen,13
Lerchenstrasse,1
Lerchenstrasse,2
Lerchenstrasse,3
Lerchenstrasse,4
Lerchenstrasse,5
Lerchenstrasse,6
Lerchenstrasse,7
Lerchenstrasse,8
Lerchenstrasse,9
Lerchenstrasse,10
Lerchenstrasse,11
Lerchenstrasse,12
Lerchenstrasse,13
Lerchenstrasse,14
Lerchenstrasse,15
Lerchenstrasse,16
Lerchenstrasse,17
Lerchenstrasse,18
Lerchenstrasse,19
Lerchenstrasse,20
Lerchenstrasse,21
Lerchenstrasse,22
Lerchenstrasse,23
Lerchenstrasse,24
Lerchenstrasse,25
Lerchenstrasse,26
Lerchenstrasse,27
Lerchenstrasse,28
Lerchenstrasse,29
Lerchenstrasse,30
Lerchenstrasse,31
Lerchenstrasse,32
Lerchenstrasse,33
Lerchenstrasse,34
Lerchenstrasse,35
Lerchenstrasse,36
Lerchenstrasse,37
Lerchenstrasse,38
Lerchenstrasse,39
Lerchenstrasse,40
Lerchenstrasse,41
Lerchenstrasse,42
Lerchenstrasse,43
Lerchenstrasse,44
Lerchenstrasse,45
Lerchenstrasse,46
Lerchenstrasse,47
Lerchenstrasse,48
Lerchenstrasse,49
Lerchenstrasse,50
Lerchenstrasse,51
Lerchenstrasse,52
Lerchenstrasse,53
Lerchenstrasse,54
Lerchenstrasse,55
Lerchenstrasse,56
Lerchenstrasse,57
Lessingstrasse,1
Lessingstrasse,2
Lessingstrasse,3
Lessingstrasse,4
Lessingstrasse,5
Lessingstrasse,6
Lessingstrasse,7
Lessingstrasse,8
Lessingstrasse,9
Lessingstrasse,10
Lessingstrasse,11
Lessingstrasse,12
Liebigstrasse,1
Liebigstrasse,2
Liebigstrasse,3
Liebigstrasse,4
Liebigstrasse,5
Liebigstrasse,6
Liebigstrasse,7
Liebigstrasse,8
Liebigstrasse,9
Liebigstrasse,10
Liebigstrasse,11
Liebigstrasse,12
Liebigstrasse,13
Liebigstrasse,14
Liebigstrasse,15
Liebigstrasse,16
Liebigstrasse,17
Liebigstrasse,18
Liebigstrasse,19
Liebigstrasse,20
Liebigstrasse,21
Liebigstrasse,22
Liebigstrasse,23
Liebigstrasse,24
Liebigstrasse,25
Liebigstrasse,26
Liebigstrasse,27
Liebigstrasse,28
Liebigstrasse,29
Liebigstrasse,30
Liebigstrasse,31
Liebigstrasse,32
Liebigstrasse,33
Liebigstrasse,34
Liebigstrasse,35
Liebigstrasse,36
Liebigstrasse,37
Liebigstrasse,38
Liebigstrasse,39
Liebigstrasse,40
Liebigstrasse,41
Ligsalzstrasse,1
Ligsalzstrasse,2
Ligsalzstrasse,3
Ligsalzstrasse,4
Ligsalzstrasse,5
Ligsalzstrasse,6
Ligsalzstrasse,7
Ligsalzstrasse,8
Ligsalzstrasse,9
Ligsalzstrasse,10
Ligsalzstrasse,11
Ligsalzstrasse,12
Ligsalzstrasse,13
Ligsalzstrasse,14
Ligsalzstrasse,15
Ligsalzstrasse,16
Ligsalzstrasse,17
Ligsalzstrasse,18
Ligsalzstrasse,19
Ligsalzstrasse,20
Ligsalzstrasse,21
Ligsalzstrasse,22
Ligsalzstrasse,23
Ligsalzstrasse,24
Ligsalzstrasse,25
Ligsalzstrasse,26
Ligsalzstrasse,27
Ligsalzstrasse,28
Ligsalzstrasse,29
Ligsalzstrasse,30
Ligsalzstrasse,31
Ligsalzstrasse,32
Ligsalzstrasse,33
Ligsalzstrasse,34
Ligsalzstrasse,35
Ligsalzstrasse,36
Ligsalzstrasse,37
Ligsalzstrasse,38
Ligsalzstrasse,39
Ligsalzstrasse,40
Ligsalzstrasse,41
Ligsalzstrasse,42
Ligsalzstrasse,43
Ligsalzstrasse,44
Lilienstrasse,1
Lilienstrasse,2
Lilienstrasse,3
Lilienstrasse,4
Lilienstrasse,5
Lilienstrasse,6
Lilienstrasse,7
Lilienstrasse,8
Lilienstrasse,9
Lilienstrasse,10
Lilienstrasse,11
Lilienstrasse,12
Lilienstrasse,13
Lilienstrasse,14
Lilienstrasse,15
Lilienstrasse,16
Lilienstrasse,17
Lilienstrasse,18
Lilienstrasse,19
Lilienstrasse,20
Lilienstrasse,21
Lilienstrasse,22
Lilienstrasse,23
Lilienstrasse,24
Lilienstrasse,25
Lilienstrasse,26
Lilienstrasse,27
Lilienstrasse,28
Lilienstrasse,29
Lilienstrasse,30
Lilienstrasse,31
Lilienstrasse,32
Lilienstrasse,33
Lilienstrasse,34
Lilienstrasse,35
Lilienstrasse,36
Lilienstrasse,37
Lilienstrasse,38
Lilienstrasse,39
Lilienstrasse,40
Lilienstrasse,41
Lilienstrasse,42
Lilienstrasse,43
Lilienstrasse,44
Lilienstrasse,45
Lilienstrasse,46
Lilienstrasse,47
Lilienstrasse,48
Lilienstrasse,49
Lilienstrasse,50
Lilienstrasse,51
Lilienstrasse,52
Lilienstrasse,53
Lilienstrasse,54
Lilienstrasse,55
Lilienstrasse,56
Lilienstrasse,57
Lilienstrasse,58
Lilienstrasse,59
Lilienstrasse,60
Lilienstrasse,61
Lilienstrasse,62
Lilienstrasse,63
Lilienstrasse,64
Lilienstrasse,65
Lilienstrasse,66
Lilienstrasse,67
Lilienstrasse,68
Lilienstrasse,69
Lilienstrasse,70
Lilienstrasse,71
Lilienstrasse,72
Lilienstrasse,73
Lilienstrasse,74
Lilienstrasse,75
Lilienstrasse,76
Lilienstrasse,77
Lilienstrasse,78
Lilienstrasse,79
Lilienstrasse,80
Lilienstrasse,81
Lilienstrasse,82
Lilienstrasse,83
Lilienstrasse,84
Lilienstrasse,85
Lilienstrasse,86
Lilienstrasse,87
Lilienstrasse,88
Lilienstrasse,89
Lilienstrasse,90
Lilienstrasse,91
Lilienstrasse,92
Lilienstrasse,93
Lilienstrasse,94
Lilienstrasse,95
Lilienstrasse,96
Lilienstrasse,97
Lilienstrasse,98
Lilienstrasse,99
Lilienstrasse,100
Lilienstrasse,101
Lilienstrasse,102
Lilienstrasse,103
Lilienstrasse,104
Lilienstrasse,105
Lilienstrasse,106
Lilienstrasse,107
Lilienstrasse,108
Lilienstrasse,109
Lilienstrasse,110
Lilienstrasse,111
Lilienstrasse,112
Lilienstrasse,113
Lilienstrasse,114
Lilienstrasse,115
Lilienstrasse,116
Lilienstrasse,117
Lilienstrasse,118
Lilienstrasse,119
Lilienstrasse,120
Lilienstrasse,121
Lilienstrasse,122
Lilienstrasse,123
Lilienstrasse,124
Lilienstrasse,125
Lilienstrasse,126
Lilienstrasse,127
Lilienstrasse,128
Lilienstrasse,129
Lilienstrasse,130
Lilienstrasse,131
Lilienstrasse,132
Lilienstrasse,133
Lilienstrasse,134
Lilienstrasse,135
Lilienstrasse,136
Lilienstrasse,137
Lilienstrasse,138
Lilienstrasse,139
Lilienstrasse,140
Lilienstrasse,141
Lilienstrasse,142
Lilienstrasse,143
Lilienstrasse,144
Lilienstrasse,145
Lilienstrasse,146
Lilienstrasse,147
Lilienstrasse,148
Lilienstrasse,149
Lilienstrasse,150
Lilienstrasse,151
Lilienstrasse,152
Lilienstrasse,153
Lilienstrasse,154
Lilienstrasse,155
Lilienstrasse,156
Lilienstrasse,157
Lilienstrasse,158
Lilienstrasse,159
Lilienstrasse,160
Lilienstrasse,161
Lilienstrasse,162
Lilienstrasse,163
Lilienstrasse,164
Lilienstrasse,165
Lilienstrasse,166
Lilienstrasse,167
Lilienstrasse,168
Lilienstrasse,169
Lilienstrasse,170
Lilienstrasse,171
Lilienstrasse,172
Lilienstrasse,173
Lilienstrasse,174
Lilienstrasse,175
Lilienstrasse,176
Lilienstrasse,177
Lilienstrasse,178
Lilienstrasse,179
Lilienstrasse,180
Lilienstrasse,181
Lilienstrasse,182
Lilienstrasse,183
Lilienstrasse,184
Lilienstrasse,185
Lilienstrasse,186
Lilienstrasse,187
Lilienstrasse,188
Lilienstrasse,189
Lilienstrasse,190
Lilienstrasse,191
Lilienstrasse,192
Lilienstrasse,193
Lilienstrasse,194
Lilienstrasse,195
Lilienstrasse,196
Lilienstrasse,197
Lilienstrasse,198
Lilienstrasse,199
Lilienstrasse,200
Lilienstrasse,201
Lilienstrasse,202
Lilienstrasse,203
Lilienstrasse,204
Lilienstrasse,205
Lilienstrasse,206
Lilienstrasse,207
Lilienstrasse,208
Lilienstrasse,209
Lilienstrasse,210
Lilienstrasse,211
Lilienstrasse,212
Lilienstrasse,213
Lilienstrasse,214
Lilienstrasse,215
Lilienstrasse,216
Lilienstrasse,217
Lilienstrasse,218
Lilienstrasse,219
Lilienstrasse,220
Lilienstrasse,221
Lilienstrasse,222
Lilienstrasse,223
Lilienstrasse,224
Lilienstrasse,225
Lilienstrasse,226
Lilienstrasse,227
Lilienstrasse,228
Lilienstrasse,229
Lilienstrasse,230
Lilienstrasse,231
Lilienstrasse,232
Lilienstrasse,233
Lilienstrasse,234
Lilienstrasse,235
Lilienstrasse,236
Lilienstrasse,237
Lilienstrasse,238
Lilienstrasse,239
Lilienstrasse,240
Lilienstrasse,241
Lilienstrasse,242
Lilienstrasse,243
Lilienstrasse,244
Lilienstrasse,245
Lilienstrasse,246
Lilienstrasse,247
Lilienstrasse,248
Lilienstrasse,249
Lilienstrasse,250
Lilienstrasse,251
Lilienstrasse,252
Lilienstrasse,253
Lilienstrasse,254
Lilienstrasse,255
Lilienstrasse,256
Lilienstrasse,257
Lilienstrasse,258
Lilienstrasse,259
Lilienstrasse,260
Lilienstrasse,261
Lilienstrasse,262
Lilienstrasse,263
Lilienstrasse,264
Lilienstrasse,265
Lilienstrasse,266
Lilienstrasse,267
Lilienstrasse,268
Lilienstrasse,269
Lilienstrasse,270
Lilienstrasse,271
Lilienstrasse,272
Lilienstrasse,273
Lilienstrasse,274
Lilienstrasse,275
Lilienstrasse,276
Lilienstrasse,277
Lilienstrasse,278
Lilienstrasse,279
Lilienstrasse,280
Lilienstrasse,281
Lilienstrasse,282
Lilienstrasse,283
Lilienstrasse,284
Lilienstrasse,285
Lilienstrasse,286
Lilienstrasse,287
Lilienstrasse,288
Lilienstrasse,289
Lilienstrasse,290
Lilienstrasse,291
Lilienstrasse,292
Lilienstrasse,293
Lilienstrasse,294
Lilienstrasse,295
Lilienstrasse,296
Lilienstrasse,297
Lilienstrasse,298
Lilienstrasse,299
Lilienstrasse,300
Lilienstrasse,301
Lilienstrasse,302
Lilienstrasse,303
Lilienstrasse,304
Lilienstrasse,305
Lilienstrasse,306
Lilienstrasse,307
Lilienstrasse,308
Lindwurmstrasse,1
Lindwurmstrasse,2
Lindwurmstrasse,3
Lindwurmstrasse,4
Lindwurmstrasse,5
Lindwurmstrasse,6
Lindwurmstrasse,7
Lindwurmstrasse,8
Lindwurmstrasse,9
Lindwurmstrasse,10
Lindwurmstrasse,11
Lindwurmstrasse,12
Lindwurmstrasse,13
Lindwurmstrasse,14
Lindwurmstrasse,15
Lindwurmstrasse,16
Lindwurmstrasse,17
Lindwurmstrasse,18
Lindwurmstrasse,19
Lindwurmstrasse,20
Lindwurmstrasse,21
Lindwurmstrasse,22
Lindwurmstrasse,23
Lindwurmstrasse,24
Lindwurmstrasse,25
Lindwurmstrasse,26
Lindwurmstrasse,27
Lindwurmstrasse,28
Lindwurmstrasse,29
Lindwurmstrasse,30
Lindwurmstrasse,31
Lindwurmstrasse,32
Lindwurmstrasse,33
Lindwurmstrasse,34
Lindwurmstrasse,35
Lindwurmstrasse,36
Lindwurmstrasse,37
Lindwurmstrasse,38
Lindwurmstrasse,39
Lindwurmstrasse,40
Lindwurmstrasse,41
Lindwurmstrasse,42
Lindwurmstrasse,43
Lindwurmstrasse,44
Lindwurmstrasse,45
Lindwurmstrasse,46
Lindwurmstrasse,47
Lindwurmstrasse,48
Lindwurmstrasse,49
Lindwurmstrasse,50
Lindwurmstrasse,51
Lindwurmstrasse,52
Lindwurmstrasse,53
Lindwurmstrasse,54
Lindwurmstrasse,55
Lindwurmstrasse,56
Lindwurmstrasse,57
Lindwurmstrasse,58
Lindwurmstrasse,59
Lindwurmstrasse,60
Lindwurmstrasse,61
Lindwurmstrasse,62
Lindwurmstrasse,63
Lindwurmstrasse,64
Lindwurmstrasse,65
Lindwurmstrasse,66
Lindwurmstrasse,67
Lindwurmstrasse,68
Lindwurmstrasse,69
Lindwurmstrasse,70
Lindwurmstrasse,71
Lindwurmstrasse,72
Lindwurmstrasse,73
Lindwurmstrasse,74
Lindwurmstrasse,75
Lindwurmstrasse,76
Lindwurmstrasse,77
Lindwurmstrasse,78
Lindwurmstrasse,79
Lindwurmstrasse,80
Lindwurmstrasse,81
Lindwurmstrasse,82
Lindwurmstrasse,83
Lindwurmstrasse,84
Lindwurmstrasse,85
Lindwurmstrasse,86
Lindwurmstrasse,87
Lindwurmstrasse,88
Lindwurmstrasse,89
Lindwurmstrasse,90
Lindwurmstrasse,91
Lindwurmstrasse,92
Lindwurmstrasse,93
Lindwurmstrasse,94
Lindwurmstrasse,95
Lindwurmstrasse,96
Lindwurmstrasse,97
Lindwurmstrasse,98
Lindwurmstrasse,99
Lindwurmstrasse,100
Lindwurmstrasse,101
Lindwurmstrasse,102
Lindwurmstrasse,103
Lindwurmstrasse,104
Lindwurmstrasse,105
Lindwurmstrasse,106
Lindwurmstrasse,107
Lindwurmstrasse,108
Lindwurmstrasse,109
Lindwurmstrasse,110
Lindwurmstrasse,111
Lindwurmstrasse,112
Lindwurmstrasse,113
Lindwurmstrasse,114
Lindwurmstrasse,115
Lindwurmstrasse,116
Lindwurmstrasse,117
Lindwurmstrasse,118
Lindwurmstrasse,119
Lindwurmstrasse,120
Lindwurmstrasse,121
Lindwurmstrasse,122
Lindwurmstrasse,123
Lindwurmstrasse,124
Lindwurmstrasse,125
Lindwurmstrasse,126
Lindwurmstrasse,127
Lindwurmstrasse,128
Lindwurmstrasse,129
Lindwurmstrasse,130
Lindwurmstrasse,131
Lindwurmstrasse,132
Lindwurmstrasse,133
Lindwurmstrasse,134
Lindwurmstrasse,135
Lindwurmstrasse,136
Lindwurmstrasse,137
Lindwurmstrasse,138
Lindwurmstrasse,139
Lindwurmstrasse,140
Lindwurmstrasse,141
Lindwurmstrasse,142
Lindwurmstrasse,143
Lindwurmstrasse,144
Lindwurmstrasse,145
Lindwurmstrasse,146
Lindwurmstrasse,147
Lindwurmstrasse,148
Lindwurmstrasse,149
Lindwurmstrasse,150
Lindwurmstrasse,151
Lindwurmstrasse,152
Lindwurmstrasse,153
Lindwurmstrasse,154
Lindwurmstrasse,155
Lindwurmstrasse,156
Lindwurmstrasse,157
Lindwurmstrasse,158
Lindwurmstrasse,159
Lindwurmstrasse,160
Lindwurmstrasse,161
Lindwurmstrasse,162
Lindwurmstrasse,163
Lindwurmstrasse,164
Lindwurmstrasse,165
Lindwurmstrasse,166
Lindwurmstrasse,167
Lindwurmstrasse,168
Lindwurmstrasse,169
Lindwurmstrasse,170
Lindwurmstrasse,171
Lindwurmstrasse,172
Lindwurmstrasse,173
Lindwurmstrasse,174
Lindwurmstrasse,175
Lindwurmstrasse,176
Lindwurmstrasse,177
Lindwurmstrasse,178
Lindwurmstrasse,179
Lindwurmstrasse,180
Lindwurmstrasse,181
Lindwurmstrasse,182
Lindwurmstrasse,183
Lindwurmstrasse,184
Lindwurmstrasse,185
Lindwurmstrasse,186
Lindwurmstrasse,187
Lindwurmstrasse,188
Lindwurmstrasse,189
Lindwurmstrasse,190
Lindwurmstrasse,191
Lindwurmstrasse,192
Lindwurmstrasse,193
Lindwurmstrasse,194
Lindwurmstrasse,195
Lindwurmstrasse,196
Lindwurmstrasse,197
Lindwurmstrasse,198
Lindwurmstrasse,199
Lindwurmstrasse,200
Lindwurmstrasse,201
Lindwurmstrasse,202
Lindwurmstrasse,203
Lindwurmstrasse,204
Lindwurmstrasse,205
Lindwurmstrasse,206
Lindwurmstrasse,207
Lindwurmstrasse,208
Lindwurmstrasse,209
Lindwurmstrasse,210
Lindwurmstrasse,211
Lindwurmstrasse,212
Lindwurmstrasse,213
Lindwurmstrasse,214
Lindwurmstrasse,215
Lindwurmstrasse,216
Lindwurmstrasse,217
Lindwurmstrasse,218
Lindwurmstrasse,219
Lindwurmstrasse,220
Lindwurmstrasse,221
Lindwurmstrasse,222
Lindwurmstrasse,223
Linprunstrasse,1
Linprunstrasse,2
Linprunstrasse,3
Linprunstrasse,4
Linprunstrasse,5
Linprunstrasse,6
Linprunstrasse,7
Linprunstrasse,8
Linprunstrasse,9
Linprunstrasse,10
Linprunstrasse,11
Linprunstrasse,12
Linprunstrasse,13
Linprunstrasse,14
Linprunstrasse,15
Linprunstrasse,16
Linprunstrasse,17
Linprunstrasse,18
Linprunstrasse,19
Linprunstrasse,20
Linprunstrasse,21
Linprunstrasse,22
Linprunstrasse,23
Linprunstrasse,24
Linprunstrasse,25
Linprunstrasse,26
Linprunstrasse,27
Linprunstrasse,28
Linprunstrasse,29
Linprunstrasse,30
Linprunstrasse,31
Linprunstrasse,32
Linprunstrasse,33
Linprunstrasse,34
Linprunstrasse,35
Linprunstrasse,36
Linprunstrasse,37
Linprunstrasse,38
Linprunstrasse,39
Linprunstrasse,40
Linprunstrasse,41
Linprunstrasse,42
Linprunstrasse,43
Linprunstrasse,44
Linprunstrasse,45
Linprunstrasse,46
Linprunstrasse,47
Linprunstrasse,48
Linprunstrasse,49
Linprunstrasse,50
Linprunstrasse,51
Linprunstrasse,52
Linprunstrasse,53
Linprunstrasse,54
Linprunstrasse,55
Linprunstrasse,56
Linprunstrasse,57
Linprunstrasse,58
Linprunstrasse,59
Linprunstrasse,60
Linprunstrasse,61
Linprunstrasse,62
Linprunstrasse,63
Linprunstrasse,64
Linprunstrasse,65
Linprunstrasse,66
Linprunstrasse,67
Linprunstrasse,68
Linprunstrasse,69
Linprunstrasse,70
Linprunstrasse,71
Linprunstrasse,72
Linprunstrasse,73
Linprunstrasse,74
Linprunstrasse,75
Linprunstrasse,76
Linprunstrasse,77
Linprunstrasse,78
Linprunstrasse,79
Linprunstrasse,80
Linprunstrasse,81
Linprunstrasse,82
Linprunstrasse,83
Linprunstrasse,84
Linprunstrasse,85
Linprunstrasse,86
Linprunstrasse,87
Linprunstrasse,88
Linprunstrasse,89
Linprunstrasse,90
Linprunstrasse,91
Linprunstrasse,92
Linprunstrasse,93
Linprunstrasse,94
Linprunstrasse,95
Linprunstrasse,96
Linprunstrasse,97
Linprunstrasse,98
Linprunstrasse,99
Linprunstrasse,100
Linprunstrasse,101
Loewengrube,1
Loewengrube,2
Loewengrube,3
Loewengrube,4
Loewengrube,5
Loewengrube,6
Loewengrube,7
Loewengrube,8
Loewengrube,9
Loewengrube,10
Loewengrube,11
Loewengrube,12
Loewengrube,13
Loewengrube,14
Loewengrube,15
Loewengrube,16
Loewengrube,17
Loewengrube,18
Loewengrube,19
Loewengrube,20
Loewengrube,21
Loewengrube,22
Loewengrube,23
Loewengrube,24
Loewengrube,25
Loewengrube,26
Loewengrube,27
Loewengrube,28
Loewengrube,29
Loewengrube,30
Loewengrube,31
Loewengrube,32
Loewengrube,33
Loewengrube,34
Loewengrube,35
Loewengrube,36
Loewengrube,37
Loewengrube,38
Loewengrube,39
Loewengrube,40
Loewengrube,41
Loewengrube,42
Loewengrube,43
Loewengrube,44
Loewengrube,45
Loewengrube,46
Loewengrube,47
Loewengrube,48
Loewengrube,49
Loewengrube,50
Loewengrube,51
Loewengrube,52
Loewengrube,53
Loewengrube,54
Loewengrube,55
Loewengrube,56
Loewengrube,57
Loewengrube,58
Loewengrube,59
Lohstrasse,1
Lohstrasse,2
Lohstrasse,3
Lohstrasse,4
Lohstrasse,5
Lohstrasse,6
Lohstrasse,7
Lohstrasse,8
Lohstrasse,9
Lohstrasse,10
Lohstrasse,11
Lohstrasse,12
Lohstrasse,13
Lohstrasse,14
Lohstrasse,15
Lohstrasse,16
Lohstrasse,17
Lohstrasse,18
Lohstrasse,19
Lohstrasse,20
Lohstrasse,21
Lohstrasse,22
Lohstrasse,23
Lohstrasse,24
Lohstrasse,25
Lohstrasse,26
Lohstrasse,27
Lohstrasse,28
Lohstrasse,29
Lohstrasse,30
Lohstrasse,31
Lohstrasse,32
Lohstrasse,33
Lohstrasse,34
Lohstrasse,35
Lohstrasse,36
Lohstrasse,37
Lohstrasse,38
Lohstrasse,39
Lohstrasse,40
Lohstrasse,41
Lohstrasse,42
Lohstrasse,43
Lohstrasse,44
Lohstrasse,45
Lohstrasse,46
Lohstrasse,47
Lohstrasse,48
Lohstrasse,49
Lohstrasse,50
Lohstrasse,51
Lohstrasse,52
Lohstrasse,53
Lohstrasse,54
Lohstrasse,55
Lohstrasse,56
Lohstrasse,57
Lohstrasse,58
Lohstrasse,59
Lohstrasse,60
Lohstrasse,61
Lohstrasse,62
Lohstrasse,63
Lohstrasse,64
Lohstrasse,65
Lohstrasse,66
Lohstrasse,67
Lohstrasse,68
Lohstrasse,69
Lohstrasse,70
Lohstrasse,71
Lohstrasse,72
Lohstrasse,73
Lohstrasse,74
Loristrasse,1
Loristrasse,2
Loristrasse,3
Loristrasse,4
Loristrasse,5
Loristrasse,6
Loristrasse,7
Loristrasse,8
Loristrasse,9
Loristrasse,10
Loristrasse,11
Loristrasse,12
Loristrasse,13
Lothringer Strasse,1
Lothringer Strasse,2
Lothringer Strasse,3
Lothringer Strasse,4
Lothringer Strasse,5
Lothringer Strasse,6
Lothringer Strasse,7
Lothringer Strasse,8
Lothringer Strasse,9
Lothringer Strasse,10
Lothringer Strasse,11
Lothringer Strasse,12
Lothringer Strasse,13
Lothringer Strasse,14
Lothringer Strasse,15
Lothringer Strasse,16
Lothringer Strasse,17
Lothringer Strasse,18
Lothringer Strasse,19
Lothringer Strasse,20
Lothringer Strasse,21
Lothringer Strasse,22
Lothringer Strasse,23
Lothringer Strasse,24
Lothstrasse,1
Lothstrasse,2
Lothstrasse,3
Lothstrasse,4
Lothstrasse,5
Lothstrasse,6
Lothstrasse,7
Lothstrasse,8
Lothstrasse,9
Lothstrasse,10
Lothstrasse,11
Lothstrasse,12
Lothstrasse,13
Lothstrasse,14
Lothstrasse,15
Lothstrasse,16
Lothstrasse,17
Lothstrasse,18
Lothstrasse,19
Lothstrasse,20
Lothstrasse,21
Lothstrasse,22
Lothstrasse,23
Lothstrasse,24
Lothstrasse,25
Lothstrasse,26
Lothstrasse,27
Lothstrasse,28
Lothstrasse,29
Lothstrasse,30
Lothstrasse,31
Lothstrasse,32
Lothstrasse,33
Lothstrasse,34
Lothstrasse,35
Lothstrasse,36
Lothstrasse,37
Lothstrasse,38
Lothstrasse,39
Lothstrasse,40
Lothstrasse,41
Lothstrasse,42
Lothstrasse,43
Lothstrasse,44
Lothstrasse,45
Lothstrasse,46
Lothstrasse,47
Lothstrasse,48
Lothstrasse,49
Lothstrasse,50
Lothstrasse,51
Lothstrasse,52
Lothstrasse,53
Lothstrasse,54
Lothstrasse,55
Lothstrasse,56
Lothstrasse,57
Lothstrasse,58
Lothstrasse,59
Lothstrasse,60
Lothstrasse,61
Lothstrasse,62
Lothstrasse,63
Lothstrasse,64
Lothstrasse,65
Lothstrasse,66
Ludwigstrasse,1
Ludwigstrasse,2
Ludwigstrasse,3
Ludwigstrasse,4
Ludwigstrasse,5
Ludwigstrasse,6
Ludwigstrasse,7
Ludwigstrasse,8
Ludwigstrasse,9
Ludwigstrasse,10
Ludwigstrasse,11
Ludwigstrasse,12
Ludwigstrasse,13
Ludwigstrasse,14
Ludwigstrasse,15
Ludwigstrasse,16
Ludwigstrasse,17
Ludwigstrasse,18
Ludwigstrasse,19
Ludwigstrasse,20
Ludwigstrasse,21
Ludwigstrasse,22
Ludwigstrasse,23
Ludwigstrasse,24
Ludwigstrasse,25
Ludwigstrasse,26
Ludwigstrasse,27
Ludwigstrasse,28
Ludwigstrasse,29
Ludwigstrasse,30
Ludwigstrasse,31
Lueg ins Land,1
Lueg ins Land,2
Lueg ins Land,3
Lueg ins Land,4
Lueg ins Land,5
Lueg ins Land,6
Luisenstrasse,1
Luisenstrasse,2
Luisenstrasse,3
Luisenstrasse,4
Luisenstrasse,5
Luisenstrasse,6
Luisenstrasse,7
Luisenstrasse,8
Luisenstrasse,9
Luisenstrasse,10
Luisenstrasse,11
Luisenstrasse,12
Luisenstrasse,13
Luisenstrasse,14
Luisenstrasse,15
Luisenstrasse,16
Luisenstrasse,17
Luisenstrasse,18
Luisenstrasse,19
Luisenstrasse,20
Luisenstrasse,21
Luisenstrasse,22
Luisenstrasse,23
Luisenstrasse,24
Luisenstrasse,25
Luisenstrasse,26
Luisenstrasse,27
Luisenstrasse,28
Luisenstrasse,29
Luisenstrasse,30
Luisenstrasse,31
Luisenstrasse,32
Luisenstrasse,33
Luisenstrasse,34
Luisenstrasse,35
Luisenstrasse,36
Luisenstrasse,37
Luisenstrasse,38
Luisenstrasse,39
Luisenstrasse,40
Luisenstrasse,41
Luisenstrasse,42
Luisenstrasse,43
Luisenstrasse,44
Luisenstrasse,45
Luisenstrasse,46
Luisenstrasse,47
Luisenstrasse,48
Luisenstrasse,49
Luisenstrasse,50
Luisenstrasse,51
Luisenstrasse,52
Luisenstrasse,53
Luisenstrasse,54
Luisenstrasse,55
Luisenstrasse,56
Luisenstrasse,57
Luisenstrasse,58
Luisenstrasse,59
Luisenstrasse,60
Luisenstrasse,61
Luisenstrasse,62
Luisenstrasse,63
Luisenstrasse,64
Luisenstrasse,65
Luisenstrasse,66
Luisenstrasse,67
Luisenstrasse,68
Luisenstrasse,69
Luisenstrasse,70
Luisenstrasse,71
Luisenstrasse,72
Luisenstrasse,73
Luisenstrasse,74
Luisenstrasse,75
Luisenstrasse,76
Luisenstrasse,77
Luisenstrasse,78
Luisenstrasse,79
Luisenstrasse,80
Luisenstrasse,81
Luisenstrasse,82
Luisenstrasse,83
Luisenstrasse,84
Luisenstrasse,85
Luisenstrasse,86
Luisenstrasse,87
Luisenstrasse,88
Luisenstrasse,89
Luisenstrasse,90
Luisenstrasse,91
Luitpoldplatz,1
Luitpoldstrasse,1
Luitpoldstrasse,2
Luitpoldstrasse,3
Luitpoldstrasse,4
Luitpoldstrasse,5
Luitpoldstrasse,6
Luitpoldstrasse,7
Luitpoldstrasse,8
Luitpoldstrasse,9
Luitpoldstrasse,10
Luitpoldstrasse,11
Luitpoldstrasse,12
Luitpoldstrasse,13
Luitpoldstrasse,14
Luitpoldstrasse,15
Maderbraeustrasse,1
Maderbraeustrasse,2
Maderbraeustrasse,3
Maderbraeustrasse,4
Maderbraeustrasse,5
Maderstrasse,1
Maderstrasse,2
Maderstrasse,3
Maffeistrasse,1
Maffeistrasse,2
Maffeistrasse,3
Maffeistrasse,4
Maffeistrasse,5
Maffeistrasse,6
Maffeistrasse,7
Maffeistrasse,8
Maffeistrasse,9
Maffeistrasse,10
Maffeistrasse,11
Maffeistrasse,12
Maffeistrasse,13
Maffeistrasse,14
Maffeistrasse,15
Maffeistrasse,16
Maffeistrasse,17
Maffeistrasse,18
Magazinstrasse,1
Magazinstrasse,2
Magazinstrasse,3
Magazinstrasse,4
Magazinstrasse,5
Magazinstrasse,6
Magazinstrasse,7
Magazinstrasse,8
Magazinstrasse,9
Magazinstrasse,10
Magazinstrasse,11
Magazinstrasse,12
Magazinstrasse,13
Magazinstrasse,14
Magazinstrasse,15
Magazinstrasse,16
Mai-r.,1
Mai-r.,2
Mai-r.,3
Mai-r.,4
Mai-r.,5
Mai-r.,6
Mai-r.,7
Mai-r.,8
Mai-r.,9
Maillingerstrasse,1
Maillingerstrasse,2
Maillingerstrasse,3
Maillingerstrasse,4
Maillingerstrasse,5
Maillingerstrasse,6
Maillingerstrasse,7
Maillingerstrasse,8
Maillingerstrasse,9
Maillingerstrasse,10
Maillingerstrasse,11
Maillingerstrasse,12
Maillingerstrasse,13
Maillingerstrasse,14
Maillingerstrasse,15
Maillingerstrasse,16
Maillingerstrasse,17
Maillingerstrasse,18
Maillingerstrasse,19
Maillingerstrasse,20
Maillingerstrasse,21
Maillingerstrasse,22
Maillingerstrasse,23
Maillingerstrasse,24
Maillingerstrasse,25
Maillingerstrasse,26
Maillingerstrasse,27
Maillingerstrasse,28
Maillingerstrasse,29
Maillingerstrasse,30
Maillingerstrasse,31
Maillingerstrasse,32
Maillingerstrasse,33
Maillingerstrasse,34
Maillingerstrasse,35
Maillingerstrasse,36
Maillingerstrasse,37
Maillingerstrasse,38
Maillingerstrasse,39
Maillingerstrasse,40
Maillingerstrasse,41
Maillingerstrasse,42
Maillingerstrasse,43
Maillingerstrasse,44
Maillingerstrasse,45
Maillingerstrasse,46
Maillingerstrasse,47
Maillingerstrasse,48
Maillingerstrasse,49
Maillingerstrasse,50
Maillingerstrasse,51
Maillingerstrasse,52
Maillingerstrasse,53
Mais.,1
Mais.,2
Mais.,3
Mais.,4
Mais.,5
Mais.,6
Mais.,7
Mais.,8
Mais.,9
Mais.,10
Mais.,11
Mais.,12
Mais.,13
Mais.,14
Mais.,15
Mais.,16
Mais.,17
Mais.,18
Mais.,19
Mais.,20
Mais.,21
Mais.,22
Mais.,23
Mais.,24
Mais.,25
Mais.,26
Mais.,27
Mais.,28
Mais.,29
Mais.,30
Mais.,31
Mais.,32
Mais.,33
Mais.,34
Mais.,35
Mais.,36
Mais.,37
Mais.,38
Mais.,39
Mais.,40
Mais.,41
Maistrasse,1
Maistrasse,2
Maistrasse,3
Maistrasse,4
Maistrasse,5
Maistrasse,6
Maistrasse,7
Maistrasse,8
Maistrasse,9
Maistrasse,10
Maistrasse,11
Maistrasse,12
Maistrasse,13
Maistrasse,14
Maistrasse,15
Maistrasse,16
Maistrasse,17
Maistrasse,18
Maistrasse,19
Maistrasse,20
Maistrasse,21
Maistrasse,22
Maistrasse,23
Maistrasse,24
Maistrasse,25
Maistrasse,26
Maistrasse,27
Maistrasse,28
Maistrasse,29
Maistrasse,30
Maistrasse,31
Maistrasse,32
Maistrasse,33
Maistrasse,34
Maistrasse,35
Maistrasse,36
Maistrasse,37
Maistrasse,38
Maistrasse,39
Maistrasse,40
Maistrasse,41
Maistrasse,42
Maistrasse,43
Maistrasse,44
Maistrasse,45
Maistrasse,46
Maistrasse,47
Maistrasse,48
Maistrasse,49
Maistrasse,50
Maistrasse,51
Maistrasse,52
Maistrasse,53
Maistrasse,54
Maistrasse,55
Maistrasse,56
Maistrasse,57
Maistrasse,58
Maistrasse,59
Maistrasse,60
Maistrasse,61
Maistrasse,62
Maistrasse,63
Maistrasse,64
Maistrasse,65
Maistrasse,66
Maistrasse,67
Maistrasse,68
Maistrasse,69
Maistrasse,70
Maistrasse,71
Maistrasse,72
Maistrasse,73
Mandlstrasse,1
Mandlstrasse,2
Mandlstrasse,3
Mandlstrasse,4
Mandlstrasse,5
Mandlstrasse,6
Mandlstrasse,7
Mandlstrasse,8
Mandlstrasse,9
Mandlstrasse,10
Mandlstrasse,11
Mandlstrasse,12
Marburger Strasse,1
Marburger Strasse,2
Marburger Strasse,3
Maria-Josepha-Strasse,1
Maria-Josepha-Strasse,2
Maria-Josepha-Strasse,3
Maria-Josepha-Strasse,4
Maria-Josepha-Strasse,5
Maria-Josepha-Strasse,6
Maria-Josepha-Strasse,7
Maria-Theresia-Strasse,1
Maria-Theresia-Strasse,2
Maria-Theresia-Strasse,3
Maria-Theresia-Strasse,4
Maria-Theresia-Strasse,5
Maria-Theresia-Strasse,6
Maria-Theresia-Strasse,7
Maria-Theresia-Strasse,8
Maria-Theresia-Strasse,9
Maria-Theresia-Strasse,10
Maria-Theresia-Strasse,11
Maria-Theresia-Strasse,12
Maria-Theresia-Strasse,13
Maria-Theresia-Strasse,14
Maria-Theresia-Strasse,15
Maria-Theresia-Strasse,16
Maria-Theresia-Strasse,17
Maria-Theresia-Strasse,18
Maria-Theresia-Strasse,19
Maria-Theresia-Strasse,20
Maria-Theresia-Strasse,21
Maria-Theresia-Strasse,22
Maria-Theresia-Strasse,23
Maria-Theresia-Strasse,24
Maria-Theresia-Strasse,25
Maria-Theresia-Strasse,26
Maria-Theresia-Strasse,27
Maria-Theresia-Strasse,28
Maria-Theresia-Strasse,29
Maria-Theresia-Strasse,30
Maria-Theresia-Strasse,31
Maria-Theresia-Strasse,32
Maria-Theresia-Strasse,33
Mariahilfplatz,1
Mariahilfplatz,2
Mariahilfplatz,3
Mariahilfplatz,4
Mariahilfplatz,5
Mariahilfplatz,6
Mariahilfplatz,7
Mariahilfplatz,8
Mariahilfplatz,9
Mariahilfplatz,10
Mariahilfplatz,11
Mariahilfplatz,12
Mariahilfplatz,13
Mariahilfplatz,14
Mariahilfplatz,15
Mariahilfplatz,16
Mariahilfplatz,17
Mariahilfplatz,18
Mariahilfplatz,19
Mariahilfplatz,20
Mariahilfplatz,21
Mariahilfplatz,22
Mariahilfplatz,23
Mariahilfplatz,24
Mariahilfplatz,25
Mariahilfplatz,26
Mariahilfplatz,27
Mariahilfplatz,28
Mariahilfplatz,29
Mariahilfplatz,30
Mariahilfplatz,31
Mariahilfplatz,32
Mariahilfplatz,33
Mariahilfplatz,34
Mariahilfplatz,35
Mariahilfplatz,36
Mariahilfplatz,37
Mariahilfplatz,38
Mariahilfplatz,39
Mariahilfplatz,40
Mariahilfplatz,41
Mariahilfplatz,42
Mariahilfstrasse,1
Mariahilfstrasse,2
Mariahilfstrasse,3
Mariahilfstrasse,4
Mariahilfstrasse,5
Mariahilfstrasse,6
Mariahilfstrasse,7
Mariahilfstrasse,8
Mariahilfstrasse,9
Mariahilfstrasse,10
Mariahilfstrasse,11
Mariahilfstrasse,12
Mariahilfstrasse,13
Mariahilfstrasse,14
Mariahilfstrasse,15
Mariahilfstrasse,16
Mariahilfstrasse,17
Mariahilfstrasse,18
Mariahilfstrasse,19
Mariahilfstrasse,20
Mariahilfstrasse,21
Mariahilfstrasse,22
Mariahilfstrasse,23
Mariahilfstrasse,24
Mariahilfstrasse,25
Mariannenplatz,1
Mariannenplatz,2
Mariannenplatz,3
Mariannenplatz,4
Mariannenstrasse,1
Mariannenstrasse,2
Mariannenstrasse,3
Mariannenstrasse,4
Mariannenstrasse,5
Mariannenstrasse,6
Mariannenstrasse,7
Mariannenstrasse,8
Mariannenstrasse,9
Marienplatz,1
Marienplatz,2
Marienplatz,3
Marienplatz,4
Marienplatz,5
Marienplatz,6
Marienplatz,7
Marienplatz,8
Marienplatz,9
Marienplatz,10
Marienplatz,11
Marienplatz,12
Marienplatz,13
Marienplatz,14
Marienplatz,15
Marienplatz,16
Marienplatz,17
Marienplatz,18
Marienplatz,19
Marienplatz,20
Marienplatz,21
Marienplatz,22
Marienplatz,23
Marienplatz,24
Marienplatz,25
Marienplatz,26
Marienplatz,27
Marienplatz,28
Marienplatz,29
Marienplatz,30
Marienplatz,31
Marienplatz,32
Marienplatz,33
Marienplatz,34
Marienplatz,35
Marienplatz,36
Marienplatz,37
Marienplatz,38
Marienplatz,39
Marienstrasse,1
Marienstrasse,2
Marienstrasse,3
Marienstrasse,4
Marienstrasse,5
Marienstrasse,6
Marienstrasse,7
Marienstrasse,8
Marienstrasse,9
Marienstrasse,10
Marienstrasse,11
Marienstrasse,12
Marienstrasse,13
Marienstrasse,14
Marienstrasse,15
Marienstrasse,16
Marienstrasse,17
Marienstrasse,18
Marienstrasse,19
Marienstrasse,20
Marienstrasse,21
Marienstrasse,22
Marienstrasse,23
Marienstrasse,24
Marienstrasse,25
Marktstrasse,1
Marktstrasse,2
Marktstrasse,3
Marktstrasse,4
Marktstrasse,5
Marktstrasse,6
Marktstrasse,7
Marktstrasse,8
Marktstrasse,9
Marktstrasse,10
Marktstrasse,11
Marktstrasse,12
Marktstrasse,13
Marktstrasse,14
Marschallstrasse,1
Marschallstrasse,2
Marschallstrasse,3
Marschallstrasse,4
Marschallstrasse,5
Marschallstrasse,6
Marschallstrasse,7
Marschallstrasse,8
Marschallstrasse,9
Marschallstrasse,10
Marschallstrasse,11
Marschallstrasse,12
Marschallstrasse,13
Marschallstrasse,14
Marschallstrasse,15
Marschallstrasse,16
Marschallstrasse,17
Marschallstrasse,18
Marschallstrasse,19
Marschallstrasse,20
Marschallstrasse,21
Marschallstrasse,22
Marschallstrasse,23
Marschallstrasse,24
Marsfeldstrasse,1
Marsfeldstrasse,2
Marsfeldstrasse,3
Marsfeldstrasse,4
Marsfeldstrasse,5
Marsfeldstrasse,6
Marsfeldstrasse,7
Marsfeldstrasse,8
Marsfeldstrasse,9
Marsfeldstrasse,10
Marsfeldstrasse,11
Marsfeldstrasse,12
Marsfeldstrasse,13
Marsfeldstrasse,14
Marsfeldstrasse,15
Marsfeldstrasse,16
Marsfeldstrasse,17
Marsfeldstrasse,18
Marsfeldstrasse,19
Marsfeldstrasse,20
Marsfeldstrasse,21
Marsfeldstrasse,22
Marsfeldstrasse,23
Marsfeldstrasse,24
Marsfeldstrasse,25
Marsfeldstrasse,26
Marsfeldstrasse,27
Marsfeldstrasse,28
Marsfeldstrasse,29
Marsfeldstrasse,30
Marsfeldstrasse,31
Marsfeldstrasse,32
Marsfeldstrasse,33
Marsfeldstrasse,34
Marsfeldstrasse,35
Marsfeldstrasse,36
Marsfeldstrasse,37
Marsfeldstrasse,38
Marsfeldstrasse,39
Marsfeldstrasse,40
Marsfeldstrasse,41
Marsfeldstrasse,42
Marsfeldstrasse,43
Marsfeldstrasse,44
Marsfeldstrasse,45
Marsfeldstrasse,46
Marsfeldstrasse,47
Marsfeldstrasse,48
Marsfeldstrasse,49
Marsfeldstrasse,50
Marsfeldstrasse,51
Marsfeldstrasse,52
Marsfeldstrasse,53
Marsfeldstrasse,54
Marsfeldstrasse,55
Marsfeldstrasse,56
Marsfeldstrasse,57
Marsfeldstrasse,58
Marsfeldstrasse,59
Marsfeldstrasse,60
Marsfeldstrasse,61
Marsfeldstrasse,62
Marsfeldstrasse,63
Marsfeldstrasse,64
Marsfeldstrasse,65
Marsfeldstrasse,66
Marsfeldstrasse,67
Marsfeldstrasse,68
Marsfeldstrasse,69
Marsfeldstrasse,70
Marsfeldstrasse,71
Marsfeldstrasse,72
Marsfeldstrasse,73
Marsfeldstrasse,74
Marsfeldstrasse,75
Marsfeldstrasse,76
Marsfeldstrasse,77
Marsfeldstrasse,78
Marsfeldstrasse,79
Marsfeldstrasse,80
Marsfeldstrasse,81
Marsfeldstrasse,82
Marsfeldstrasse,83
Marsfeldstrasse,84
Marsfeldstrasse,85
Marsfeldstrasse,86
Marsfeldstrasse,87
Marsfeldstrasse,88
Marsfeldstrasse,89
Marsfeldstrasse,90
Marsfeldstrasse,91
Marsfeldstrasse,92
Marsfeldstrasse,93
Marsfeldstrasse,94
Marsfeldstrasse,95
Marsfeldstrasse,96
Marsfeldstrasse,97
Marsfeldstrasse,98
Marsfeldstrasse,99
Marsfeldstrasse,100
Marsfeldstrasse,101
Marsfeldstrasse,102
Marsfeldstrasse,103
Marsfeldstrasse,104
Marsfeldstrasse,105
Marsfeldstrasse,106
Marsfeldstrasse,107
Marsfeldstrasse,108
Marsfeldstrasse,109
Marsfeldstrasse,110
Marsfeldstrasse,111
Marsfeldstrasse,112
Marsfeldstrasse,113
Marsfeldstrasse,114
Marsfeldstrasse,115
Marsfeldstrasse,116
Marsfeldstrasse,117
Marsfeldstrasse,118
Marsfeldstrasse,119
Marsfeldstrasse,120
Marsfeldstrasse,121
Marsfeldstrasse,122
Marsfeldstrasse,123
Marsfeldstrasse,124
Marsfeldstrasse,125
Marsfeldstrasse,126
Marsfeldstrasse,127
Marsfeldstrasse,128
Marsfeldstrasse,129
Marsfeldstrasse,130
Marsfeldstrasse,131
Marsfeldstrasse,132
Marsfeldstrasse,133
Marsfeldstrasse,134
Marsfeldstrasse,135
Marsfeldstrasse,136
Marsfeldstrasse,137
Marsfeldstrasse,138
Marsfeldstrasse,139
Marsfeldstrasse,140
Marsfeldstrasse,141
Marsfeldstrasse,142
Marsfeldstrasse,143
Marsfeldstrasse,144
Marsfeldstrasse,145
Marsfeldstrasse,146
Marsfeldstrasse,147
Marsfeldstrasse,148
Marsfeldstrasse,149
Marsfeldstrasse,150
Marsfeldstrasse,151
Marsfeldstrasse,152
Marsfeldstrasse,153
Marsfeldstrasse,154
Marsfeldstrasse,155
Marsfeldstrasse,156
Marsfeldstrasse,157
Marsfeldstrasse,158
Marsfeldstrasse,159
Marsfeldstrasse,160
Marsfeldstrasse,161
Marsfeldstrasse,162
Marsfeldstrasse,163
Marsplatz,1
Marsplatz,2
Marsplatz,3
Marsplatz,4
Marsplatz,5
Marsplatz,6
Marsplatz,7
Marsplatz,8
Marsplatz,9
Marsplatz,10
Marsstrasse,1
Marsstrasse,2
Marsstrasse,3
Marsstrasse,4
Marsstrasse,5
Marsstrasse,6
Marsstrasse,7
Marsstrasse,8
Marsstrasse,9
Marsstrasse,10
Marsstrasse,11
Marsstrasse,12
Marsstrasse,13
Marsstrasse,14
Marsstrasse,15
Marsstrasse,16
Marsstrasse,17
Marsstrasse,18
Marsstrasse,19
Marsstrasse,20
Marsstrasse,21
Marsstrasse,22
Marsstrasse,23
Marsstrasse,24
Marsstrasse,25
Marsstrasse,26
Marsstrasse,27
Marsstrasse,28
Marsstrasse,29
Marsstrasse,30
Marsstrasse,31
Marsstrasse,32
Marsstrasse,33
Marsstrasse,34
Marsstrasse,35
Marsstrasse,36
Marsstrasse,37
Marsstrasse,38
Marsstrasse,39
Marsstrasse,40
Marstallplatz,1
Marstallplatz,2
Marstallplatz,3
Marstallplatz,4
Marstallplatz,5
Marstallplatz,6
Marstallstrasse,1
Marstallstrasse,2
Marstallstrasse,3
Marstallstrasse,4
Marstallstrasse,5
Marstallstrasse,6
Marstallstrasse,7
Marstallstrasse,8
Marstallstrasse,9
Marstallstrasse,10
Marstallstrasse,11
Marstallstrasse,12
Marstallstrasse,13
Marstallstrasse,14
Marstallstrasse,15
Massestrasse,1
Massestrasse,2
Massestrasse,3
Massestrasse,4
Massestrasse,5
Massestrasse,6
Massestrasse,7
Massestrasse,8
Massestrasse,9
Massestrasse,10
Massestrasse,11
Massestrasse,12
Massestrasse,13
Massestrasse,14
Massestrasse,15
Massestrasse,16
Massestrasse,17
Massestrasse,18
Massestrasse,19
Massestrasse,20
Massestrasse,21
Massestrasse,22
Massestrasse,23
Massestrasse,24
Massestrasse,25
Massmannplatz,1
Massmannplatz,2
Massmannplatz,3
Massmannplatz,4
Massmannplatz,5
Massmannplatz,6
Massmannplatz,7
Massmannplatz,8
Massmannplatz,9
Massmannplatz,10
Massmannstrasse,1
Massmannstrasse,2
Massmannstrasse,3
Massmannstrasse,4
Massmannstrasse,5
Massmannstrasse,6
Massmannstrasse,7
Massmannstrasse,8
Massmannstrasse,9
Massmannstrasse,10
Massmannstrasse,11
Massmannstrasse,12
Massmannstrasse,13
Massmannstrasse,14
Massmannstrasse,15
Massmannstrasse,16
Massmannstrasse,17
Massmannstrasse,18
Massmannstrasse,19
Massmannstrasse,20
Massmannstrasse,21
Massmannstrasse,22
Massmannstrasse,23
Massmannstrasse,24
Massmannstrasse,25
Massmannstrasse,26
Massmannstrasse,27
Massmannstrasse,28
Massmannstrasse,29
Massmannstrasse,30
Mathildenstrasse,1
Mathildenstrasse,2
Mathildenstrasse,3
Mathildenstrasse,4
Mathildenstrasse,5
Mathildenstrasse,6
Mathildenstrasse,7
Mathildenstrasse,8
Mathildenstrasse,9
Mathildenstrasse,10
Max-II-Kaserne,1
Max-II-Kaserne,2
Max-II-Kaserne,3
Max-II-Kaserne,4
Max-II-Kaserne,5
Max-II-Kaserne,6
Max-Joseph-Platz,1
Max-Joseph-Platz,2
Max-Joseph-Platz,3
Max-Joseph-Strasse,1
Max-Joseph-Strasse,2
Max-Joseph-Strasse,3
Max-Joseph-Strasse,4
Max-Joseph-Strasse,5
Max-Joseph-Strasse,6
Max-Joseph-Strasse,7
Max-Joseph-Strasse,8
Maxburgstrasse,1
Maxburgstrasse,2
Maxburgstrasse,3
Maximilianshuette Karlsstrasse,1
Maximilianshuette Karlsstrasse,2
Maximilianshuette Karlsstrasse,3
Maximilianshuette Karlsstrasse,4
Maximilianshuette Karlsstrasse,5
Maximilianshuette Karlsstrasse,6
Maximilianshuette Karlsstrasse,7
Maximilianshuette Karlsstrasse,8
Maximilianshuette Karlsstrasse,9
Maximilianshuette Karlsstrasse,10
Maximilianshuette Karlsstrasse,11
Maximilianshuette Karlsstrasse,12
Maximilianshuette Karlsstrasse,13
Maximilianshuette Karlsstrasse,14
Maximilianshuette Karlsstrasse,15
Maximilianshuette Karlsstrasse,16
Maximilianshuette Karlsstrasse,17
Maximilianshuette Karlsstrasse,18
Maximilianshuette Karlsstrasse,19
Maximilianshuette Karlsstrasse,20
Maximilianshuette Karlsstrasse,21
Maximilianshuette Karlsstrasse,22
Maximilianshuette Karlsstrasse,23
Maximilianshuette Karlsstrasse,24
Maximilianshuette Karlsstrasse,25
Maximilianshuette Karlsstrasse,26
Maximilianshuette Karlsstrasse,27
Maximilianshuette Karlsstrasse,28
Maximilianshuette Karlsstrasse,29
Maximilianshuette Karlsstrasse,30
Maximilianshuette Karlsstrasse,31
Maximilianshuette Karlsstrasse,32
Maximilianshuette Karlsstrasse,33
Maximilianshuette Karlsstrasse,34
Maximilianshuette Karlsstrasse,35
Maximilianshuette Karlsstrasse,36
Maximilianshuette Karlsstrasse,37
Maximilianshuette Karlsstrasse,38
Maximilianshuette Karlsstrasse,39
Maximilianshuette Karlsstrasse,40
Maximilianshuette Karlsstrasse,41
Maximilianshuette Karlsstrasse,42
Maximilianshuette Karlsstrasse,43
Maximilianshuette Karlsstrasse,44
Maximilianshuette Karlsstrasse,45
Maximilianshuette Karlsstrasse,46
Maximilianshuette Karlsstrasse,47
Maximilianshuette Karlsstrasse,48
Maximilianshuette Karlsstrasse,49
Maximilianshuette Karlsstrasse,50
Maximiliansplatz,1
Maximiliansplatz,2
Maximiliansplatz,3
Maximiliansplatz,4
Maximiliansplatz,5
Maximiliansplatz,6
Maximiliansplatz,7
Maximiliansplatz,8
Maximiliansplatz,9
Maximiliansplatz,10
Maximiliansplatz,11
Maximiliansplatz,12
Maximiliansplatz,13
Maximiliansplatz,14
Maximiliansplatz,15
Maximiliansplatz,16
Maximiliansplatz,17
Maximiliansplatz,18
Maximiliansplatz,19
Maximiliansplatz,20
Maximiliansplatz,21
Maximiliansplatz,22
Maximiliansplatz,23
Maximiliansplatz,24
Maximiliansplatz,25
Maximiliansplatz,26
Maximilianstrasse,1
Maximilianstrasse,2
Maximilianstrasse,3
Maximilianstrasse,4
Maximilianstrasse,5
Maximilianstrasse,6
Maximilianstrasse,7
Maximilianstrasse,8
Maximilianstrasse,9
Maximilianstrasse,10
Maximilianstrasse,11
Maximilianstrasse,12
Maximilianstrasse,13
Maximilianstrasse,14
Maximilianstrasse,15
Maximilianstrasse,16
Maximilianstrasse,17
Maximilianstrasse,18
Maximilianstrasse,19
Maximilianstrasse,20
Maximilianstrasse,21
Maximilianstrasse,22
Maximilianstrasse,23
Maximilianstrasse,24
Maximilianstrasse,25
Maximilianstrasse,26
Maximilianstrasse,27
Maximilianstrasse,28
Maximilianstrasse,29
Maximilianstrasse,30
Maximilianstrasse,31
Maximilianstrasse,32
Maximilianstrasse,33
Maximilianstrasse,34
Maximilianstrasse,35
Maximilianstrasse,36
Maximilianstrasse,37
Maximilianstrasse,38
Maximilianstrasse,39
Maximilianstrasse,40
Maximilianstrasse,41
Maximilianstrasse,42
Maximilianstrasse,43
Maximilianstrasse,44
Maximilianstrasse,45
Mazaristrasse,1
Mazaristrasse,2
Meindlstrasse,1
Meindlstrasse,2
Meindlstrasse,3
Meindlstrasse,4
Meindlstrasse,5
Meindlstrasse,6
Meindlstrasse,7
Meindlstrasse,8
Meindlstrasse,9
Meindlstrasse,10
Meindlstrasse,11
Meindlstrasse,12
Meindlstrasse,13
Meindlstrasse,14
Meindlstrasse,15
Meindlstrasse,16
Meindlstrasse,17
Meindlstrasse,18
Meindlstrasse,19
Meindlstrasse,20
Meindlstrasse,21
Meindlstrasse,22
Meindlstrasse,23
Meindlstrasse,24
Meindlstrasse,25
Meindlstrasse,26
Meindlstrasse,27
Meindlstrasse,28
Meindlstrasse,29
Meindlstrasse,30
Meindlstrasse,31
Meindlstrasse,32
Meindlstrasse,33
Meindlstrasse,34
Meindlstrasse,35
Meindlstrasse,36
Meindlstrasse,37
Meindlstrasse,38
Meindlstrasse,39
Meindlstrasse,40
Meindlstrasse,41
Meindlstrasse,42
Meindlstrasse,43
Meindlstrasse,44
Meindlstrasse,45
Meindlstrasse,46
Meindlstrasse,47
Meindlstrasse,48
Meindlstrasse,49
Meindlstrasse,50
Meindlstrasse,51
Meindlstrasse,52
Meindlstrasse,53
Meindlstrasse,54
Meindlstrasse,55
Meindlstrasse,56
Meindlstrasse,57
Meindlstrasse,58
Menterschwaige,1
Mercystrasse,1
Mercystrasse,2
Mercystrasse,3
Mercystrasse,4
Mercystrasse,5
Metzgerstrasse,1
Metzgerstrasse,2
Metzgerstrasse,3
Metzgerstrasse,4
Metzgerstrasse,5
Metzstrasse,1
Metzstrasse,2
Metzstrasse,3
Metzstrasse,4
Metzstrasse,5
Metzstrasse,6
Metzstrasse,7
Metzstrasse,8
Metzstrasse,9
Metzstrasse,10
Metzstrasse,11
Metzstrasse,12
Metzstrasse,13
Metzstrasse,14
Metzstrasse,15
Metzstrasse,16
Metzstrasse,17
Metzstrasse,18
Metzstrasse,19
Metzstrasse,20
Metzstrasse,21
Metzstrasse,22
Metzstrasse,23
Metzstrasse,24
Metzstrasse,25
Metzstrasse,26
Metzstrasse,27
Metzstrasse,28
Metzstrasse,29
Metzstrasse,30
Metzstrasse,31
Metzstrasse,32
Mezarigasse,1
Milchstrasse,1
Milchstrasse,2
Milchstrasse,3
Milchstrasse,4
Milchstrasse,5
Milchstrasse,6
Milchstrasse,7
Milchstrasse,8
Milchstrasse,9
Milchstrasse,10
Milchstrasse,11
Milchstrasse,12
Milchstrasse,13
Milchstrasse,14
Milchstrasse,15
Milchstrasse,16
Milchstrasse,17
Milchstrasse,18
Milchstrasse,19
Milchstrasse,20
Mittererstrasse,1
Mittererstrasse,2
Mittererstrasse,3
Mittererstrasse,4
Mittererstrasse,5
Mittererstrasse,6
Mittererstrasse,7
Mittererstrasse,8
Mittererstrasse,9
Mittererstrasse,10
Mittererstrasse,11
Mittererstrasse,12
Mittererstrasse,13
Mittererstrasse,14
Mittererstrasse,15
Mittererstrasse,16
Mittererstrasse,17
Mittererstrasse,18
Mittererstrasse,19
Mittererstrasse,20
Mittererstrasse,21
Mittererstrasse,22
Mittererstrasse,23
Mittererstrasse,24
Mittererstrasse,25
Mittererstrasse,26
Mittererstrasse,27
Mittererstrasse,28
Mittererstrasse,29
Mittererstrasse,30
Mittererstrasse,31
Mittererstrasse,32
Mitterweg,1
Mitterweg,2
Mitterweg,3
Mitterweg,4
Mitterweg,5
Mitterweg,6
Mitterweg,7
Mitterweg,8
Mitterweg,9
Mitterweg,10
Mitterweg,11
Mitterweg,12
Mitterweg,13
Mitterweg,14
Mitterweg,15
Mitterweg,16
Mitterweg,17
Mitterweg,18
Mitterweg,19
Mitterweg,20
Mitterweg,21
Mitterweg,22
Mitterweg,23
Mitterweg,24
Mitterweg,25
Moehlstrasse,1
Moehlstrasse,2
Moehlstrasse,3
Moehlstrasse,4
Moehlstrasse,5
Moehlstrasse,6
Moehlstrasse,7
Moehlstrasse,8
Moehlstrasse,9
Moehlstrasse,10
Moehlstrasse,11
Moehlstrasse,12
Moehlstrasse,13
Moehlstrasse,14
Moehlstrasse,15
Moehlstrasse,16
Moehlstrasse,17
Moehlstrasse,18
Moehlstrasse,19
Moehlstrasse,20
Moehlstrasse,21
Moehlstrasse,22
Moehlstrasse,23
Moehlstrasse,24
Moehlstrasse,25
Moehlstrasse,26
Moehlstrasse,27
Moehlstrasse,28
Moehlstrasse,29
Moehlstrasse,30
Moehlstrasse,31
Moehlstrasse,32
Moehlstrasse,33
Moehlstrasse,34
Moehlstrasse,35
Moehlstrasse,36
Moehlstrasse,37
Mondstrasse,1
Mondstrasse,2
Mondstrasse,3
Mondstrasse,4
Mondstrasse,5
Mondstrasse,6
Mondstrasse,7
Mondstrasse,8
Mondstrasse,9
Mondstrasse,10
Mondstrasse,11
Mondstrasse,12
Mondstrasse,13
Mondstrasse,14
Mondstrasse,15
Mondstrasse,16
Mondstrasse,17
Mondstrasse,18
Mondstrasse,19
Mondstrasse,20
Mondstrasse,21
Mondstrasse,22
Mondstrasse,23
Mondstrasse,24
Mondstrasse,25
Mondstrasse,26
Mondstrasse,27
Mondstrasse,28
Mondstrasse,29
Mondstrasse,30
Mondstrasse,31
Mondstrasse,32
Montenstrasse,1
Montenstrasse,2
Montenstrasse,3
Morassistrasse,1
Morassistrasse,2
Morassistrasse,3
Morassistrasse,4
Morassistrasse,5
Morassistrasse,6
Morassistrasse,7
Morassistrasse,8
Morassistrasse,9
Morassistrasse,10
Morassistrasse,11
Morassistrasse,12
Morassistrasse,13
Morassistrasse,14
Morassistrasse,15
Morassistrasse,16
Morassistrasse,17
Morassistrasse,18
Morassistrasse,19
Morassistrasse,20
Morassistrasse,21
Morassistrasse,22
Morassistrasse,23
Morassistrasse,24
Morassistrasse,25
Morassistrasse,26
Mozartstrasse,1
Mozartstrasse,2
Mozartstrasse,3
Mozartstrasse,4
Mozartstrasse,5
Mozartstrasse,6
Mozartstrasse,7
Mozartstrasse,8
Mozartstrasse,9
Mozartstrasse,10
Mozartstrasse,11
Mozartstrasse,12
Mozartstrasse,13
Mozartstrasse,14
Mozartstrasse,15
Mueh###,1
Mueh###,2
Mueh###,3
Mueh###,4
Mueh###,5
Mueh###,6
Mueh###,7
Mueh###,8
Mueh###,9
Mueh###,10
Mueh###,11
Mueh###,12
Mueh###,13
Mueh###,14
Mueh###,15
Mueh###,16
Mueh###,17
Mueh###,18
Mueh###,19
Mueh###,20
Mueh###,21
Muehlbachstrasse,1
Muehlbachstrasse,2
Muehlbachstrasse,3
Muehlbachstrasse,4
Muehlbachstrasse,5
Muehlbachstrasse,6
Muehlbachstrasse,7
Muehlbachstrasse,8
Muehlbachstrasse,9
Muehlbachstrasse,10
Muehlbachstrasse,11
Muehlbachstrasse,12
Muehlbachstrasse,13
Muehlbachstrasse,14
Muehlbachstrasse,15
Muehlbachstrasse,16
Muehlbachstrasse,17
Muehlbachstrasse,18
Muehlbachstrasse,19
Muehlbachstrasse,20
Muehlbachstrasse,21
Muehlbachstrasse,22
Muehlbachstrasse,23
Muehlbachstrasse,24
Muehldorfstrasse,1
Muehldorfstrasse,2
Muehldorfstrasse,3
Muehldorfstrasse,4
Muehldorfstrasse,5
Muehldorfstrasse,6
Muehldorfstrasse,7
Muehldorfstrasse,8
Muehldorfstrasse,9
Muehldorfstrasse,10
Muehldorfstrasse,11
Muehldorfstrasse,12
Muehldorfstrasse,13
Muehldorfstrasse,14
Muehldorfstrasse,15
Muehldorfstrasse,16
Muehldorfstrasse,17
Muehldorfstrasse,18
Muehldorfstrasse,19
Muehldorfstrasse,20
Muehlenstrasse,1
Muehlstrasse,1
Muehlstrasse,2
Muehlstrasse,3
Muehlstrasse,4
Muehlstrasse,5
Muehlstrasse,6
Muehlstrasse,7
Muehlstrasse,8
Muehlstrasse,9
Muehlstrasse,10
Muehlstrasse,11
Muehlstrasse,12
Muehlstrasse,13
Muehlstrasse,14
Muehlstrasse,15
Muehlstrasse,16
Muehlstrasse,17
Muehlstrasse,18
Muehlstrasse,19
Muehlstrasse,20
Muehlstrasse,21
Muellerstrasse,1
Muellerstrasse,2
Muellerstrasse,3
Muellerstrasse,4
Muellerstrasse,5
Muellerstrasse,6
Muellerstrasse,7
Muellerstrasse,8
Muellerstrasse,9
Muellerstrasse,10
Muellerstrasse,11
Muellerstrasse,12
Muellerstrasse,13
Muellerstrasse,14
Muellerstrasse,15
Muellerstrasse,16
Muellerstrasse,17
Muellerstrasse,18
Muellerstrasse,19
Muellerstrasse,20
Muellerstrasse,21
Muellerstrasse,22
Muellerstrasse,23
Muellerstrasse,24
Muellerstrasse,25
Muellerstrasse,26
Muellerstrasse,27
Muellerstrasse,28
Muellerstrasse,29
Muellerstrasse,30
Muellerstrasse,31
Muellerstrasse,32
Muellerstrasse,33
Muellerstrasse,34
Muellerstrasse,35
Muellerstrasse,36
Muellerstrasse,37
Muellerstrasse,38
Muellerstrasse,39
Muellerstrasse,40
Muellerstrasse,41
Muellerstrasse,42
Muellerstrasse,43
Muellerstrasse,44
Muellerstrasse,45
Muellerstrasse,46
Muellerstrasse,47
Muellerstrasse,48
Muellerstrasse,49
Muellerstrasse,50
Muellerstrasse,51
Muellerstrasse,52
Muellerstrasse,53
Muellerstrasse,54
Muellerstrasse,55
Muellerstrasse,56
Muellerstrasse,57
Muellerstrasse,58
Muellerstrasse,59
Muenzstrasse,1
Muenzstrasse,2
Muenzstrasse,3
Muenzstrasse,4
Muenzstrasse,5
Muenzstrasse,6
Muenzstrasse,7
Muenzstrasse,8
Muenzstrasse,9
Muetterstrasse,1
Muetterstrasse,2
Muetterstrasse,3
Muetterstrasse,4
Muetterstrasse,5
Muetterstrasse,6
Muetterstrasse,7
Muetterstrasse,8
Muetterstrasse,9
Muetterstrasse,10
Muetterstrasse,11
Muetterstrasse,12
Muetterstrasse,13
Muetterstrasse,14
Muetterstrasse,15
Muetterstrasse,16
Muetterstrasse,17
Muetterstrasse,18
Muetterstrasse,19
Museumstrasse,1
Museumstrasse,2
Neue Pferdstrasse,1
Neue Pferdstrasse,2
Neue Pferdstrasse,3
Neue Pferdstrasse,4
Neue Pferdstrasse,5
Neue Pferdstrasse,6
Neue Pferdstrasse,7
Neuhauser Strasse,1
Neuhauser Strasse,2
Neuhauser Strasse,3
Neuhauser Strasse,4
Neuhauser Strasse,5
Neuhauser Strasse,6
Neuhauser Strasse,7
Neuhauser Strasse,8
Neuhauser Strasse,9
Neuhauser Strasse,10
Neuhauser Strasse,11
Neuhauser Strasse,12
Neuhauser Strasse,13
Neuhauser Strasse,14
Neuhauser Strasse,15
Neuhauser Strasse,16
Neuhauser Strasse,17
Neuhauser Strasse,18
Neuhauser Strasse,19
Neuhauser Strasse,20
Neuhauser Strasse,21
Neuhauser Strasse,22
Neuhauser Strasse,23
Neuhauser Strasse,24
Neuhauser Strasse,25
Neuhauser Strasse,26
Neuhauser Strasse,27
Neuhauser Strasse,28
Neuhauser Strasse,29
Neuhauser Strasse,30
Neuhauser Strasse,31
Neuhauser Strasse,32
Neuhauser Strasse,33
Neuhauser Strasse,34
Neuhauser Strasse,35
Neuhauser Strasse,36
Neuhauser Strasse,37
Neuhauser Strasse,38
Neuhauser Strasse,39
Neuhauser Strasse,40
Neuhauser Strasse,41
Neuhauser Strasse,42
Neuhauser Strasse,43
Neuhauser Strasse,44
Neuhauser Strasse,45
Neuhauser Strasse,46
Neuhauser Strasse,47
Neuhauser Strasse,48
Neuhauser Strasse,49
Neuhauser Strasse,50
Neuhauser Strasse,51
Neuhauser Strasse,52
Neuhauser Strasse,53
Neuhauser Weg,1
Neuhauser Weg,2
Neuhauser Weg,3
Neuhauser Weg,4
Neuhauser Weg,5
Neuhauser Weg,6
Neureutherstrasse,1
Neureutherstrasse,2
Neureutherstrasse,3
Neureutherstrasse,4
Neureutherstrasse,5
Neureutherstrasse,6
Neureutherstrasse,7
Neureutherstrasse,8
Neureutherstrasse,9
Neureutherstrasse,10
Neureutherstrasse,11
Neureutherstrasse,12
Neureutherstrasse,13
Neureutherstrasse,14
Neureutherstrasse,15
Neuschwabing,1
Neuschwabing,2
Neuturmstrasse,1
Neuturmstrasse,2
Neuturmstrasse,3
Neuturmstrasse,4
Neuturmstrasse,5
Neuturmstrasse,6
Neuturmstrasse,7
Neuturmstrasse,8
Neuturmstrasse,9
Neuturmstrasse,10
Neuturmstrasse,11
Neuturmstrasse,12
Neuturmstrasse,13
Neuturmstrasse,14
Neuturmstrasse,15
Neuturmstrasse,16
Neuturmstrasse,17
Neuturmstrasse,18
Neuturmstrasse,19
Neuturmstrasse,20
Neuturmstrasse,21
Neuturmstrasse,22
Neuturmstrasse,23
Neuturmstrasse,24
Neuturmstrasse,25
Neuturmstrasse,26
Neuturmstrasse,27
Neuturmstrasse,28
Neuturmstrasse,29
Neuturmstrasse,30
Neuturmstrasse,31
Neuturmstrasse,32
Neuturmstrasse,33
Neuturmstrasse,34
Neuturmstrasse,35
Neuturmstrasse,36
Neuturmstrasse,37
Neuturmstrasse,38
Neuturmstrasse,39
Neuturmstrasse,40
Neuturmstrasse,41
Neuturmstrasse,42
Neuturmstrasse,43
Neuturmstrasse,44
Neuturmstrasse,45
Neuturmstrasse,46
Neuturmstrasse,47
Neuturmstrasse,48
Neuturmstrasse,49
Neuturmstrasse,50
Neuturmstrasse,51
Neuturmstrasse,52
Neuturmstrasse,53
Niedermayerstrasse,1
Niedermayerstrasse,2
Niedermayerstrasse,3
Niedermayerstrasse,4
Niedermayerstrasse,5
Niedermayerstrasse,6
Niedermayerstrasse,7
Niedermayerstrasse,8
Niedermayerstrasse,9
Niedermayerstrasse,10
Niedermayerstrasse,11
Nikolaistrasse,1
Nikolaistrasse,2
Nikolaistrasse,3
Nikolaistrasse,4
Nikolaistrasse,5
Nikolaistrasse,6
Nikolaistrasse,7
Nikolaistrasse,8
Nikolaistrasse,9
Nockherstrasse,1
Nockherstrasse,2
Nockherstrasse,3
Nockherstrasse,4
Nockherstrasse,5
Nockherstrasse,6
Nockherstrasse,7
Nockherstrasse,8
Nockherstrasse,9
Nockherstrasse,10
Nockherstrasse,11
Nockherstrasse,12
Nockherstrasse,13
Nockherstrasse,14
Nockherstrasse,15
Nockherstrasse,16
Nockherstrasse,17
Nockherstrasse,18
Nockherstrasse,19
Nockherstrasse,20
Nockherstrasse,21
Nockherstrasse,22
Nockherstrasse,23
Nockherstrasse,24
Nockherstrasse,25
Nockherstrasse,26
Nockherstrasse,27
Nockherstrasse,28
Nockherstrasse,29
Nockherstrasse,30
Nockherstrasse,31
Nockherstrasse,32
Nockherstrasse,33
Nockherstrasse,34
Nockherstrasse,35
Nockherstrasse,36
Nockherstrasse,37
Nockherstrasse,38
Nockherstrasse,39
Nockherstrasse,40
Nockherstrasse,41
Nockherstrasse,42
Nockherstrasse,43
Nockherstrasse,44
Nockherstrasse,45
Nockherstrasse,46
Nockherstrasse,47
Nockherstrasse,48
Nockherstrasse,49
Nockherstrasse,50
Nockherstrasse,51
Nockherstrasse,52
Nockherstrasse,53
Nockherstrasse,54
Nordendstrasse,1
Nordendstrasse,2
Nordendstrasse,3
Nordendstrasse,4
Nordendstrasse,5
Nordendstrasse,6
Nordendstrasse,7
Nordendstrasse,8
Nordendstrasse,9
Nordendstrasse,10
Nordendstrasse,11
Nordendstrasse,12
Nordendstrasse,13
Nordendstrasse,14
Nordendstrasse,15
Nordendstrasse,16
Nordendstrasse,17
Nordendstrasse,18
Nordendstrasse,19
Nordendstrasse,20
Nordendstrasse,21
Nordendstrasse,22
Nordendstrasse,23
Nordendstrasse,24
Nordendstrasse,25
Nordendstrasse,26
Nordendstrasse,27
Nordendstrasse,28
Nordendstrasse,29
Nordendstrasse,30
Nordendstrasse,31
Nordendstrasse,32
Nordendstrasse,33
Nordendstrasse,34
Nordendstrasse,35
Nordendstrasse,36
Nordendstrasse,37
Nordendstrasse,38
Nordendstrasse,39
Nordendstrasse,40
Nordendstrasse,41
Nordendstrasse,42
Nordendstrasse,43
Nordendstrasse,44
Nordendstrasse,45
Nordendstrasse,46
Nordendstrasse,47
Nordendstrasse,48
Nordendstrasse,49
Nordendstrasse,50
Nordendstrasse,51
Nordendstrasse,52
Nordendstrasse,53
Nordendstrasse,54
Nordendstrasse,55
Nordendstrasse,56
Nordendstrasse,57
Nordendstrasse,58
Nordendstrasse,59
Nordendstrasse,60
Nordendstrasse,61
Nordendstrasse,62
Nordendstrasse,63
Nordendstrasse,64
Nordendstrasse,65
Nordendstrasse,66
Nordendstrasse,67
Nordendstrasse,68
Nordendstrasse,69
Nordendstrasse,70
Nordendstrasse,71
Nordendstrasse,72
Nordendstrasse,73
Nordendstrasse,74
Nordendstrasse,75
Nordendstrasse,76
Nordendstrasse,77
Nordendstrasse,78
Nordendstrasse,79
Nordendstrasse,80
Nordendstrasse,81
Nosengasse,1
Nosengasse,2
Nosengasse,3
Nosengasse,4
Nosengasse,5
Nosengasse,6
Nosengasse,7
Nosengasse,8
Nosengasse,9
Nosengasse,10
Nosengasse,11
Nosengasse,12
Nussbaumstrasse,1
Nussbaumstrasse,2
Nussbaumstrasse,3
Nussbaumstrasse,4
Nussbaumstrasse,5
Nymphenburger Strasse,1
Nymphenburger Strasse,2
Nymphenburger Strasse,3
Nymphenburger Strasse,4
Nymphenburger Strasse,5
Nymphenburger Strasse,6
Nymphenburger Strasse,7
Nymphenburger Strasse,8
Nymphenburger Strasse,9
Nymphenburger Strasse,10
Nymphenburger Strasse,11
Nymphenburger Strasse,12
Nymphenburger Strasse,13
Nymphenburger Strasse,14
Nymphenburger Strasse,15
Nymphenburger Strasse,16
Nymphenburger Strasse,17
Nymphenburger Strasse,18
Nymphenburger Strasse,19
Nymphenburger Strasse,20
Nymphenburger Strasse,21
Nymphenburger Strasse,22
Nymphenburger Strasse,23
Nymphenburger Strasse,24
Nymphenburger Strasse,25
Nymphenburger Strasse,26
Nymphenburger Strasse,27
Nymphenburger Strasse,28
Nymphenburger Strasse,29
Nymphenburger Strasse,30
Nymphenburger Strasse,31
Nymphenburger Strasse,32
Nymphenburger Strasse,33
Nymphenburger Strasse,34
Nymphenburger Strasse,35
Nymphenburger Strasse,36
Nymphenburger Strasse,37
Nymphenburger Strasse,38
Nymphenburger Strasse,39
Nymphenburger Strasse,40
Nymphenburger Strasse,41
Nymphenburger Strasse,42
Nymphenburger Strasse,43
Nymphenburger Strasse,44
Nymphenburger Strasse,45
Nymphenburger Strasse,46
Nymphenburger Strasse,47
Nymphenburger Strasse,48
Nymphenburger Strasse,49
Nymphenburger Strasse,50
Nymphenburger Strasse,51
Nymphenburger Strasse,52
Nymphenburger Strasse,53
Nymphenburger Strasse,54
Nymphenburger Strasse,55
Nymphenburger Strasse,56
Nymphenburger Strasse,57
Nymphenburger Strasse,58
Nymphenburger Strasse,59
Nymphenburger Strasse,60
Nymphenburger Strasse,61
Nymphenburger Strasse,62
Nymphenburger Strasse,63
Nymphenburger Strasse,64
Nymphenburger Strasse,65
Nymphenburger Strasse,66
Nymphenburger Strasse,67
Nymphenburger Strasse,68
Nymphenburger Strasse,69
Nymphenburger Strasse,70
Nymphenburger Strasse,71
Nymphenburger Strasse,72
Nymphenburger Strasse,73
Nymphenburger Strasse,74
Nymphenburger Strasse,75
Nymphenburger Strasse,76
Nymphenburger Strasse,77
Nymphenburger Strasse,78
Nymphenburger Strasse,79
Nymphenburger Strasse,80
Nymphenburger Strasse,81
Nymphenburger Strasse,82
Nymphenburger Strasse,83
Nymphenburger Strasse,84
Nymphenburger Strasse,85
Nymphenburger Strasse,86
Nymphenburger Strasse,87
Nymphenburger Strasse,88
Nymphenburger Strasse,89
Nymphenburger Strasse,90
Nymphenburger Strasse,91
Nymphenburger Strasse,92
Nymphenburger Strasse,93
Nymphenburger Strasse,94
Nymphenburger Strasse,95
Nymphenburger Strasse,96
Nymphenburger Strasse,97
Nymphenburger Strasse,98
Nymphenburger Strasse,99
Nymphenburger Strasse,100
Nymphenburger Strasse,101
Nymphenburger Strasse,102
Nymphenburger Strasse,103
Nymphenburger Strasse,104
Nymphenburger Strasse,105
Nymphenburger Strasse,106
Nymphenburger Strasse,107
Nymphenburger Strasse,108
Nymphenburger Strasse,109
Nymphenburger Strasse,110
Nymphenburger Strasse,111
Nymphenburger Strasse,112
Nymphenburger Strasse,113
Nymphenburger Strasse,114
Nymphenburger Strasse,115
Nymphenburger Strasse,116
Nymphenburger Strasse,117
Nymphenburger Strasse,118
Nymphenburger Strasse,119
Nymphenburger Strasse,120
Nymphenburger Strasse,121
Nymphenburger Strasse,122
Nymphenburger Strasse,123
Nymphenburger Strasse,124
Nymphenburger Strasse,125
Nymphenburger Strasse,126
Nymphenburger Strasse,127
Nymphenburger Strasse,128
Nymphenburger Strasse,129
Nymphenburger Strasse,130
Nymphenburger Strasse,131
Nymphenburger Strasse,132
Nymphenburger Strasse,133
Nymphenburger Strasse,134
Nymphenburger Strasse,135
Nymphenburger Strasse,136
Nymphenburger Strasse,137
Nymphenburger Strasse,138
Nymphenburger Strasse,139
Nymphenburger Strasse,140
Nymphenburger Strasse,141
Nymphenburger Strasse,142
Nymphenburger Strasse,143
Nymphenburger Strasse,144
Nymphenburger Strasse,145
Nymphenburger Strasse,146
Nymphenburger Strasse,147
Nymphenburger Strasse,148
Nymphenburger Strasse,149
Nymphenburger Strasse,150
Nymphenburger Strasse,151
Nymphenburger Strasse,152
Nymphenburger Strasse,153
Nymphenburger Strasse,154
Nymphenburger Strasse,155
Nymphenburger Strasse,156
Nymphenburger Strasse,157
Nymphenburger Strasse,158
Nymphenburger Strasse,159
Nymphenburger Strasse,160
Nymphenburger Strasse,161
Nymphenburger Strasse,162
Nymphenburger Strasse,163
Nymphenburger Strasse,164
Nymphenburger Strasse,165
Nymphenburger Strasse,166
Nymphenburger Strasse,167
Nymphenburger Strasse,168
Nymphenburger Strasse,169
Nymphenburger Strasse,170
Nymphenburger Strasse,171
Nymphenburger Strasse,172
Nymphenburger Strasse,173
Nymphenburger Strasse,174
Nymphenburger Strasse,175
Nymphenburger Strasse,176
Nymphenburger Strasse,177
Nymphenburger Strasse,178
Nymphenburger Strasse,179
Nymphenburger Strasse,180
Nymphenburger Strasse,181
Nymphenburger Strasse,182
Nymphenburger Strasse,183
Nymphenburger Strasse,184
Nymphenburger Strasse,185
Nymphenburger Strasse,186
Nymphenburger Strasse,187
Nymphenburger Strasse,188
Nymphenburger Strasse,189
Nymphenburger Strasse,190
Nymphenburger Strasse,191
Nymphenburger Strasse,192
Nymphenburger Strasse,193
Nymphenburger Strasse,194
Nymphenburger Strasse,195
Nymphenburger Strasse,196
Nymphenburger Strasse,197
Nymphenburger Strasse,198
Nymphenburger Strasse,199
Nymphenburger Strasse,200
Nymphenburger Strasse,201
Nymphenburger Strasse,202
Nymphenburger Strasse,203
Nymphenburger Strasse,204
Nymphenburger Strasse,205
Nymphenburger Strasse,206
Nymphenburger Strasse,207
Nymphenburger Strasse,208
Nymphenburger Strasse,209
Nymphenburger Strasse,210
Nymphenburger Strasse,211
Nymphenburger Strasse,212
Nymphenburger Strasse,213
Nymphenburger Strasse,214
Nymphenburger Strasse,215
Nymphenburger Strasse,216
Nymphenburger Strasse,217
Nymphenburger Strasse,218
Oberanger,1
Oberanger,2
Oberanger,3
Oberanger,4
Oberanger,5
Oberanger,6
Oberanger,7
Oberanger,8
Oberanger,9
Oberanger,10
Oberanger,11
Oberanger,12
Oberanger,13
Oberanger,14
Oberanger,15
Oberanger,16
Oberanger,17
Oberanger,18
Oberanger,19
Oberanger,20
Oberanger,21
Oberanger,22
Oberanger,23
Oberanger,24
Oberanger,25
Oberanger,26
Oberanger,27
Oberanger,28
Oberanger,29
Oberanger,30
Oberanger,31
Oberanger,32
Oberanger,33
Oberanger,34
Oberanger,35
Oberanger,36
Oberanger,37
Oberanger,38
Oberanger,39
Oberanger,40
Oberanger,41
Oberanger,42
Oberanger,43
Oberanger,44
Oberanger,45
Oberanger,46
Oberanger,47
Oberanger,48
Oberanger,49
Oberanger,50
Oberanger,51
Oberanger,52
Oberanger,53
Oberanger,54
Oberanger,55
Oberanger,56
Oberanger,57
Oberanger,58
Oberanger,59
Oberanger,60
Oberanger,61
Obere Angerstrasse,1
Obere Angerstrasse,2
Obere Angerstrasse,3
Obere Angerstrasse,4
Obere Angerstrasse,5
Obere Angerstrasse,6
Obere Angerstrasse,7
Obere Angerstrasse,8
Obere Angerstrasse,9
Obere Angerstrasse,10
Obere Angerstrasse,11
Obere Angerstrasse,12
Obere Angerstrasse,13
Obere Angerstrasse,14
Obere Angerstrasse,15
Obere Angerstrasse,16
Obere Angerstrasse,17
Obere Angerstrasse,18
Obere Angerstrasse,19
Obere Angerstrasse,20
Obere Angerstrasse,21
Obere Angerstrasse,22
Obere Angerstrasse,23
Obere Angerstrasse,24
Obere Angerstrasse,25
Obere Angerstrasse,26
Obere Angerstrasse,27
Obere Angerstrasse,28
Obere Angerstrasse,29
Obere Angerstrasse,30
Obere Angerstrasse,31
Obere Angerstrasse,32
Obere Angerstrasse,33
Obere Angerstrasse,34
Obere Angerstrasse,35
Obere Angerstrasse,36
Obere Angerstrasse,37
Obere Angerstrasse,38
Obere Angerstrasse,39
Obere Angerstrasse,40
Obere Angerstrasse,41
Obere Angerstrasse,42
Obere Angerstrasse,43
Obere Angerstrasse,44
Obere Angerstrasse,45
Obere Angerstrasse,46
Obere Angerstrasse,47
Obere Angerstrasse,48
Obere Angerstrasse,49
Obere Angerstrasse,50
Obere Angerstrasse,51
Obere Angerstrasse,52
Obere Angerstrasse,53
Obere Angerstrasse,54
Obere Angerstrasse,55
Obere Angerstrasse,56
Obere Feldstrasse,1
Obere Feldstrasse,2
Obere Feldstrasse,3
Obere Feldstrasse,4
Obere Feldstrasse,5
Obere Feldstrasse,6
Obere Feldstrasse,7
Obere Feldstrasse,8
Obere Feldstrasse,9
Obere Feldstrasse,10
Obere Feldstrasse,11
Obere Feldstrasse,12
Obere Feldstrasse,13
Obere Feldstrasse,14
Obere Feldstrasse,15
Obere Feldstrasse,16
Obere Feldstrasse,17
Obere Feldstrasse,18
Obere Feldstrasse,19
Obere Feldstrasse,20
Obere Feldstrasse,21
Obere Feldstrasse,22
Obere Feldstrasse,23
Obere Feldstrasse,24
Obere Feldstrasse,25
Obere Feldstrasse,26
Obere Feldstrasse,27
Obere Feldstrasse,28
Obere Feldstrasse,29
Obere Feldstrasse,30
Obere Feldstrasse,31
Obere Feldstrasse,32
Obere Feldstrasse,33
Obere Feldstrasse,34
Obere Feldstrasse,35
Obere Feldstrasse,36
Obere Feldstrasse,37
Obere Feldstrasse,38
Obere Feldstrasse,39
Obere Feldstrasse,40
Obere Feldstrasse,41
Obere Feldstrasse,42
Obere Feldstrasse,43
Obere Feldstrasse,44
Obere Feldstrasse,45
Obere Feldstrasse,46
Obere Feldstrasse,47
Obere Feldstrasse,48
Obere Gartenstrasse,1
Obere Gartenstrasse,2
Obere Gartenstrasse,3
Obere Gartenstrasse,4
Obere Gartenstrasse,5
Obere Gartenstrasse,6
Obere Gartenstrasse,7
Obere Gartenstrasse,8
Obere Gartenstrasse,9
Obere Gartenstrasse,10
Obere Gartenstrasse,11
Obere Gartenstrasse,12
Obere Gartenstrasse,13
Obere Gartenstrasse,14
Obere Gartenstrasse,15
Obere Gartenstrasse,16
Obere Gartenstrasse,17
Obere Gartenstrasse,18
Obere Grasstrasse,1
Obere Grasstrasse,2
Obere Grasstrasse,3
Obere Grasstrasse,4
Obere Grasstrasse,5
Obere Grasstrasse,6
Obere Grasstrasse,7
Obere Grasstrasse,8
Obere Grasstrasse,9
Obere Grasstrasse,10
Obere Isaranlage,1
Obere Isarau,1
Obere Isarau,2
Obere Isarstrasse,1
Obere Isarstrasse,2
Obere Isarstrasse,3
Obere Isarstrasse,4
Obere Isarstrasse,5
Obere Isarstrasse,6
Obere Isarstrasse,7
Obere Isarstrasse,8
Obere Isarstrasse,9
Obere Isarstrasse,10
Obere Isarstrasse,11
Obere Isarstrasse,12
Obere Isarstrasse,13
Obere Isarstrasse,14
Obere Isarstrasse,15
Obere Isarstrasse,16
Obere Isarstrasse,17
Obere Isarstrasse,18
Obere Johannisstrasse,1
Obere Johannisstrasse,2
Obere Johannisstrasse,3
Obere Wasserstrasse,1
Obere Wasserstrasse,2
Obere Wasserstrasse,3
Obere Wasserstrasse,4
Obere Weidenstrasse,1
Obere Weidenstrasse,2
Obere Weidenstrasse,3
Obere Weidenstrasse,4
Obere Weidenstrasse,5
Obere Weidenstrasse,6
Obere Weidenstrasse,7
Obere Weidenstrasse,8
Oberfeldstrasse,1
Oberfeldstrasse,2
Oberfeldstrasse,3
Oberfeldstrasse,4
Oberfeldstrasse,5
Oberfeldstrasse,6
Oberfeldstrasse,7
Oberfeldstrasse,8
Oberfeldstrasse,9
Oberfeldstrasse,10
Oberfeldstrasse,11
Oberfeldstrasse,12
Oberfeldstrasse,13
Oberfeldstrasse,14
Oberfeldstrasse,15
Oberfeldstrasse,16
Oberfeldstrasse,17
Oberfeldstrasse,18
Oberfeldstrasse,19
Oberkaiblmuehlweg,1
Oberkaiblmuehlweg,2
Oberkaiblmuehlweg,3
Oberkaiblmuehlweg,4
Oberlaenderstrasse,1
Oberlaenderstrasse,2
Oberlaenderstrasse,3
Oberlaenderstrasse,4
Oberlaenderstrasse,5
Oberlaenderstrasse,6
Oberlaenderstrasse,7
Oberlaenderstrasse,8
Oberlaenderstrasse,9
Oberlaenderstrasse,10
Oberlaenderstrasse,11
Oberlaenderstrasse,12
Oberlaenderstrasse,13
Oberlaenderstrasse,14
Oberlaenderstrasse,15
Oberlaenderstrasse,16
Oberlaenderstrasse,17
Oberlaenderstrasse,18
Oberlaenderstrasse,19
Oberlaenderstrasse,20
Oberlaenderstrasse,21
Oberlaenderstrasse,22
Oberlaenderstrasse,23
Oberlaenderstrasse,24
Oberlaenderstrasse,25
Oberlaenderstrasse,26
Oberlaenderstrasse,27
Oberlaenderstrasse,28
Oberlaenderstrasse,29
Oberlaenderstrasse,30
Oberlaenderstrasse,31
Oberlaenderstrasse,32
Oberlaenderstrasse,33
Oberlaenderstrasse,34
Oberlaenderstrasse,35
Oberlaenderstrasse,36
Oberlaenderstrasse,37
Oberlaenderstrasse,38
Oberlaenderstrasse,39
Oberlaenderstrasse,40
Obermaierstrasse,1
Obermaierstrasse,2
Occamstrasse,1
Occamstrasse,2
Occamstrasse,3
Occamstrasse,4
Occamstrasse,5
Occamstrasse,6
Occamstrasse,7
Occamstrasse,8
Occamstrasse,9
Occamstrasse,10
Occamstrasse,11
Occamstrasse,12
Occamstrasse,13
Occamstrasse,14
Occamstrasse,15
Occamstrasse,16
Occamstrasse,17
Occamstrasse,18
Occamstrasse,19
Occamstrasse,20
Occamstrasse,21
Occamstrasse,22
Occamstrasse,23
Odeonsplatz,1
Odeonsplatz,2
Odeonsplatz,3
Odeonsplatz,4
Odeonsplatz,5
Odeonsplatz,6
Odeonsplatz,7
Odeonsplatz,8
Odeonsplatz,9
Odeonsplatz,10
Odeonsplatz,11
Odeonsplatz,12
Odeonsplatz,13
Odeonsplatz,14
Odeonsplatz,15
Odeonsplatz,16
Odeonsplatz,17
Odeonsplatz,18
Ohlmuellerstrasse,1
Ohlmuellerstrasse,2
Ohlmuellerstrasse,3
Ohlmuellerstrasse,4
Ohlmuellerstrasse,5
Ohlmuellerstrasse,6
Ohlmuellerstrasse,7
Ohlmuellerstrasse,8
Ohlmuellerstrasse,9
Ohlmuellerstrasse,10
Ohlmuellerstrasse,11
Ohlmuellerstrasse,12
Ohlmuellerstrasse,13
Ohlmuellerstrasse,14
Ohlmuellerstrasse,15
Ohlmuellerstrasse,16
Ohlmuellerstrasse,17
Ohlmuellerstrasse,18
Ohlmuellerstrasse,19
Ohlmuellerstrasse,20
Ohlmuellerstrasse,21
Ohlmuellerstrasse,22
Ohlmuellerstrasse,23
Ohlmuellerstrasse,24
Ohlmuellerstrasse,25
Ohlmuellerstrasse,26
Ohlmuellerstrasse,27
Ohlmuellerstrasse,28
Ohlmuellerstrasse,29
Ohlmuellerstrasse,30
Ohlmuellerstrasse,31
Ohlmuellerstrasse,32
Ohlmuellerstrasse,33
Ohlmuellerstrasse,34
Ohlmuellerstrasse,35
Ohlmuellerstrasse,36
Ohlmuellerstrasse,37
Ohlmuellerstrasse,38
Ohlmuellerstrasse,39
Ohlmuellerstrasse,40
Ohlmuellerstrasse,41
Ohlmuellerstrasse,42
Ohlmuellerstrasse,43
Ohlmuellerstrasse,44
Ohlmuellerstrasse,45
Ohlmuellerstrasse,46
Ohlmuellerstrasse,47
Ohlmuellerstrasse,48
Ohlmuellerstrasse,49
Ohlmuellerstrasse,50
Ohlmuellerstrasse,51
Ohlmuellerstrasse,52
Ohlmuellerstrasse,53
Orlandostrasse,1
Orlandostrasse,2
Orlandostrasse,3
Orlandostrasse,4
Orlandostrasse,5
Orlandostrasse,6
Orlandostrasse,7
Orlandostrasse,8
Orleansplatz,1
Orleansplatz,2
Orleansplatz,3
Orleansplatz,4
Orleansplatz,5
Orleansplatz,6
Orleansstrasse,1
Orleansstrasse,2
Orleansstrasse,3
Orleansstrasse,4
Orleansstrasse,5
Orleansstrasse,6
Orleansstrasse,7
Orleansstrasse,8
Orleansstrasse,9
Orleansstrasse,10
Orleansstrasse,11
Orleansstrasse,12
Orleansstrasse,13
Orleansstrasse,14
Orleansstrasse,15
Orleansstrasse,16
Orleansstrasse,17
Orleansstrasse,18
Orleansstrasse,19
Orleansstrasse,20
Orleansstrasse,21
Orleansstrasse,22
Orleansstrasse,23
Orleansstrasse,24
Orleansstrasse,25
Orleansstrasse,26
Orleansstrasse,27
Orleansstrasse,28
Orleansstrasse,29
Orleansstrasse,30
Orleansstrasse,31
Orleansstrasse,32
Orleansstrasse,33
Orleansstrasse,34
Orleansstrasse,35
Orleansstrasse,36
Orleansstrasse,37
Orleansstrasse,38
Orleansstrasse,39
Orleansstrasse,40
Orleansstrasse,41
Orleansstrasse,42
Orleansstrasse,43
Orleansstrasse,44
Orleansstrasse,45
Orleansstrasse,46
Orleansstrasse,47
Orleansstrasse,48
Orleansstrasse,49
Orleansstrasse,50
Orleansstrasse,51
Orleansstrasse,52
Orleansstrasse,53
Orleansstrasse,54
Orleansstrasse,55
Orleansstrasse,56
Orleansstrasse,57
Orleansstrasse,58
Orleansstrasse,59
Orleansstrasse,60
Orleansstrasse,61
Orleansstrasse,62
Orleansstrasse,63
Orleansstrasse,64
Orleansstrasse,65
Orleansstrasse,66
Orleansstrasse,67
Orleansstrasse,68
Orleansstrasse,69
Orleansstrasse,70
Orleansstrasse,71
Orleansstrasse,72
Orleansstrasse,73
Orleansstrasse,74
Orleansstrasse,75
Orleansstrasse,76
Orleansstrasse,77
Orleansstrasse,78
Orleansstrasse,79
Orleansstrasse,80
Orleansstrasse,81
Orleansstrasse,82
Orleansstrasse,83
Orleansstrasse,84
Orleansstrasse,85
Orleansstrasse,86
Orleansstrasse,87
Orleansstrasse,88
Orleansstrasse,89
Osterwaldstrasse,1
Osterwaldstrasse,2
Osterwaldstrasse,3
Osterwaldstrasse,4
Osterwaldstrasse,5
Osterwaldstrasse,6
Osterwaldstrasse,7
Osterwaldstrasse,8
Osterwaldstrasse,9
Osterwaldstrasse,10
Osterwaldstrasse,11
Osterwaldstrasse,12
Ottostrasse,1
Ottostrasse,2
Ottostrasse,3
Ottostrasse,4
Ottostrasse,5
Ottostrasse,6
Ottostrasse,7
Ottostrasse,8
Ottostrasse,9
Ottostrasse,10
Ottostrasse,11
Ottostrasse,12
Ottostrasse,13
Ottostrasse,14
Ottostrasse,15
Ottostrasse,16
Palmstrasse,1
Palmstrasse,2
Palmstrasse,3
Palmstrasse,4
Palmstrasse,5
Palmstrasse,6
Palmstrasse,7
Palmstrasse,8
Pappenheimstrasse,1
Pappenheimstrasse,2
Pappenheimstrasse,3
Pappenheimstrasse,4
Pappenheimstrasse,5
Pappenheimstrasse,6
Pappenheimstrasse,7
Pappenheimstrasse,8
Pappenheimstrasse,9
Pappenheimstrasse,10
Pappenheimstrasse,11
Pappenheimstrasse,12
Pappenheimstrasse,13
Pappenheimstrasse,14
Pappenheimstrasse,15
Pappenheimstrasse,16
Pappenheimstrasse,17
Paradiesstrasse,1
Paradiesstrasse,2
Paradiesstrasse,3
Paradiesstrasse,4
Paradiesstrasse,5
Paradiesstrasse,6
Pariser Platz,1
Pariser Platz,2
Pariser Platz,3
Pariser Strasse,1
Pariser Strasse,2
Pariser Strasse,3
Pariser Strasse,4
Pariser Strasse,5
Pariser Strasse,6
Pariser Strasse,7
Pariser Strasse,8
Pariser Strasse,9
Pariser Strasse,10
Pariser Strasse,11
Pariser Strasse,12
Pariser Strasse,13
Pariser Strasse,14
Pariser Strasse,15
Pariser Strasse,16
Pariser Strasse,17
Pariser Strasse,18
Pariser Strasse,19
Pariser Strasse,20
Pariser Strasse,21
Pariser Strasse,22
Pariser Strasse,23
Pariser Strasse,24
Pariser Strasse,25
Pariser Strasse,26
Pariser Strasse,27
Pariser Strasse,28
Pariser Strasse,29
Pariser Strasse,30
Pariser Strasse,31
Pariser Strasse,32
Pariser Strasse,33
Pariser Strasse,34
Pariser Strasse,35
Pariser Strasse,36
Pariser Strasse,37
Pariser Strasse,38
Pariser Strasse,39
Pariser Strasse,40
Pariser Strasse,41
Pariser Strasse,42
Pariser Strasse,43
Pariser Strasse,44
Pariser Strasse,45
Pariser Strasse,46
Pariser Strasse,47
Pariser Strasse,48
Pariser Strasse,49
Pariser Strasse,50
Parkstrasse,1
Parkstrasse,2
Parkstrasse,3
Parkstrasse,4
Parkstrasse,5
Parkstrasse,6
Parkstrasse,7
Parkstrasse,8
Parkstrasse,9
Parkstrasse,10
Parkstrasse,11
Parkstrasse,12
Parkstrasse,13
Parkstrasse,14
Parkstrasse,15
Parkstrasse,16
Parkstrasse,17
Parkstrasse,18
Parkstrasse,19
Parkstrasse,20
Parkstrasse,21
Parkstrasse,22
Parkstrasse,23
Parkstrasse,24
Parkstrasse,25
Parkstrasse,26
Parkstrasse,27
Parkstrasse,28
Parkstrasse,29
Parkstrasse,30
Parkstrasse,31
Parkstrasse,32
Parkstrasse,33
Parkstrasse,34
Parkstrasse,35
Pasinger Landstrasse,1
Pasinger Landstrasse,2
Pasinger Landstrasse,3
Pasinger Landstrasse,4
Pasinger Landstrasse,5
Pasinger Landstrasse,6
Pasinger Landstrasse,7
Pasinger Landstrasse,8
Pasinger Landstrasse,9
Pasinger Landstrasse,10
Pasinger Landstrasse,11
Pasinger Landstrasse,12
Pasinger Strasse,1
Pasinger Strasse,2
Pasinger Strasse,3
Pasinger Strasse,4
Pasinger Strasse,5
Pasinger Strasse,6
Pasinger Strasse,7
Pasinger Strasse,8
Pasinger Strasse,9
Pasinger Strasse,10
Pasinger Strasse,11
Pasinger Strasse,12
Pasinger Strasse,13
Pasinger Strasse,14
Pasinger Strasse,15
Pasinger Strasse,16
Pasinger Strasse,17
Pasinger Strasse,18
Pasinger Strasse,19
Pasinger Strasse,20
Pasinger Strasse,21
Pasinger Strasse,22
Pasinger Strasse,23
Pasinger Strasse,24
Pasinger Strasse,25
Pasinger Strasse,26
Pasinger Strasse,27
Pasinger Strasse,28
Pasinger Strasse,29
Pasinger Strasse,30
Pasinger Strasse,31
Pasinger Strasse,32
Pasinger Strasse,33
Pasinger Strasse,34
Paulanerplatz,1
Paulanerplatz,2
Paulanerplatz,3
Paulanerplatz,4
Paulanerplatz,5
Paulanerplatz,6
Paulanerplatz,7
Paulanerplatz,8
Paulanerplatz,9
Paulanerplatz,10
Paulanerplatz,11
Paulanerplatz,12
Paulanerplatz,13
Paulanerplatz,14
Paulanerplatz,15
Paulanerplatz,16
Paulanerplatz,17
Paulanerplatz,18
Paulanerplatz,19
Paulanerplatz,20
Paulanerplatz,21
Paulanerplatz,22
Paulanerplatz,23
Paulanerplatz,24
Paulanerplatz,25
Paulanerplatz,26
Paulanerplatz,27
Paulanerplatz,28
Paulanerplatz,29
Paulanerplatz,30
Paulanerplatz,31
Paulanerplatz,32
Paulanerplatz,33
Paulanerplatz,34
Paulanerplatz,35
Paulanerplatz,36
Paulanerplatz,37
Paulanerplatz,38
Paulanerplatz,39
Paulanerplatz,40
Pechwinkel,1
Pechwinkel,2
Pechwinkel,3
Pechwinkel,4
Pechwinkel,5
Pechwinkel,6
Pechwinkel,7
Pechwinkel,8
Perlacher Weg,1
Perlacher Weg,2
Perlacher Weg,3
Perlacher Weg,4
Perlacher Weg,5
Perlacher Weg,6
Perlacher Weg,7
Perlacher Weg,8
Perlacher Weg,9
Perlacher Weg,10
Perlacher Weg,11
Perlacher Weg,12
Perlacher Weg,13
Perlacher Weg,14
Perlacher Weg,15
Perlacher Weg,16
Perlacher Weg,17
Perlacher Weg,18
Perlacher Weg,19
Perlachweg,1
Perlachweg,2
Perusastrasse,1
Perusastrasse,2
Perusastrasse,3
Perusastrasse,4
Pesenbachstrasse,1
Pesenbachstrasse,2
Pesenbachstrasse,3
Pesenbachstrasse,4
Pesenbachstrasse,5
Petersplatz,1
Petersplatz,2
Petersplatz,3
Petersplatz,4
Petersplatz,5
Petersplatz,6
Petersplatz,7
Petersplatz,8
Petersplatz,9
Petersplatz,10
Petersplatz,11
Petersplatz,12
Pfandhausstrasse,1
Pfandhausstrasse,2
Pfandhausstrasse,3
Pfandhausstrasse,4
Pfandhausstrasse,5
Pfandhausstrasse,6
Pfandhausstrasse,7
Pfandhausstrasse,8
Pfandhausstrasse,9
Pfarrhofstrasse,1
Pfarrhofstrasse,2
Pfarrhofstrasse,3
Pfarrhofstrasse,4
Pfarrhofstrasse,5
Pfarrhofstrasse,6
Pfarrhofstrasse,7
Pfarrhofstrasse,8
Pfarrhofstrasse,9
Pfarrhofstrasse,10
Pfarrstrasse,1
Pfarrstrasse,2
Pfarrstrasse,3
Pfarrstrasse,4
Pfarrstrasse,5
Pfarrstrasse,6
Pfarrweg,1
Pfarrweg,2
Pfarrweg,3
Pfarrweg,4
Pfarrweg,5
Pfarrweg,6
Pfarrweg,7
Pfarrweg,8
Pfarrweg,9
Pfarrweg,10
Pfarrweg,11
Pfisterstrasse,1
Pfisterstrasse,2
Pfisterstrasse,3
Pfisterstrasse,4
Pfisterstrasse,5
Pfisterstrasse,6
Pfisterstrasse,7
Pfisterstrasse,8
Pfisterstrasse,9
Pfisterstrasse,10
Pflugstrasse,1
Pflugstrasse,2
Pflugstrasse,3
Pilgersheimer Strasse,1
Pilgersheimer Strasse,2
Pilgersheimer Strasse,3
Pilgersheimer Strasse,4
Pilgersheimer Strasse,5
Pilgersheimer Strasse,6
Pilgersheimer Strasse,7
Pilgersheimer Strasse,8
Pilgersheimer Strasse,9
Pilgersheimer Strasse,10
Pilgersheimer Strasse,11
Pilgersheimer Strasse,12
Pilgersheimer Strasse,13
Pilgersheimer Strasse,14
Pilgersheimer Strasse,15
Pilgersheimer Strasse,16
Pilgersheimer Strasse,17
Pilgersheimer Strasse,18
Pilgersheimer Strasse,19
Pilgersheimer Strasse,20
Pilgersheimer Strasse,21
Pilgersheimer Strasse,22
Pilgersheimer Strasse,23
Pilgersheimer Strasse,24
Pilgersheimer Strasse,25
Pilgersheimer Strasse,26
Pilgersheimer Strasse,27
Pilgersheimer Strasse,28
Pilotystrasse,1
Pilotystrasse,2
Pilotystrasse,3
Pilotystrasse,4
Pilotystrasse,5
Pilotystrasse,6
Pilotystrasse,7
Pilotystrasse,8
Pilotystrasse,9
Pilotystrasse,10
Pilotystrasse,11
Pilotystrasse,12
Platzl,1
Platzl,2
Platzl,3
Platzl,4
Platzl,5
Platzl,6
Platzl,7
Platzl,8
Platzl,9
Platzl,10
Platzl,11
Platzl,12
Platzl,13
Platzl,14
Platzl,15
Platzl,16
Platzl,17
Platzl,18
Platzl,19
Platzl,20
Platzl,21
Platzl,22
Platzl,23
Platzl,24
Platzl,25
Platzl,26
Platzl,27
Platzl,28
Platzl,29
Platzl,30
Platzl,31
Platzl,32
Platzl,33
Platzl,34
Platzl,35
Platzl,36
Platzl,37
Platzl,38
Platzl,39
Platzl,40
Platzl,41
Platzl,42
Plinganserstrasse,1
Plinganserstrasse,2
Plinganserstrasse,3
Plinganserstrasse,4
Plinganserstrasse,5
Plinganserstrasse,6
Plinganserstrasse,7
Plinganserstrasse,8
Plinganserstrasse,9
Plinganserstrasse,10
Plinganserstrasse,11
Plinganserstrasse,12
Plinganserstrasse,13
Plinganserstrasse,14
Plinganserstrasse,15
Plinganserstrasse,16
Plinganserstrasse,17
Plinganserstrasse,18
Plinganserstrasse,19
Plinganserstrasse,20
Plinganserstrasse,21
Plinganserstrasse,22
Plinganserstrasse,23
Plinganserstrasse,24
Plinganserstrasse,25
Plinganserstrasse,26
Plinganserstrasse,27
Plinganserstrasse,28
Plinganserstrasse,29
Plinganserstrasse,30
Plinganserstrasse,31
Plinganserstrasse,32
Plinganserstrasse,33
Plinganserstrasse,34
Plinganserstrasse,35
Plinganserstrasse,36
Plinganserstrasse,37
Plinganserstrasse,38
Plinganserstrasse,39
Plinganserstrasse,40
Plinganserstrasse,41
Plinganserstrasse,42
Plinganserstrasse,43
Plinganserstrasse,44
Plinganserstrasse,45
Plinganserstrasse,46
Plinganserstrasse,47
Plinganserstrasse,48
Plinganserstrasse,49
Plinganserstrasse,50
Plinganserstrasse,51
Plinganserstrasse,52
Plinganserstrasse,53
Plinganserstrasse,54
Plinganserstrasse,55
Plinganserstrasse,56
Plinganserstrasse,57
Plinganserstrasse,58
Plinganserstrasse,59
Plinganserstrasse,60
Plinganserstrasse,61
Plinganserstrasse,62
Plinganserstrasse,63
Plinganserstrasse,64
Plinganserstrasse,65
Plinganserstrasse,66
Plinganserstrasse,67
Plinganserstrasse,68
Plinganserstrasse,69
Plinganserstrasse,70
Plinganserstrasse,71
Plinganserstrasse,72
Plinganserstrasse,73
Plinganserstrasse,74
Plinganserstrasse,75
Plinganserstrasse,76
Plinganserstrasse,77
Plinganserstrasse,78
Plinganserstrasse,79
Plinganserstrasse,80
Plinganserstrasse,81
Plinganserstrasse,82
Plinganserstrasse,83
Plinganserstrasse,84
Plinganserstrasse,85
Plinganserstrasse,86
Plinganserstrasse,87
Plinganserstrasse,88
Plinganserstrasse,89
Plinganserstrasse,90
Plinganserstrasse,91
Plinganserstrasse,92
Plinganserstrasse,93
Plinganserstrasse,94
Plinganserstrasse,95
Plinganserstrasse,96
Plinganserstrasse,97
Plinganserstrasse,98
Plinganserstrasse,99
Plinganserstrasse,100
Plinganserstrasse,101
Plinganserstrasse,102
Plinganserstrasse,103
Plinganserstrasse,104
Plinganserstrasse,105
Plinganserstrasse,106
Plinganserstrasse,107
Plinganserstrasse,108
Plinganserstrasse,109
Plinganserstrasse,110
Plinganserstrasse,111
Plinganserstrasse,112
Plinganserstrasse,113
Plinganserstrasse,114
Plinganserstrasse,115
Plinganserstrasse,116
Plinganserstrasse,117
Plinganserstrasse,118
Plinganserstrasse,119
Plinganserstrasse,120
Plinganserstrasse,121
Plinganserstrasse,122
Plinganserstrasse,123
Plinganserstrasse,124
Plinganserstrasse,125
Plinganserstrasse,126
Plinganserstrasse,127
Plinganserstrasse,128
Plinganserstrasse,129
Plinganserstrasse,130
Plinganserstrasse,131
Plinganserstrasse,132
Plinganserstrasse,133
Plinganserstrasse,134
Plinganserstrasse,135
Plinganserstrasse,136
Plinganserstrasse,137
Plinganserstrasse,138
Plinganserstrasse,139
Plinganserstrasse,140
Poetschnerstrasse,1
Poetschnerstrasse,2
Poetschnerstrasse,3
Poetschnerstrasse,4
Poetschnerstrasse,5
Poetschnerstrasse,6
Poetschnerstrasse,7
Poetschnerstrasse,8
Poetschnerstrasse,9
Poetschnerstrasse,10
Poetschnerstrasse,11
Prannerstrasse,1
Prannerstrasse,2
Prannerstrasse,3
Prannerstrasse,4
Prannerstrasse,5
Prannerstrasse,6
Prannerstrasse,7
Prannerstrasse,8
Prannerstrasse,9
Prannerstrasse,10
Prannerstrasse,11
Prannerstrasse,12
Prannerstrasse,13
Prannerstrasse,14
Prannerstrasse,15
Prannerstrasse,16
Prannerstrasse,17
Prannerstrasse,18
Prannerstrasse,19
Prannerstrasse,20
Prannerstrasse,21
Prannerstrasse,22
Prannerstrasse,23
Prannerstrasse,24
Prannerstrasse,25
Prannerstrasse,26
Praterstrasse,1
Praterstrasse,2
Praterstrasse,3
Praterstrasse,4
Praterstrasse,5
Praterstrasse,6
Praterstrasse,7
Praterstrasse,8
Praterstrasse,9
Praterstrasse,10
Praterstrasse,11
Praterstrasse,12
Praterstrasse,13
Preysingstrasse,1
Preysingstrasse,2
Preysingstrasse,3
Preysingstrasse,4
Preysingstrasse,5
Preysingstrasse,6
Preysingstrasse,7
Preysingstrasse,8
Preysingstrasse,9
Preysingstrasse,10
Preysingstrasse,11
Preysingstrasse,12
Preysingstrasse,13
Preysingstrasse,14
Preysingstrasse,15
Preysingstrasse,16
Preysingstrasse,17
Preysingstrasse,18
Preysingstrasse,19
Preysingstrasse,20
Preysingstrasse,21
Preysingstrasse,22
Preysingstrasse,23
Preysingstrasse,24
Preysingstrasse,25
Preysingstrasse,26
Preysingstrasse,27
Preysingstrasse,28
Preysingstrasse,29
Preysingstrasse,30
Preysingstrasse,31
Preysingstrasse,32
Preysingstrasse,33
Preysingstrasse,34
Preysingstrasse,35
Preysingstrasse,36
Preysingstrasse,37
Preysingstrasse,38
Preysingstrasse,39
Preysingstrasse,40
Preysingstrasse,41
Preysingstrasse,42
Preysingstrasse,43
Preysingstrasse,44
Preysingstrasse,45
Preysingstrasse,46
Preysingstrasse,47
Preysingstrasse,48
Preysingstrasse,49
Preysingstrasse,50
Preysingstrasse,51
Preysingstrasse,52
Preysingstrasse,53
Preysingstrasse,54
Preysingstrasse,55
Preysingstrasse,56
Preysingstrasse,57
Preysingstrasse,58
Preysingstrasse,59
Preysingstrasse,60
Preysingstrasse,61
Preysingstrasse,62
Preysingstrasse,63
Preysingstrasse,64
Preysingstrasse,65
Preysingstrasse,66
Preysingstrasse,67
Preysingstrasse,68
Preysingstrasse,69
Preysingstrasse,70
Preysingstrasse,71
Preysingstrasse,72
Preysingstrasse,73
Preysingstrasse,74
Preysingstrasse,75
Preysingstrasse,76
Preysingstrasse,77
Preysingstrasse,78
Preysingstrasse,79
Preysingstrasse,80
Priel,1
Priel,2
Priel,3
Priel,4
Priel,5
Priel,6
Priel,7
Priel,8
Priel,9
Priel,10
Priel,11
Priel,12
Prielmayerstrasse,1
Prielmayerstrasse,2
Prielmayerstrasse,3
Prielmayerstrasse,4
Prielmayerstrasse,5
Prielmayerstrasse,6
Prielmayerstrasse,7
Prielmayerstrasse,8
Prielmayerstrasse,9
Prielmayerstrasse,10
Prielmayerstrasse,11
Prielmayerstrasse,12
Prielmayerstrasse,13
Prielmayerstrasse,14
Prielmayerstrasse,15
Prielmayerstrasse,16
Prielmayerstrasse,17
Prielmayerstrasse,18
Prielmayerstrasse,19
Prielmayerstrasse,20
Prielmeiergasse,1
Prielmeiergasse,2
Prielmeiergasse,3
Prinzenstrasse,1
Prinzenstrasse,2
Prinzenstrasse,3
Prinzenstrasse,4
Prinzenstrasse,5
Prinzenstrasse,6
Prinzenstrasse,7
Prinzenstrasse,8
Prinzenstrasse,9
Prinzenstrasse,10
Prinzenstrasse,11
Prinzenstrasse,12
Prinzenstrasse,13
Prinzenstrasse,14
Prinzenstrasse,15
Prinzenstrasse,16
Prinzenstrasse,17
Prinzregentenstrasse,1
Prinzregentenstrasse,2
Prinzregentenstrasse,3
Prinzregentenstrasse,4
Prinzregentenstrasse,5
Prinzregentenstrasse,6
Prinzregentenstrasse,7
Prinzregentenstrasse,8
Prinzregentenstrasse,9
Prinzregentenstrasse,10
Prinzregentenstrasse,11
Prinzregentenstrasse,12
Promenadeplatz,1
Promenadeplatz,2
Promenadeplatz,3
Promenadeplatz,4
Promenadeplatz,5
Promenadeplatz,6
Promenadeplatz,7
Promenadeplatz,8
Promenadeplatz,9
Promenadeplatz,10
Promenadeplatz,11
Promenadeplatz,12
Promenadeplatz,13
Promenadeplatz,14
Promenadeplatz,15
Promenadeplatz,16
Promenadeplatz,17
Promenadeplatz,18
Promenadeplatz,19
Promenadeplatz,20
Promenadeplatz,21
Promenadeplatz,22
Promenadeplatz,23
Promenadeplatz,24
Promenadeplatz,25
Promenadeplatz,26
Promenadeplatz,27
Promenadeplatz,28
Promenadeplatz,29
Promenadeplatz,30
Promenadeplatz,31
Promenadeplatz,32
Promenadeplatz,33
Promenadeplatz,34
Promenadeplatz,35
Promenadeplatz,36
Promenadeplatz,37
Promenadeplatz,38
Promenadeplatz,39
Promenadeplatz,40
Promenadeplatz,41
Promenadeplatz,42
Promenadeplatz,43
Promenadeplatz,44
Promenadeplatz,45
Promenadeplatz,46
Promenadeplatz,47
Promenadeplatz,48
Promenadeplatz,49
Promenadeplatz,50
Promenadeplatz,51
Promenadeplatz,52
Promenadeplatz,53
Promenadeplatz,54
Promenadeplatz,55
Promenadeplatz,56
Promenadeplatz,57
Promenadeplatz,58
Promenadeplatz,59
Promenadeplatz,60
Promenadeplatz,61
Promenadeplatz,62
Promenadeplatz,63
Promenadeplatz,64
Promenadeplatz,65
Promenadeplatz,66
Promenadeplatz,67
Promenadeplatz,68
Promenadeplatz,69
Promenadeplatz,70
Promenadeplatz,71
Promenadeplatz,72
Promenadeplatz,73
Promenadeplatz,74
Promenadeplatz,75
Promenadeplatz,76
Promenadeplatz,77
Promenadeplatz,78
Promenadeplatz,79
Promenadeplatz,80
Promenadeplatz,81
Promenadeplatz,82
Promenadeplatz,83
Promenadeplatz,84
Promenadeplatz,85
Promenadeplatz,86
Promenadeplatz,87
Promenadeplatz,88
Promenadeplatz,89
Promenadeplatz,90
Promenadeplatz,91
Promenadestrasse,1
Promenadestrasse,2
Promenadestrasse,3
Promenadestrasse,4
Promenadestrasse,5
Promenadestrasse,6
Promenadestrasse,7
Promenadestrasse,8
Promenadestrasse,9
Promenadestrasse,10
Promenadestrasse,11
Promenadestrasse,12
Promenadestrasse,13
Promenadestrasse,14
Promenadestrasse,15
Promenadestrasse,16
Promenadestrasse,17
Promenadestrasse,18
Promenadestrasse,19
Promenadestrasse,20
Promenadestrasse,21
Promenadestrasse,22
Promenadestrasse,23
Promenadestrasse,24
Promenadestrasse,25
Promenadestrasse,26
Promenadestrasse,27
Promenadestrasse,28
Promenadestrasse,29
Promenadestrasse,30
Promenadestrasse,31
Promenadestrasse,32
Promenadestrasse,33
Promenadestrasse,34
Promenadestrasse,35
Promenadestrasse,36
Promenadestrasse,37
Promenadestrasse,38
Promenadestrasse,39
Promenadestrasse,40
Promenadestrasse,41
Promenadestrasse,42
Promenadestrasse,43
Puetrichstrasse,1
Puetrichstrasse,2
Puetrichstrasse,3
Puetrichstrasse,4
Puetrichstrasse,5
Puetrichstrasse,6
Puetrichstrasse,7
Puetrichstrasse,8
Quaistrasse,1
Quaistrasse,2
Quaistrasse,3
Quaistrasse,4
Quaistrasse,5
Quaistrasse,6
Quaistrasse,7
Quaistrasse,8
Quellenstrasse,1
Quellenstrasse,2
Quellenstrasse,3
Quellenstrasse,4
Quellenstrasse,5
Quellenstrasse,6
Quellenstrasse,7
Quellenstrasse,8
Quellenstrasse,9
Quellenstrasse,10
Quellenstrasse,11
Quellenstrasse,12
Quellenstrasse,13
Quellenstrasse,14
Quellenstrasse,15
Quellenstrasse,16
Quellenstrasse,17
Quellenstrasse,18
Quellenstrasse,19
Quellenstrasse,20
Quellenstrasse,21
Quellenstrasse,22
Quellenstrasse,23
Quellenstrasse,24
Quellenstrasse,25
Quellenstrasse,26
Quellenstrasse,27
Quellenstrasse,28
Quellenstrasse,29
Quellenstrasse,30
Quellenstrasse,31
Quellenstrasse,32
Quellenstrasse,33
Quellenstrasse,34
Quellenstrasse,35
Quellenstrasse,36
Quellenstrasse,37
Quellenstrasse,38
Quellenstrasse,39
Quellenstrasse,40
Quellenstrasse,41
Quellenstrasse,42
Quellenstrasse,43
Quellenstrasse,44
Quellenstrasse,45
Quellenstrasse,46
Quellenstrasse,47
Quellenstrasse,48
Quellenstrasse,49
Quellenstrasse,50
Quellenstrasse,51
Quellenstrasse,52
Quellenstrasse,53
Quellenstrasse,54
Quellenstrasse,55
Quellenstrasse,56
Quellenstrasse,57
Quellenstrasse,58
Quellenstrasse,59
Quellenstrasse,60
Quellenstrasse,61
Quellenstrasse,62
Quellenstrasse,63
Quellenstrasse,64
Quellenstrasse,65
Quellenstrasse,66
Quellenstrasse,67
Quellenstrasse,68
Quellenstrasse,69
Quellenstrasse,70
Quellenstrasse,71
Radl###eg,1
Radlsteg,1
Radlsteg,2
Radlsteg,3
Rambergstrasse,1
Rambergstrasse,2
Rambergstrasse,3
Rambergstrasse,4
Rambergstrasse,5
Rambergstrasse,6
Rambergstrasse,7
Ramersdorf,1
Ramersdorf,2
Ramersdorf,3
Ramersdorf,4
Ramersdorf,5
Ramersdorf,6
Ramersdorf,7
Ramersdorf,8
Ramersdorf,9
Ramersdorf,10
Ramersdorf,11
Ramersdorf,12
Ramersdorf,13
Ramersdorf,14
Ramersdorf,15
Ramersdorf,16
Ramersdorf,17
Ramersdorf,18
Ramersdorf,19
Ramersdorf,20
Ramersdorf,21
Ramersdorf,22
Ramersdorf,23
Ramersdorf,24
Ramersdorf,25
Ramersdorf,26
Ramersdorf,27
Ramersdorf,28
Ramersdorf,29
Ramersdorf,30
Ramersdorf,31
Ramersdorf,32
Ramersdorf,33
Ramersdorf,34
Ramersdorf,35
Ramersdorf,36
Ramersdorf,37
Ramersdorf,38
Ramersdorf,39
Ramersdorf,40
Ramersdorf,41
Ramersdorf,42
Ramersdorf,43
Ramersdorf,44
Ramersdorfer Feldweg,1
Ramersdorfer Feldweg,2
Ramersdorfer Feldweg,3
Ramersdorfer Feldweg,4
Ramersdorfer Feldweg,5
Ramersdorfer Feldweg,6
Ramersdorfer Feldweg,7
Ramersdorfer Feldweg,8
Ramersdorfer Feldweg,9
Ramersdorfer Feldweg,10
Ramersdorfer Feldweg,11
Ramersdorfer Feldweg,12
Ramersdorfer Feldweg,13
Ramersdorfer Feldweg,14
Ramersdorfer Feldweg,15
Ramersdorfer Feldweg,16
Ramersdorfer Feldweg,17
Ramersdorfer Feldweg,18
Ramersdorfer Feldweg,19
Ramersdorfer Feldweg,20
Ramersdorfer Feldweg,21
Ramersdorfer Feldweg,22
Ramersdorfer Feldweg,23
Ramersdorfer Feldweg,24
Ramersdorfer Feldweg,25
Ramersdorfer Feldweg,26
Ramersdorfer Feldweg,27
Ramersdorfer Feldweg,28
Ramersdorfer Feldweg,29
Ramersdorfer Feldweg,30
Ramersdorfer Feldweg,31
Ramersdorfer Feldweg,32
Ramersdorfer Feldweg,33
Ramersdorfer Feldweg,34
Ramersdorfer Feldweg,35
Ramersdorfer Feldweg,36
Ramersdorfer Feldweg,37
Ramersdorfer Feldweg,38
Ramersdorfer Feldweg,39
Ramersdorfer Feldweg,40
Ramersdorfer Lueften,1
Ramersdorfer Lueften,2
Ramersdorfer Lueften,3
Ramersdorfer Lueften,4
Ramersdorfer Lueften,5
Ramersdorfer Lueften,6
Ramersdorfer Lueften,7
Ramersdorfer Lueften,8
Ramersdorfer Lueften,9
Ramersdorfer Lueften,10
Ramersdorfer Lueften,11
Ramersdorfer Lueften,12
Ramersdorfer Lueften,13
Ramersdorfer Lueften,14
Ramersdorfer Lueften,15
Ramersdorfer Lueften,16
Ramersdorfer Lueften,17
Ramersdorfer Lueften,18
Ramersdorfer Lueften,19
Ramersdorfer Lueften,20
Ramersdorfer Lueften,21
Ramersdorfer Lueften,22
Ramersdorfer Lueften,23
Ramersdorfer Lueften,24
Ramersdorfer Lueften,25
Ramersdorfer Lueften,26
Ramersdorfer Lueften,27
Ramersdorfer Lueften,28
Ramersdorfer Lueften,29
Ramersdorfer Lueften,30
Ramersdorfer Lueften,31
Ramersdorfer Lueften,32
Ramersdorfer Lueften,33
Ramersdorfer Lueften,34
Ramersdorfer Lueften,35
Ramersdorfer Lueften,36
Ramersdorfer Lueften,37
Ramersdorfer Lueften,38
Ramersdorfer Lueften,39
Ramersdorfer Lueften,40
Reichenbachstrasse,1
Reichenbachstrasse,2
Reichenbachstrasse,3
Reichenbachstrasse,4
Reichenbachstrasse,5
Reichenbachstrasse,6
Reichenbachstrasse,7
Reichenbachstrasse,8
Reichenbachstrasse,9
Reichenbachstrasse,10
Reichenbachstrasse,11
Reichenbachstrasse,12
Reichenbachstrasse,13
Reichenbachstrasse,14
Reichenbachstrasse,15
Reichenbachstrasse,16
Reichenbachstrasse,17
Reichenbachstrasse,18
Reichenbachstrasse,19
Reichenbachstrasse,20
Reichenbachstrasse,21
Reichenbachstrasse,22
Reichenbachstrasse,23
Reichenbachstrasse,24
Reichenbachstrasse,25
Reichenbachstrasse,26
Reichenbachstrasse,27
Reichenbachstrasse,28
Reichenbachstrasse,29
Reichenbachstrasse,30
Reichenbachstrasse,31
Reichenbachstrasse,32
Reichenbachstrasse,33
Reichenbachstrasse,34
Reichenbachstrasse,35
Reichenbachstrasse,36
Reichenbachstrasse,37
Reichenbachstrasse,38
Reichenbachstrasse,39
Reichenbachstrasse,40
Reichenbachstrasse,41
Renatastrasse,1
Renatastrasse,2
Renatastrasse,3
Renatastrasse,4
Renatastrasse,5
Renatastrasse,6
Renatastrasse,7
Renatastrasse,8
Renatastrasse,9
Renatastrasse,10
Renatastrasse,11
Renatastrasse,12
Renatastrasse,13
Renatastrasse,14
Rengeweg,1
Rengeweg,2
Rengeweg,3
Rengeweg,4
Rengeweg,5
Rengeweg,6
Rengeweg,7
Rengeweg,8
Rengeweg,9
Rengeweg,10
Rengeweg,11
Rengeweg,12
Rengeweg,13
Rengeweg,14
Rengeweg,15
Rennbahnstrasse,1
Rennbahnstrasse,2
Rennbahnstrasse,3
Rennbahnstrasse,4
Rennbahnstrasse,5
Rennbahnstrasse,6
Rennbahnstrasse,7
Rennbahnstrasse,8
Rennbahnstrasse,9
Rennbahnstrasse,10
Rennbahnstrasse,11
Residenzstrasse,1
Residenzstrasse,2
Residenzstrasse,3
Residenzstrasse,4
Residenzstrasse,5
Residenzstrasse,6
Residenzstrasse,7
Residenzstrasse,8
Residenzstrasse,9
Residenzstrasse,10
Residenzstrasse,11
Residenzstrasse,12
Residenzstrasse,13
Residenzstrasse,14
Residenzstrasse,15
Residenzstrasse,16
Residenzstrasse,17
Residenzstrasse,18
Residenzstrasse,19
Residenzstrasse,20
Residenzstrasse,21
Residenzstrasse,22
Residenzstrasse,23
Residenzstrasse,24
Residenzstrasse,25
Residenzstrasse,26
Residenzstrasse,27
Riedlstrasse,1
Riedlstrasse,2
Riedlstrasse,3
Riedlstrasse,4
Riedlstrasse,5
Riedlstrasse,6
Riesenfeld,1
Riesenfeld,2
Riesenfeld,3
Riesenfeld,4
Riesenfeldplatz,1
Riesenfeldplatz,2
Riesenfeldplatz,3
Riesenfeldplatz,4
Riesenfeldplatz,5
Riesenfeldplatz,6
Riesenfeldplatz,7
Riesenfeldplatz,8
Riesenfeldplatz,9
Riesenfeldplatz,10
Riesenfeldstrasse,1
Riesenfeldstrasse,2
Riesenfeldstrasse,3
Riesenfeldstrasse,4
Riesenfeldstrasse,5
Riesenfeldstrasse,6
Riesenfeldstrasse,7
Riesenfeldstrasse,8
Riesenfeldstrasse,9
Riesenfeldstrasse,10
Riesenfeldstrasse,11
Riesenfeldstrasse,12
Riesenfeldstrasse,13
Riesenfeldstrasse,14
Riesenfeldstrasse,15
Riesenfeldstrasse,16
Riesenfeldstrasse,17
Riesenfeldstrasse,18
Riesenfeldstrasse,19
Riesenfeldstrasse,20
Riesenfeldstrasse,21
Riesenfeldstrasse,22
Riesenfeldstrasse,23
Riesenfeldstrasse,24
Riesenfeldstrasse,25
Riesenfeldstrasse,26
Riesenfeldstrasse,27
Riesenfeldstrasse,28
Riesenfeldstrasse,29
Riesenfeldstrasse,30
Rindermarkt,1
Rindermarkt,2
Rindermarkt,3
Rindermarkt,4
Rindermarkt,5
Rindermarkt,6
Rindermarkt,7
Rindermarkt,8
Rindermarkt,9
Rindermarkt,10
Rindermarkt,11
Rindermarkt,12
Rindermarkt,13
Rindermarkt,14
Rindermarkt,15
Rindermarkt,16
Rindermarkt,17
Rindermarkt,18
Rindermarkt,19
Rindermarkt,20
Rindermarkt,21
Rindermarkt,22
Rindermarkt,23
Ringseisstrasse,1
Ringseisstrasse,2
Ringseisstrasse,3
Ringseisstrasse,4
Ringseisstrasse,5
Ringseisstrasse,6
Ringseisstrasse,7
Ringseisstrasse,8
Ringseisstrasse,9
Ringseisstrasse,10
Ringseisstrasse,11
Ringseisstrasse,12
Ringseisstrasse,13
Ringseisstrasse,14
Ringstrasse,1
Ringstrasse,2
Ringstrasse,3
Ringstrasse,4
Ringstrasse,5
Ringstrasse,6
Ringstrasse,7
Ringstrasse,8
Ringstrasse,9
Ringstrasse,10
Ringstrasse,11
Ringstrasse,12
Ringstrasse,13
Ringstrasse,14
Ringstrasse,15
Ringstrasse,16
Ringstrasse,17
Ringstrasse,18
Ringstrasse,19
Ringstrasse,20
Ringstrasse,21
Ringstrasse,22
Ringstrasse,23
Ringstrasse,24
Ringstrasse,25
Ringstrasse,26
Ringstrasse,27
Ringstrasse,28
Ripflstrasse,1
Ripflstrasse,2
Ripflstrasse,3
Ripflstrasse,4
Ripflstrasse,5
Ripflstrasse,6
Ripflstrasse,7
Ripflstrasse,8
Ripflstrasse,9
Ripflstrasse,10
Ripflstrasse,11
Ripflstrasse,12
Ripflstrasse,13
Ripflstrasse,14
Ripflstrasse,15
Ripflstrasse,16
Ripflstrasse,17
Ripflstrasse,18
Ripflstrasse,19
Ripflstrasse,20
Ripflstrasse,21
Ripflstrasse,22
Ripflstrasse,23
Ripflstrasse,24
Ripflstrasse,25
Ripflstrasse,26
Ripflstrasse,27
Ripflstrasse,28
Ripflstrasse,29
Ripflstrasse,30
Ripflstrasse,31
Ripflstrasse,32
Ripflstrasse,33
Ripflstrasse,34
Ripflstrasse,35
Ripflstrasse,36
Ripflstrasse,37
Ripflstrasse,38
Ripflstrasse,39
Ripflstrasse,40
Ripflstrasse,41
Ripflstrasse,42
Ripflstrasse,43
Ripflstrasse,44
Ripflstrasse,45
Ripflstrasse,46
Ripflstrasse,47
Ripflstrasse,48
Ripflstrasse,49
Ripflstrasse,50
Ripflstrasse,51
Ripflstrasse,52
Ripflstrasse,53
Ripflstrasse,54
Ripflstrasse,55
Ripflstrasse,56
Ripflstrasse,57
Ripflstrasse,58
Ripflstrasse,59
Ripflstrasse,60
Ripflstrasse,61
Ripflstrasse,62
Ripflstrasse,63
Ripflstrasse,64
Ripflstrasse,65
Ripflstrasse,66
Ripflstrasse,67
Ripflstrasse,68
Ripflstrasse,69
Ripflstrasse,70
Ripflstrasse,71
Ripflstrasse,72
Ripflstrasse,73
Ripflstrasse,74
Ripflstrasse,75
Ripflstrasse,76
Ripflstrasse,77
Ripflstrasse,78
Ripflstrasse,79
Ripflstrasse,80
Ripflstrasse,81
Ripflstrasse,82
Ripflstrasse,83
Ripflstrasse,84
Ripflstrasse,85
Ripflstrasse,86
Ripflstrasse,87
Ripflstrasse,88
Ripflstrasse,89
Ripflstrasse,90
Ripflstrasse,91
Ripflstrasse,92
Ripflstrasse,93
Ripflstrasse,94
Ripflstrasse,95
Ripflstrasse,96
Ripflstrasse,97
Ripflstrasse,98
Ripflstrasse,99
Ripflstrasse,100
Ripflstrasse,101
Ripflstrasse,102
Ripflstrasse,103
Ripflstrasse,104
Ripflstrasse,105
Ripflstrasse,106
Ripflstrasse,107
Ripflstrasse,108
Ripflstrasse,109
Ripflstrasse,110
Ripflstrasse,111
Ripflstrasse,112
Ripflstrasse,113
Ripflstrasse,114
Ripflstrasse,115
Ripflstrasse,116
Ripflstrasse,117
Ripflstrasse,118
Ripflstrasse,119
Ripflstrasse,120
Ripflstrasse,121
Ripflstrasse,122
Ripflstrasse,123
Ripflstrasse,124
Ripflstrasse,125
Ripflstrasse,126
Ripflstrasse,127
Ripflstrasse,128
Ripflstrasse,129
Ripflstrasse,130
Ripflstrasse,131
Ripflstrasse,132
Ripflstrasse,133
Ripflstrasse,134
Ripflstrasse,135
Ripflstrasse,136
Ripflstrasse,137
Ripflstrasse,138
Ripflstrasse,139
Ripflstrasse,140
Ripflstrasse,141
Ripflstrasse,142
Ripflstrasse,143
Ripflstrasse,144
Ripflstrasse,145
Ripflstrasse,146
Ripflstrasse,147
Ripflstrasse,148
Ripflstrasse,149
Ripflstrasse,150
Ripflstrasse,151
Ripflstrasse,152
Ripflstrasse,153
Ripflstrasse,154
Ripflstrasse,155
Ripflstrasse,156
Ripflstrasse,157
Ripflstrasse,158
Ripflstrasse,159
Ripflstrasse,160
Ripflstrasse,161
Ripflstrasse,162
Ripflstrasse,163
Ripflstrasse,164
Ripflstrasse,165
Ripflstrasse,166
Ripflstrasse,167
Ripflstrasse,168
Ripflstrasse,169
Ripflstrasse,170
Ripflstrasse,171
Ripflstrasse,172
Ripflstrasse,173
Ripflstrasse,174
Ripflstrasse,175
Ripflstrasse,176
Ripflstrasse,177
Ripflstrasse,178
Ripflstrasse,179
Ripflstrasse,180
Ripflstrasse,181
Ripflstrasse,182
Ripflstrasse,183
Ripflstrasse,184
Ripflstrasse,185
Ripflstrasse,186
Ripflstrasse,187
Ripflstrasse,188
Ripflstrasse,189
Ripflstrasse,190
Ripflstrasse,191
Ripflstrasse,192
Ripflstrasse,193
Ripflstrasse,194
Ripflstrasse,195
Ripflstrasse,196
Ripflstrasse,197
Ripflstrasse,198
Ripflstrasse,199
Rochusberg,1
Rochusberg,2
Rochusberg,3
Rochusberg,4
Rochusberg,5
Rochusberg,6
Rochusberg,7
Rochusberg,8
Rochusberg,9
Rochusberg,10
Rochusstrasse,1
Rochusstrasse,2
Rochusstrasse,3
Rochusstrasse,4
Rochusstrasse,5
Rochusstrasse,6
Roemerstrasse,1
Roemerstrasse,2
Roemerstrasse,3
Roemerstrasse,4
Roemerstrasse,5
Roemerstrasse,6
Roemerstrasse,7
Roemerstrasse,8
Roemerstrasse,9
Roemerstrasse,10
Roemerstrasse,11
Roemerstrasse,12
Roemerstrasse,13
Roemerstrasse,14
Roemerstrasse,15
Roemerstrasse,16
Roemerstrasse,17
Roemerstrasse,18
Roemerstrasse,19
Roemerstrasse,20
Roemerstrasse,21
Roemerstrasse,22
Roemerstrasse,23
Roemerstrasse,24
Roemerstrasse,25
Roemerstrasse,26
Roemerstrasse,27
Roemerstrasse,28
Roemerstrasse,29
Roemerstrasse,30
Roemerstrasse,31
Roemerstrasse,32
Roemerstrasse,33
Roemerstrasse,34
Roemerstrasse,35
Roemerstrasse,36
Roemerstrasse,37
Roemerstrasse,38
Roemerstrasse,39
Roemerstrasse,40
Roemerstrasse,41
Roemerstrasse,42
Roemerstrasse,43
Roemerstrasse,44
Roemerstrasse,45
Roemerstrasse,46
Romanstrasse,1
Romanstrasse,2
Romanstrasse,3
Romanstrasse,4
Romanstrasse,5
Romanstrasse,6
Romanstrasse,7
Romanstrasse,8
Romanstrasse,9
Romanstrasse,10
Romanstrasse,11
Romanstrasse,12
Romanstrasse,13
Romanstrasse,14
Romanstrasse,15
Romanstrasse,16
Romanstrasse,17
Romanstrasse,18
Romanstrasse,19
Romanstrasse,20
Romanstrasse,21
Romanstrasse,22
Romanstrasse,23
Romanstrasse,24
Romanstrasse,25
Romanstrasse,26
Romanstrasse,27
Romanstrasse,28
Romanstrasse,29
Romanstrasse,30
Romanstrasse,31
Romanstrasse,32
Romanstrasse,33
Romanstrasse,34
Romanstrasse,35
Romanstrasse,36
Romanstrasse,37
Romanstrasse,38
Romanstrasse,39
Romanstrasse,40
Romanstrasse,41
Romanstrasse,42
Romanstrasse,43
Romanstrasse,44
Romanstrasse,45
Romanstrasse,46
Romanstrasse,47
Romanstrasse,48
Romanstrasse,49
Romanstrasse,50
Romanstrasse,51
Romanstrasse,52
Romanstrasse,53
Romanstrasse,54
Romanstrasse,55
Romanstrasse,56
Rondell Neuwittelsbach,1
Rondell Neuwittelsbach,2
Rondell Neuwittelsbach,3
Rondell Neuwittelsbach,4
Rondell Neuwittelsbach,5
Rondell Neuwittelsbach,6
Rondell Neuwittelsbach,7
Rondell Neuwittelsbach,8
Rosenbuschstrasse,1
Rosenbuschstrasse,2
Rosenbuschstrasse,3
Rosenbuschstrasse,4
Rosenbuschstrasse,5
Rosenbuschstrasse,6
Rosenheimer Strasse,1
Rosenheimer Strasse,2
Rosenheimer Strasse,3
Rosenheimer Strasse,4
Rosenheimer Strasse,5
Rosenheimer Strasse,6
Rosenheimer Strasse,7
Rosenheimer Strasse,8
Rosenheimer Strasse,9
Rosenheimer Strasse,10
Rosenheimer Strasse,11
Rosenheimer Strasse,12
Rosenheimer Strasse,13
Rosenheimer Strasse,14
Rosenheimer Strasse,15
Rosenheimer Strasse,16
Rosenheimer Strasse,17
Rosenheimer Strasse,18
Rosenheimer Strasse,19
Rosenheimer Strasse,20
Rosenheimer Strasse,21
Rosenheimer Strasse,22
Rosenheimer Strasse,23
Rosenheimer Strasse,24
Rosenheimer Strasse,25
Rosenheimer Strasse,26
Rosenheimer Strasse,27
Rosenheimer Strasse,28
Rosenheimer Strasse,29
Rosenheimer Strasse,30
Rosenheimer Strasse,31
Rosenheimer Strasse,32
Rosenheimer Strasse,33
Rosenheimer Strasse,34
Rosenheimer Strasse,35
Rosenheimer Strasse,36
Rosenheimer Strasse,37
Rosenheimer Strasse,38
Rosenheimer Strasse,39
Rosenheimer Strasse,40
Rosenheimer Strasse,41
Rosenheimer Strasse,42
Rosenheimer Strasse,43
Rosenheimer Strasse,44
Rosenheimer Strasse,45
Rosenheimer Strasse,46
Rosenheimer Strasse,47
Rosenheimer Strasse,48
Rosenheimer Strasse,49
Rosenheimer Strasse,50
Rosenheimer Strasse,51
Rosenheimer Strasse,52
Rosenheimer Strasse,53
Rosenheimer Strasse,54
Rosenheimer Strasse,55
Rosenheimer Strasse,56
Rosenheimer Strasse,57
Rosenheimer Strasse,58
Rosenheimer Strasse,59
Rosenheimer Strasse,60
Rosenheimer Strasse,61
Rosenheimer Strasse,62
Rosenheimer Strasse,63
Rosenheimer Strasse,64
Rosenheimer Strasse,65
Rosenheimer Strasse,66
Rosenheimer Strasse,67
Rosenheimer Strasse,68
Rosenheimer Strasse,69
Rosenheimer Strasse,70
Rosenheimer Strasse,71
Rosenheimer Strasse,72
Rosenheimer Strasse,73
Rosenheimer Strasse,74
Rosenheimer Strasse,75
Rosenheimer Strasse,76
Rosenheimer Strasse,77
Rosenheimer Strasse,78
Rosenheimer Strasse,79
Rosenheimer Strasse,80
Rosenheimer Strasse,81
Rosenheimer Strasse,82
Rosenheimer Strasse,83
Rosenheimer Strasse,84
Rosenheimer Strasse,85
Rosenheimer Strasse,86
Rosenheimer Strasse,87
Rosenheimer Strasse,88
Rosenheimer Strasse,89
Rosenheimer Strasse,90
Rosenheimer Strasse,91
Rosenheimer Strasse,92
Rosenheimer Strasse,93
Rosenheimer Strasse,94
Rosenheimer Strasse,95
Rosenheimer Strasse,96
Rosenheimer Strasse,97
Rosenheimer Strasse,98
Rosenheimer Strasse,99
Rosenheimer Strasse,100
Rosenheimer Strasse,101
Rosenheimer Strasse,102
Rosenheimer Strasse,103
Rosenheimer Strasse,104
Rosenheimer Strasse,105
Rosenheimer Strasse,106
Rosenheimer Strasse,107
Rosenheimer Strasse,108
Rosenheimer Strasse,109
Rosenheimer Strasse,110
Rosenheimer Strasse,111
Rosenheimer Strasse,112
Rosenheimer Strasse,113
Rosenheimer Strasse,114
Rosenheimer Strasse,115
Rosenheimer Strasse,116
Rosenheimer Strasse,117
Rosenheimer Strasse,118
Rosenheimer Strasse,119
Rosenheimer Strasse,120
Rosenheimer Strasse,121
Rosenheimer Strasse,122
Rosenheimer Strasse,123
Rosenheimer Strasse,124
Rosenheimer Strasse,125
Rosenheimer Strasse,126
Rosenheimer Strasse,127
Rosenheimer Strasse,128
Rosenheimer Strasse,129
Rosenheimer Strasse,130
Rosenheimer Strasse,131
Rosenheimer Strasse,132
Rosenheimer Strasse,133
Rosenheimer Strasse,134
Rosenheimer Strasse,135
Rosenheimer Strasse,136
Rosenheimer Strasse,137
Rosenheimer Strasse,138
Rosenheimer Strasse,139
Rosenheimer Strasse,140
Rosenheimer Strasse,141
Rosenheimer Strasse,142
Rosenheimer Strasse,143
Rosenheimer Strasse,144
Rosenheimer Strasse,145
Rosenheimer Strasse,146
Rosenheimer Strasse,147
Rosenheimer Strasse,148
Rosenheimer Strasse,149
Rosenheimer Strasse,150
Rosenheimer Strasse,151
Rosenheimer Strasse,152
Rosenheimer Strasse,153
Rosenheimer Strasse,154
Rosenheimer Strasse,155
Rosenheimer Strasse,156
Rosenheimer Strasse,157
Rosenheimer Strasse,158
Rosenheimer Strasse,159
Rosenheimer Strasse,160
Rosenheimer Strasse,161
Rosenheimer Strasse,162
Rosenheimer Strasse,163
Rosenheimer Strasse,164
Rosenheimer Strasse,165
Rosenheimer Strasse,166
Rosenheimer Strasse,167
Rosenheimer Strasse,168
Rosenheimer Strasse,169
Rosenheimer Strasse,170
Rosenheimer Strasse,171
Rosenheimer Strasse,172
Rosenheimer Strasse,173
Rosenheimer Strasse,174
Rosenheimer Strasse,175
Rosenstrasse,1
Rosenstrasse,2
Rosenstrasse,3
Rosenstrasse,4
Rosenstrasse,5
Rosenstrasse,6
Rosenstrasse,7
Rosenstrasse,8
Rosenstrasse,9
Rosenstrasse,10
Rosenstrasse,11
Rosenstrasse,12
Rosenstrasse,13
Rosental,1
Rosental,2
Rosental,3
Rosental,4
Rosental,5
Rosental,6
Rosental,7
Rosental,8
Rosental,9
Rosental,10
Rosental,11
Rosental,12
Rosental,13
Rosental,14
Rosental,15
Rosental,16
Rosental,17
Rosental,18
Rosental,19
Rosental,20
Rosental,21
Rossschwemme,1
Rossschwemme,2
Rossschwemme,3
Rossschwemme,4
Rossschwemme,5
Rothmundstrasse,1
Rottawstrasse,1
Rottawstrasse,2
Rottawstrasse,3
Rottawstrasse,4
Rottawstrasse,5
Rottawstrasse,6
Rottawstrasse,7
Rottawstrasse,8
Rottawstrasse,9
Rottawstrasse,10
Rottawstrasse,11
Rottawstrasse,12
Rottawstrasse,13
Rottawstrasse,14
Rottawstrasse,15
Rottawstrasse,16
Rottawstrasse,17
Rottmannstrasse,1
Rottmannstrasse,2
Rottmannstrasse,3
Rottmannstrasse,4
Rottmannstrasse,5
Rottmannstrasse,6
Rottmannstrasse,7
Rottmannstrasse,8
Rottmannstrasse,9
Rottmannstrasse,10
Rottmannstrasse,11
Rottmannstrasse,12
Rottmannstrasse,13
Rottmannstrasse,14
Rottmannstrasse,15
Rottmannstrasse,16
Rottmannstrasse,17
Rottmannstrasse,18
Rottmannstrasse,19
Rottmannstrasse,20
Rottmannstrasse,21
Rottmannstrasse,22
Rottmannstrasse,23
Rottmannstrasse,24
Rottmannstrasse,25
Rottmannstrasse,26
Rueckertstrasse,1
Rueckertstrasse,2
Ruffinistrasse,1
Ruffinistrasse,2
Ruffinistrasse,3
Ruffinistrasse,4
Ruhestrasse,1
Ruhestrasse,2
Ruhestrasse,3
Ruhestrasse,4
Ruhestrasse,5
Ruhestrasse,6
Ruhestrasse,7
Ruhestrasse,8
Ruhestrasse,9
Ruhestrasse,10
Ruhestrasse,11
Ruhestrasse,12
Ruhestrasse,13
Ruhestrasse,14
Ruhestrasse,15
Rumfordstrasse,1
Rumfordstrasse,2
Rumfordstrasse,3
Rumfordstrasse,4
Rumfordstrasse,5
Rumfordstrasse,6
Rumfordstrasse,7
Rumfordstrasse,8
Rumfordstrasse,9
Rumfordstrasse,10
Rumfordstrasse,11
Rumfordstrasse,12
Rumfordstrasse,13
Rumfordstrasse,14
Rumfordstrasse,15
Rumfordstrasse,16
Rumfordstrasse,17
Rumfordstrasse,18
Rumfordstrasse,19
Rumfordstrasse,20
Rumfordstrasse,21
Rumfordstrasse,22
Rumfordstrasse,23
Rumfordstrasse,24
Rumfordstrasse,25
Rumfordstrasse,26
Rumfordstrasse,27
Rumfordstrasse,28
Rumfordstrasse,29
Rumfordstrasse,30
Rumfordstrasse,31
Rumfordstrasse,32
Rumfordstrasse,33
Rumfordstrasse,34
Rumfordstrasse,35
Rumfordstrasse,36
Rumfordstrasse,37
Rumfordstrasse,38
Rumfordstrasse,39
Rumfordstrasse,40
Rumfordstrasse,41
Rumfordstrasse,42
Rumfordstrasse,43
Rumfordstrasse,44
Rumfordstrasse,45
Rumfordstrasse,46
Rumfordstrasse,47
Rumfordstrasse,48
Rupprechtstrasse,1
Rupprechtstrasse,2
Rupprechtstrasse,3
Rupprechtstrasse,4
Rupprechtstrasse,5
Rupprechtstrasse,6
Rupprechtstrasse,7
Rupprechtstrasse,8
Rupprechtstrasse,9
Rupprechtstrasse,10
Rupprechtstrasse,11
Rupprechtstrasse,12
Rupprechtstrasse,13
Rupprechtstrasse,14
Rupprechtstrasse,15
Rupprechtstrasse,16
Saeggasse,1
Saeggasse,2
Saeggasse,3
Saeggasse,4
Saeggasse,5
Saeggasse,6
Saeggasse,7
Saegstrasse,1
Saegstrasse,2
Saegstrasse,3
Saegstrasse,4
Saegstrasse,5
Saegstrasse,6
Saegstrasse,7
Salpeterstrasse,1
Salvatorplatz,1
Salvatorplatz,2
Salvatorplatz,3
Salvatorplatz,4
Salvatorstrasse,1
Salvatorstrasse,2
Salvatorstrasse,3
Salvatorstrasse,4
Salvatorstrasse,5
Salvatorstrasse,6
Salvatorstrasse,7
Salvatorstrasse,8
Salvatorstrasse,9
Salvatorstrasse,10
Salvatorstrasse,11
Salvatorstrasse,12
Salvatorstrasse,13
Salvatorstrasse,14
Salvatorstrasse,15
Salvatorstrasse,16
Salvatorstrasse,17
Salvatorstrasse,18
Salvatorstrasse,19
Salvatorstrasse,20
Salvatorstrasse,21
Salvatorstrasse,22
Salvatorstrasse,23
Salvatorstrasse,24
Salvatorstrasse,25
Salzstrasse,1
Salzstrasse,2
Salzstrasse,3
Salzstrasse,4
Salzstrasse,5
Salzstrasse,6
Salzstrasse,7
Salzstrasse,8
Salzstrasse,9
Salzstrasse,10
Salzstrasse,11
Salzstrasse,12
Salzstrasse,13
Salzstrasse,14
Salzstrasse,15
Salzstrasse,16
Salzstrasse,17
Salzstrasse,18
Salzstrasse,19
Salzstrasse,20
Salzstrasse,21
Salzstrasse,22
Salzstrasse,23
Salzstrasse,24
Salzstrasse,25
Salzstrasse,26
Salzstrasse,27
Salzstrasse,28
Salzstrasse,29
Salzstrasse,30
Sammtstrasse,1
Sammtstrasse,2
Sammtstrasse,3
Sammtstrasse,4
Sammtstrasse,5
Samtgasse,1
Samtgasse,2
Samtgasse,3
Sandgrube,1
Sandgrube,2
Sandgrube,3
Sandgrube,4
Sandgrube,5
Sandgrube,6
Sandgrube,7
Sandgrube,8
Sandgrube,9
Sandgrube,10
Sandgrube,11
Sandgrube,12
Sandgrube,13
Sandgrube,14
Sandgrube,15
Sandgrube,16
Sandgrube,17
Sandgrube,18
Sandgrube,19
Sandgrube,20
Sandgrube,21
Sandgrube,22
Sandgrube,23
Sandgrube,24
Sandgrube,25
Sandgrube,26
Sandgrube,27
Sandgrube,28
Sandgrube,29
Sandgrube,30
Sandgrube,31
Sandgrube,32
Sandgrube,33
Sandgrube,34
Sandgrube,35
Sandgrube,36
Sandgrube,37
Sandgrube,38
Sandgrube,39
Sandgrube,40
Sandgrube,41
Sandgrube,42
Sandgrube,43
Sandgrube,44
Sandgrube,45
Sandgrube,46
Sandgrube,47
Sandgrube,48
Sandgrube,49
Sandgrube,50
Sandgrube,51
Sandgrube,52
Sandgrube,53
Sandgrube,54
Sandgrube,55
Sandgrube,56
Sandgrube,57
Sandgrube,58
Sandgrube,59
Sandgrube,60
Sandgrube,61
Sandgrube,62
Sandgrube,63
Sandgrube,64
Sandgrube,65
Sandgrube,66
Sandgrube,67
Sandgrube,68
Sandgrube,69
Sandgrube,70
Sandgrube,71
Sandgrube,72
Sandgrube,73
Sandgrube,74
Sandgrube,75
Sandgrube,76
Sandgrube,77
Sandgrube,78
Sandgrube,79
Sandgrube,80
Sandgrube,81
Sandgrube,82
Sandgrube,83
Sandgrube,84
Sandgrube,85
Sandgrube,86
Sandgrube,87
Sandgrube,88
Sandgrube,89
Sandgrube,90
Sandgrube,91
Sandgrube,92
Sandgrube,93
Sandgrube,94
Sandgrube,95
Sandgrube,96
Sandgrube,97
Sandgrube,98
Sandgrube,99
Sandgrube,100
Sandgrube,101
Sandgrube,102
Sandgrube,103
Sandgrube,104
Sandgrube,105
Sandgrube,106
Sandgrube,107
Sandgrube,108
Sandgrube,109
Sandgrube,110
Sandgrube,111
Sandgrube,112
Sandgrube,113
Sandgrube,114
Sandgrube,115
Sandgrube,116
Sandgrube,117
Sandgrube,118
Sandgrube,119
Sandgrube,120
Sandgrube,121
Sandgrube,122
Sandgrube,123
Sandgrube,124
Sandgrube,125
Sandgrube,126
Sandgrube,127
Sandgrube,128
Sandgrube,129
Sandgrube,130
Sandgrube,131
Sandgrube,132
Sandgrube,133
Sandgrube,134
Sandgrube,135
Sandgrube,136
Sandgrube,137
Sandgrube,138
Sandgrube,139
Sandgrube,140
Sandgrube,141
Sandgrube,142
Sandgrubenweg,1
Sandgrubenweg,2
Sandgrubenweg,3
Sandgrubenweg,4
Sandgrubenweg,5
Sandgrubenweg,6
Sandgrubenweg,7
Sandgrubenweg,8
Sandgrubenweg,9
Sandstrasse,1
Sandstrasse,2
Sandstrasse,3
Sandstrasse,4
Sandstrasse,5
Sandstrasse,6
Sandstrasse,7
Sandstrasse,8
Sandstrasse,9
Sandstrasse,10
Sandstrasse,11
Sandstrasse,12
Sandstrasse,13
Sandstrasse,14
Sandstrasse,15
Sandstrasse,16
Sandstrasse,17
Sandstrasse,18
Sandstrasse,19
Sandstrasse,20
Sandstrasse,21
Sandstrasse,22
Sandstrasse,23
Sandstrasse,24
Sandstrasse,25
Sandstrasse,26
Sandstrasse,27
Sandstrasse,28
Sandstrasse,29
Sandstrasse,30
Sandstrasse,31
Sandstrasse,32
Sandstrasse,33
Sandstrasse,34
Sandstrasse,35
Sandstrasse,36
Sandstrasse,37
Sandstrasse,38
Sandstrasse,39
Sandstrasse,40
Sandstrasse,41
Sandstrasse,42
Sandstrasse,43
Sandstrasse,44
Sandstrasse,45
Sandstrasse,46
Sandstrasse,47
Sandstrasse,48
Sandstrasse,49
Sandstrasse,50
Sandstrasse,51
Sandstrasse,52
Sandstrasse,53
Sandstrasse,54
Sandstrasse,55
Sandstrasse,56
Sandstrasse,57
Sandstrasse,58
Sandstrasse,59
Sandstrasse,60
Sandstrasse,61
Sandstrasse,62
Sandstrasse,63
Sandstrasse,64
Sandstrasse,65
Sandstrasse,66
Sandstrasse,67
Sandstrasse,68
Sandstrasse,69
Sandstrasse,70
Sandstrasse,71
Sandstrasse,72
Sandstrasse,73
Sandstrasse,74
Sandstrasse,75
Sandstrasse,76
Sandstrasse,77
Sandstrasse,78
Sandstrasse,79
Sandstrasse,80
Sandstrasse,81
Sandstrasse,82
Sandstrasse,83
Sandstrasse,84
Sandstrasse,85
Sandstrasse,86
Sandstrasse,87
Sandstrasse,88
Sandstrasse,89
Sandstrasse,90
Sandstrasse,91
Sandstrasse,92
Sandstrasse,93
Sandstrasse,94
Sandstrasse,95
Sandstrasse,96
Sandstrasse,97
Sandstrasse,98
Sandstrasse,99
Sandstrasse,100
Sandstrasse,101
Sandstrasse,102
Sandstrasse,103
Sandstrasse,104
Sandstrasse,105
Sandstrasse,106
Sandstrasse,107
Sandstrasse,108
Sandstrasse,109
Sandstrasse,110
Sandstrasse,111
Sandstrasse,112
Sandstrasse,113
Sandstrasse,114
Sandstrasse,115
Sandstrasse,116
Sandstrasse,117
Sandstrasse,118
Sandstrasse,119
Sandstrasse,120
Sandstrasse,121
Sandstrasse,122
Sandstrasse,123
Sandstrasse,124
Sattlerstrasse,1
Schaefflerstrasse,1
Schaefflerstrasse,2
Schaefflerstrasse,3
Schaefflerstrasse,4
Schaefflerstrasse,5
Schaefflerstrasse,6
Schaefflerstrasse,7
Schaefflerstrasse,8
Schaefflerstrasse,9
Schaefflerstrasse,10
Schaefflerstrasse,11
Schaefflerstrasse,12
Schaefflerstrasse,13
Schaefflerstrasse,14
Schaefflerstrasse,15
Schaefflerstrasse,16
Schaefflerstrasse,17
Schaefflerstrasse,18
Schaefflerstrasse,19
Schaefflerstrasse,20
Schaefflerstrasse,21
Schaefflerstrasse,22
Schaefflerstrasse,23
Schaefflerstrasse,24
Schaefflerstrasse,25
Schaefflerstrasse,26
Schaeftlarnstrasse,1
Schaeftlarnstrasse,2
Schaeftlarnstrasse,3
Schaeftlarnstrasse,4
Schaeftlarnstrasse,5
Schaeftlarnstrasse,6
Schaeftlarnstrasse,7
Schaeftlarnstrasse,8
Schaeftlarnstrasse,9
Schellingstrasse,1
Schellingstrasse,2
Schellingstrasse,3
Schellingstrasse,4
Schellingstrasse,5
Schellingstrasse,6
Schellingstrasse,7
Schellingstrasse,8
Schellingstrasse,9
Schellingstrasse,10
Schellingstrasse,11
Schellingstrasse,12
Schellingstrasse,13
Schellingstrasse,14
Schellingstrasse,15
Schellingstrasse,16
Schellingstrasse,17
Schellingstrasse,18
Schellingstrasse,19
Schellingstrasse,20
Schellingstrasse,21
Schellingstrasse,22
Schellingstrasse,23
Schellingstrasse,24
Schellingstrasse,25
Schellingstrasse,26
Schellingstrasse,27
Schellingstrasse,28
Schellingstrasse,29
Schellingstrasse,30
Schellingstrasse,31
Schellingstrasse,32
Schellingstrasse,33
Schellingstrasse,34
Schellingstrasse,35
Schellingstrasse,36
Schellingstrasse,37
Schellingstrasse,38
Schellingstrasse,39
Schellingstrasse,40
Schellingstrasse,41
Schellingstrasse,42
Schellingstrasse,43
Schellingstrasse,44
Schellingstrasse,45
Schellingstrasse,46
Schellingstrasse,47
Schellingstrasse,48
Schellingstrasse,49
Schellingstrasse,50
Schellingstrasse,51
Schellingstrasse,52
Schellingstrasse,53
Schellingstrasse,54
Schellingstrasse,55
Schellingstrasse,56
Schellingstrasse,57
Schellingstrasse,58
Schellingstrasse,59
Schellingstrasse,60
Schellingstrasse,61
Schellingstrasse,62
Schellingstrasse,63
Schellingstrasse,64
Schellingstrasse,65
Schellingstrasse,66
Schellingstrasse,67
Schellingstrasse,68
Schellingstrasse,69
Schellingstrasse,70
Schellingstrasse,71
Schellingstrasse,72
Schellingstrasse,73
Schellingstrasse,74
Schellingstrasse,75
Schellingstrasse,76
Schellingstrasse,77
Schellingstrasse,78
Schellingstrasse,79
Schellingstrasse,80
Schellingstrasse,81
Schellingstrasse,82
Schellingstrasse,83
Schellingstrasse,84
Schellingstrasse,85
Schellingstrasse,86
Schellingstrasse,87
Schellingstrasse,88
Schellingstrasse,89
Schellingstrasse,90
Schellingstrasse,91
Schellingstrasse,92
Schellingstrasse,93
Schellingstrasse,94
Schellingstrasse,95
Schellingstrasse,96
Schellingstrasse,97
Schellingstrasse,98
Schellingstrasse,99
Schellingstrasse,100
Schellingstrasse,101
Schellingstrasse,102
Schellingstrasse,103
Schellingstrasse,104
Schellingstrasse,105
Schellingstrasse,106
Schellingstrasse,107
Schellingstrasse,108
Schellingstrasse,109
Schellingstrasse,110
Schellingstrasse,111
Schellingstrasse,112
Schellingstrasse,113
Schellingstrasse,114
Schellingstrasse,115
Schellingstrasse,116
Schellingstrasse,117
Schellingstrasse,118
Schellingstrasse,119
Schellingstrasse,120
Schellingstrasse,121
Schellingstrasse,122
Schellingstrasse,123
Schellingstrasse,124
Schellingstrasse,125
Schellingstrasse,126
Schellingstrasse,127
Schellingstrasse,128
Schellingstrasse,129
Schellingstrasse,130
Schellingstrasse,131
Schellingstrasse,132
Schellingstrasse,133
Schellingstrasse,134
Schellingstrasse,135
Schellingstrasse,136
Schellingstrasse,137
Schellingstrasse,138
Schellingstrasse,139
Schellingstrasse,140
Schellingstrasse,141
Schellingstrasse,142
Schellingstrasse,143
Schellingstrasse,144
Schellingstrasse,145
Schellingstrasse,146
Schellingstrasse,147
Schellingstrasse,148
Schellingstrasse,149
Schellingstrasse,150
Schellingstrasse,151
Schellingstrasse,152
Schellingstrasse,153
Schellingstrasse,154
Schellingstrasse,155
Schellingstrasse,156
Schellingstrasse,157
Schellingstrasse,158
Schellingstrasse,159
Schellingstrasse,160
Schellingstrasse,161
Schellingstrasse,162
Schellingstrasse,163
Schellingstrasse,164
Schellingstrasse,165
Schellingstrasse,166
Schellingstrasse,167
Schellingstrasse,168
Schellingstrasse,169
Schellingstrasse,170
Schellingstrasse,171
Schellingstrasse,172
Schellingstrasse,173
Schellingstrasse,174
Schellingstrasse,175
Schellingstrasse,176
Schellingstrasse,177
Schellingstrasse,178
Schellingstrasse,179
Schellingstrasse,180
Schellingstrasse,181
Schellingstrasse,182
Schellingstrasse,183
Schellingstrasse,184
Schellingstrasse,185
Schellingstrasse,186
Schellingstrasse,187
Schellingstrasse,188
Schellingstrasse,189
Schellingstrasse,190
Schellingstrasse,191
Schellingstrasse,192
Schellingstrasse,193
Schellingstrasse,194
Schellingstrasse,195
Schellingstrasse,196
Schellingstrasse,197
Schellingstrasse,198
Schellingstrasse,199
Schellingstrasse,200
Schellingstrasse,201
Schellingstrasse,202
Schellingstrasse,203
Schellingstrasse,204
Schellingstrasse,205
Schellingstrasse,206
Schellingstrasse,207
Schellingstrasse,208
Schellingstrasse,209
Schellingstrasse,210
Schellingstrasse,211
Schellingstrasse,212
Schellingstrasse,213
Schellingstrasse,214
Schellingstrasse,215
Schellingstrasse,216
Schellingstrasse,217
Schellingstrasse,218
Schellingstrasse,219
Schellingstrasse,220
Schellingstrasse,221
Schellingstrasse,222
Schellingstrasse,223
Schellingstrasse,224
Schellingstrasse,225
Schellingstrasse,226
Schellingstrasse,227
Schellingstrasse,228
Schellingstrasse,229
Schellingstrasse,230
Schellingstrasse,231
Schellingstrasse,232
Schellingstrasse,233
Schellingstrasse,234
Schellingstrasse,235
Schellingstrasse,236
Schellingstrasse,237
Schellingstrasse,238
Schellingstrasse,239
Schellingstrasse,240
Schellingstrasse,241
Schellingstrasse,242
Schellingstrasse,243
Schellingstrasse,244
Schellingstrasse,245
Schellingstrasse,246
Schellingstrasse,247
Schellingstrasse,248
Schellingstrasse,249
Schellingstrasse,250
Schellingstrasse,251
Schellingstrasse,252
Schellingstrasse,253
Schellingstrasse,254
Schellingstrasse,255
Schellingstrasse,256
Schellingstrasse,257
Schellingstrasse,258
Schellingstrasse,259
Schellingstrasse,260
Schellingstrasse,261
Schellingstrasse,262
Schellingstrasse,263
Schellingstrasse,264
Schellingstrasse,265
Schellingstrasse,266
Schellingstrasse,267
Schellingstrasse,268
Schellingstrasse,269
Schellingstrasse,270
Schellingstrasse,271
Schellingstrasse,272
Schellingstrasse,273
Schellingstrasse,274
Schellingstrasse,275
Schellingstrasse,276
Schellingstrasse,277
Schellingstrasse,278
Schellingstrasse,279
Schellingstrasse,280
Schellingstrasse,281
Schellingstrasse,282
Schellingstrasse,283
Schellingstrasse,284
Schellingstrasse,285
Schellingstrasse,286
Schellingstrasse,287
Schellingstrasse,288
Schellingstrasse,289
Schellingstrasse,290
Schellingstrasse,291
Schellingstrasse,292
Schellingstrasse,293
Schellingstrasse,294
Schellingstrasse,295
Schellingstrasse,296
Schellingstrasse,297
Schellingstrasse,298
Schellingstrasse,299
Schellingstrasse,300
Schellingstrasse,301
Schiessstaettstrasse,1
Schiessstaettstrasse,2
Schiessstaettstrasse,3
Schiessstaettstrasse,4
Schiessstaettstrasse,5
Schiessstaettstrasse,6
Schiessstaettstrasse,7
Schiessstaettstrasse,8
Schiessstaettstrasse,9
Schiessstaettstrasse,10
Schiessstaettstrasse,11
Schiessstaettstrasse,12
Schiessstaettstrasse,13
Schiessstaettstrasse,14
Schiessstaettstrasse,15
Schiessstaettstrasse,16
Schiessstaettstrasse,17
Schiessstaettstrasse,18
Schiessstaettstrasse,19
Schiessstaettstrasse,20
Schiessstaettstrasse,21
Schiessstaettstrasse,22
Schiessstaettstrasse,23
Schiessstaettstrasse,24
Schiessstaettstrasse,25
Schiessstaettstrasse,26
Schiessstaettstrasse,27
Schillerstrasse,1
Schillerstrasse,2
Schillerstrasse,3
Schillerstrasse,4
Schillerstrasse,5
Schillerstrasse,6
Schillerstrasse,7
Schillerstrasse,8
Schillerstrasse,9
Schillerstrasse,10
Schillerstrasse,11
Schillerstrasse,12
Schillerstrasse,13
Schillerstrasse,14
Schillerstrasse,15
Schillerstrasse,16
Schillerstrasse,17
Schillerstrasse,18
Schillerstrasse,19
Schillerstrasse,20
Schillerstrasse,21
Schillerstrasse,22
Schillerstrasse,23
Schillerstrasse,24
Schillerstrasse,25
Schillerstrasse,26
Schillerstrasse,27
Schillerstrasse,28
Schillerstrasse,29
Schillerstrasse,30
Schillerstrasse,31
Schillerstrasse,32
Schillerstrasse,33
Schillerstrasse,34
Schillerstrasse,35
Schillerstrasse,36
Schillerstrasse,37
Schillerstrasse,38
Schillerstrasse,39
Schillerstrasse,40
Schillerstrasse,41
Schillerstrasse,42
Schillerstrasse,43
Schillerstrasse,44
Schillerstrasse,45
Schillerstrasse,46
Schillerstrasse,47
Schillerstrasse,48
Schillerstrasse,49
Schillerstrasse,50
Schiltbergerstrasse,1
Schiltbergerstrasse,2
Schlachthausstrasse,1
Schlachthausstrasse,2
Schlachthausstrasse,3
Schlachthausstrasse,4
Schlachthausstrasse,5
Schlachthausstrasse,6
Schlachthausstrasse,7
Schlachthausstrasse,8
Schlachthausstrasse,9
Schlachthausstrasse,10
Schlachthausstrasse,11
Schlachthausstrasse,12
Schlachthausstrasse,13
Schlachthausstrasse,14
Schlachthausstrasse,15
Schlachthausstrasse,16
Schlachthausstrasse,17
Schlachthausstrasse,18
Schlachthausstrasse,19
Schlachthausstrasse,20
Schlachthausstrasse,21
Schlachthausstrasse,22
Schlachthausstrasse,23
Schlachthausstrasse,24
Schlachthausstrasse,25
Schlachthausstrasse,26
Schlachthausstrasse,27
Schlachthausstrasse,28
Schlachthausstrasse,29
Schlachthausstrasse,30
Schlachthausstrasse,31
Schleissheimer Strasse,1
Schleissheimer Strasse,2
Schleissheimer Strasse,3
Schleissheimer Strasse,4
Schleissheimer Strasse,5
Schleissheimer Strasse,6
Schleissheimer Strasse,7
Schleissheimer Strasse,8
Schleissheimer Strasse,9
Schleissheimer Strasse,10
Schleissheimer Strasse,11
Schleissheimer Strasse,12
Schleissheimer Strasse,13
Schleissheimer Strasse,14
Schleissheimer Strasse,15
Schleissheimer Strasse,16
Schleissheimer Strasse,17
Schleissheimer Strasse,18
Schleissheimer Strasse,19
Schleissheimer Strasse,20
Schleissheimer Strasse,21
Schleissheimer Strasse,22
Schleissheimer Strasse,23
Schleissheimer Strasse,24
Schleissheimer Strasse,25
Schleissheimer Strasse,26
Schleissheimer Strasse,27
Schleissheimer Strasse,28
Schleissheimer Strasse,29
Schleissheimer Strasse,30
Schleissheimer Strasse,31
Schleissheimer Strasse,32
Schleissheimer Strasse,33
Schleissheimer Strasse,34
Schleissheimer Strasse,35
Schleissheimer Strasse,36
Schleissheimer Strasse,37
Schleissheimer Strasse,38
Schleissheimer Strasse,39
Schleissheimer Strasse,40
Schleissheimer Strasse,41
Schleissheimer Strasse,42
Schleissheimer Strasse,43
Schleissheimer Strasse,44
Schleissheimer Strasse,45
Schleissheimer Strasse,46
Schleissheimer Strasse,47
Schleissheimer Strasse,48
Schleissheimer Strasse,49
Schleissheimer Strasse,50
Schleissheimer Strasse,51
Schleissheimer Strasse,52
Schleissheimer Strasse,53
Schleissheimer Strasse,54
Schleissheimer Strasse,55
Schleissheimer Strasse,56
Schleissheimer Strasse,57
Schleissheimer Strasse,58
Schleissheimer Strasse,59
Schleissheimer Strasse,60
Schleissheimer Strasse,61
Schleissheimer Strasse,62
Schleissheimer Strasse,63
Schleissheimer Strasse,64
Schleissheimer Strasse,65
Schleissheimer Strasse,66
Schleissheimer Strasse,67
Schleissheimer Strasse,68
Schleissheimer Strasse,69
Schleissheimer Strasse,70
Schleissheimer Strasse,71
Schleissheimer Strasse,72
Schleissheimer Strasse,73
Schleissheimer Strasse,74
Schleissheimer Strasse,75
Schleissheimer Strasse,76
Schleissheimer Strasse,77
Schleissheimer Strasse,78
Schleissheimer Strasse,79
Schleissheimer Strasse,80
Schleissheimer Strasse,81
Schleissheimer Strasse,82
Schleissheimer Strasse,83
Schleissheimer Strasse,84
Schleissheimer Strasse,85
Schleissheimer Strasse,86
Schleissheimer Strasse,87
Schleissheimer Strasse,88
Schleissheimer Strasse,89
Schleissheimer Strasse,90
Schleissheimer Strasse,91
Schleissheimer Strasse,92
Schleissheimer Strasse,93
Schleissheimer Strasse,94
Schleissheimer Strasse,95
Schleissheimer Strasse,96
Schleissheimer Strasse,97
Schleissheimer Strasse,98
Schleissheimer Strasse,99
Schleissheimer Strasse,100
Schleissheimer Strasse,101
Schleissheimer Strasse,102
Schleissheimer Strasse,103
Schleissheimer Strasse,104
Schleissheimer Strasse,105
Schleissheimer Strasse,106
Schleissheimer Strasse,107
Schleissheimer Strasse,108
Schleissheimer Strasse,109
Schleissheimer Strasse,110
Schleissheimer Strasse,111
Schleissheimer Strasse,112
Schleissheimer Strasse,113
Schleissheimer Strasse,114
Schleissheimer Strasse,115
Schleissheimer Strasse,116
Schleissheimer Strasse,117
Schleissheimer Strasse,118
Schleissheimer Strasse,119
Schleissheimer Strasse,120
Schleissheimer Strasse,121
Schleissheimer Strasse,122
Schleissheimer Strasse,123
Schleissheimer Strasse,124
Schleissheimer Strasse,125
Schleissheimer Strasse,126
Schleissheimer Strasse,127
Schleissheimer Strasse,128
Schleissheimer Strasse,129
Schleissheimer Strasse,130
Schleissheimer Strasse,131
Schleissheimer Strasse,132
Schleissheimer Strasse,133
Schleissheimer Strasse,134
Schleissheimer Strasse,135
Schleissheimer Strasse,136
Schlosserstrasse,1
Schlosserstrasse,2
Schlosserstrasse,3
Schlosserstrasse,4
Schlosserstrasse,5
Schlosserstrasse,6
Schlosserstrasse,7
Schlosserstrasse,8
Schlosserstrasse,9
Schlosserstrasse,10
Schlossstrasse,1
Schlossstrasse,2
Schlossstrasse,3
Schlossstrasse,4
Schlossstrasse,5
Schlossstrasse,6
Schlossstrasse,7
Schlossstrasse,8
Schlossstrasse,9
Schmellerstrasse,1
Schmellerstrasse,2
Schmellerstrasse,3
Schmellerstrasse,4
Schmellerstrasse,5
Schmellerstrasse,6
Schmellerstrasse,7
Schmellerstrasse,8
Schmellerstrasse,9
Schmellerstrasse,10
Schmellerstrasse,11
Schmellerstrasse,12
Schmellerstrasse,13
Schmellerstrasse,14
Schmellerstrasse,15
Schmellerstrasse,16
Schmellerstrasse,17
Schmellerstrasse,18
Schmellerstrasse,19
Schmellerstrasse,20
Schmellerstrasse,21
Schmellerstrasse,22
Schmellerstrasse,23
Schmellerstrasse,24
Schmellerstrasse,25
Schmellerstrasse,26
Schmellerstrasse,27
Schmellerstrasse,28
Schmellerstrasse,29
Schmellerstrasse,30
Schmellerstrasse,31
Schmellerstrasse,32
Schmellerstrasse,33
Schmellerstrasse,34
Schmidgasse,1
Schmidgasse,2
Schmidgasse,3
Schmidstrasse,1
Schmidstrasse,2
Schmidstrasse,3
Schmied-Kochel-Strasse,1
Schmied-Kochel-Strasse,2
Schmied-Kochel-Strasse,3
Schmied-Kochel-Strasse,4
Schmied-Kochel-Strasse,5
Schmied-Kochel-Strasse,6
Schmied-Kochel-Strasse,7
Schmied-Kochel-Strasse,8
Schmied-Kochel-Strasse,9
Schmied-Kochel-Strasse,10
Schmied-Kochel-Strasse,11
Schmied-Kochel-Strasse,12
Schmied-Kochel-Strasse,13
Schmiedgasse,1
Schmiedgasse,2
Schmiedgasse,3
Schmiedgasse,4
Schmiedgasse,5
Schneiderstrasse,1
Schneiderstrasse,2
Schneiderstrasse,3
Schneiderstrasse,4
Schneiderstrasse,5
Schneiderstrasse,6
Schneiderstrasse,7
Schnorrstrasse,1
Schnorrstrasse,2
Schnorrstrasse,3
Schnorrstrasse,4
Schnorrstrasse,5
Schnorrstrasse,6
Schnorrstrasse,7
Schnorrstrasse,8
Schnorrstrasse,9
Schnorrstrasse,10
Schoenfeldstrasse,1
Schoenfeldstrasse,2
Schoenfeldstrasse,3
Schoenfeldstrasse,4
Schoenfeldstrasse,5
Schoenfeldstrasse,6
Schoenfeldstrasse,7
Schoenfeldstrasse,8
Schoenfeldstrasse,9
Schoenfeldstrasse,10
Schoenfeldstrasse,11
Schoenfeldstrasse,12
Schoenfeldstrasse,13
Schoenfeldstrasse,14
Schoenfeldstrasse,15
Schoenfeldstrasse,16
Schoenfeldstrasse,17
Schoenfeldstrasse,18
Schoenfeldstrasse,19
Schoenfeldstrasse,20
Schoenfeldstrasse,21
Schoenfeldstrasse,22
Schoenstrasse,1
Schoenstrasse,2
Schommerstrasse,1
Schommerstrasse,2
Schommerstrasse,3
Schommerstrasse,4
Schommerstrasse,5
Schommerstrasse,6
Schommerstrasse,7
Schommerstrasse,8
Schommerstrasse,9
Schommerstrasse,10
Schommerstrasse,11
Schommerstrasse,12
Schommerstrasse,13
Schommerstrasse,14
Schommerstrasse,15
Schommerstrasse,16
Schommerstrasse,17
Schommerstrasse,18
Schommerstrasse,19
Schommerstrasse,20
Schommerstrasse,21
Schommerstrasse,22
Schommerstrasse,23
Schramgasse,1
Schrammegasse,1
Schrammegasse,2
Schrammegasse,3
Schrammerstrasse,1
Schrammerstrasse,2
Schrammerstrasse,3
Schrammerstrasse,4
Schrammerstrasse,5
Schrammerstrasse,6
Schrammerstrasse,7
Schrammerstrasse,8
Schrammerstrasse,9
Schrammerstrasse,10
Schrammerstrasse,11
Schrammerstrasse,12
Schrammerstrasse,13
Schrammerstrasse,14
Schrammerstrasse,15
Schrammerstrasse,16
Schrammerstrasse,17
Schrammerstrasse,18
Schraudolphstrasse,1
Schraudolphstrasse,2
Schraudolphstrasse,3
Schraudolphstrasse,4
Schraudolphstrasse,5
Schraudolphstrasse,6
Schraudolphstrasse,7
Schraudolphstrasse,8
Schraudolphstrasse,9
Schraudolphstrasse,10
Schraudolphstrasse,11
Schraudolphstrasse,12
Schraudolphstrasse,13
Schraudolphstrasse,14
Schraudolphstrasse,15
Schraudolphstrasse,16
Schraudolphstrasse,17
Schraudolphstrasse,18
Schraudolphstrasse,19
Schraudolphstrasse,20
Schraudolphstrasse,21
Schraudolphstrasse,22
Schraudolphstrasse,23
Schraudolphstrasse,24
Schraudolphstrasse,25
Schraudolphstrasse,26
Schraudolphstrasse,27
Schraudolphstrasse,28
Schraudolphstrasse,29
Schraudolphstrasse,30
Schraudolphstrasse,31
Schraudolphstrasse,32
Schraudolphstrasse,33
Schraudolphstrasse,34
Schraudolphstrasse,35
Schraudolphstrasse,36
Schraudolphstrasse,37
Schraudolphstrasse,38
Schraudolphstrasse,39
Schraudolphstrasse,40
Schraudolphstrasse,41
Schraudolphstrasse,42
Schraudolphstrasse,43
Schraudolphstrasse,44
Schrenkstrasse,1
Schrenkstrasse,2
Schrenkstrasse,3
Schrenkstrasse,4
Schrenkstrasse,5
Schrenkstrasse,6
Schrenkstrasse,7
Schrenkstrasse,8
Schrenkstrasse,9
Schrenkstrasse,10
Schrenkstrasse,11
Schrenkstrasse,12
Schrenkstrasse,13
Schubertstrasse,1
Schubertstrasse,2
Schuetzenstrasse,1
Schuetzenstrasse,2
Schuetzenstrasse,3
Schuetzenstrasse,4
Schuetzenstrasse,5
Schuetzenstrasse,6
Schuetzenstrasse,7
Schuetzenstrasse,8
Schuetzenstrasse,9
Schuetzenstrasse,10
Schuetzenstrasse,11
Schuetzenstrasse,12
Schuetzenstrasse,13
Schuetzenstrasse,14
Schuetzenstrasse,15
Schuetzenstrasse,16
Schuetzenstrasse,17
Schuetzenstrasse,18
Schuetzenstrasse,19
Schuetzenstrasse,20
Schuetzenstrasse,21
Schulhausstrasse,1
Schulhausstrasse,2
Schulhausstrasse,3
Schulhausstrasse,4
Schulhausstrasse,5
Schulhausstrasse,6
Schulhausstrasse,7
Schulhausstrasse,8
Schulhausstrasse,9
Schulhausstrasse,10
Schulhausstrasse,11
Schulhausstrasse,12
Schulhausstrasse,13
Schulhausstrasse,14
Schulhausstrasse,15
Schulhausstrasse,16
Schulhausstrasse,17
Schulhausstrasse,18
Schulhausstrasse,19
Schulhausstrasse,20
Schulhausstrasse,21
Schulstrasse,1
Schulstrasse,2
Schulstrasse,3
Schulstrasse,4
Schulstrasse,5
Schulstrasse,6
Schulstrasse,7
Schulstrasse,8
Schulstrasse,9
Schulstrasse,10
Schulstrasse,11
Schulstrasse,12
Schulstrasse,13
Schulstrasse,14
Schulstrasse,15
Schulstrasse,16
Schulstrasse,17
Schulstrasse,18
Schulstrasse,19
Schulstrasse,20
Schulstrasse,21
Schulstrasse,22
Schulstrasse,23
Schulstrasse,24
Schulweg,1
Schulweg,2
Schulweg,3
Schulweg,4
Schulweg,5
Schulweg,6
Schulweg,7
Schulweg,8
Schulweg,9
Schulweg,10
Schulweg,11
Schulweg,12
Schulweg,13
Schulweg,14
Schulweg,15
Schulweg,16
Schulweg,17
Schulweg,18
Schulweg,19
Schulweg,20
Schulweg,21
Schulweg,22
Schulweg,23
Schulweg,24
Schulweg,25
Schulweg,26
Schulweg,27
Schulweg,28
Schulweg,29
Schulweg,30
Schulweg,31
Schulweg,32
Schulweg,33
Schulweg,34
Schulweg,35
Schulweg,36
Schulweg,37
Schulweg,38
Schulweg,39
Schulweg,40
Schulweg,41
Schulweg,42
Schulweg,43
Schulweg,44
Schulweg,45
Schulweg,46
Schulweg,47
Schulweg,48
Schulweg,49
Schulweg,50
Schulz.,1
Schulz.,2
Schuthausgasse,1
Schuthausgasse,2
Schuthausgasse,3
Schuthausgasse,4
Schuthausgasse,5
Schuthausgasse,6
Schuthausgasse,7
Schuthausgasse,8
Schuthausgasse,9
Schwabing,1
Schwabing,2
Schwabing,3
Schwabing,4
Schwabing,5
Schwabing,6
Schwabing,7
Schwabing,8
Schwabing,9
Schwabing,10
Schwabing,11
Schwabing,12
Schwabing,13
Schwabing,14
Schwabing,15
Schwabing,16
Schwabing,17
Schwabing,18
Schwabing,19
Schwabing,20
Schwabing,21
Schwabing,22
Schwabing,23
Schwabing,24
Schwabing,25
Schwabing,26
Schwabing,27
Schwabing,28
Schwabing,29
Schwabing,30
Schwabing,31
Schwabing,32
Schwabing,33
Schwabing,34
Schwabing,35
Schwabing,36
Schwabing,37
Schwabing,38
Schwabing,39
Schwabing,40
Schwabing,41
Schwabing,42
Schwabing,43
Schwabing,44
Schwabing,45
Schwabing,46
Schwabing,47
Schwabing,48
Schwabing,49
Schwabing,50
Schwabing,51
Schwabing,52
Schwabing,53
Schwabing,54
Schwabing,55
Schwabing,56
Schwabing,57
Schwabing,58
Schwabing,59
Schwabing,60
Schwabing,61
Schwabing,62
Schwabing,63
Schwabing,64
Schwabing,65
Schwabing,66
Schwabing,67
Schwabing,68
Schwabing,69
Schwabing,70
Schwabing,71
Schwabing,72
Schwabing,73
Schwabing,74
Schwabing,75
Schwabing,76
Schwabing,77
Schwabing,78
Schwabing,79
Schwabing,80
Schwabing,81
Schwabing,82
Schwabing,83
Schwabing,84
Schwabing,85
Schwabing,86
Schwabing,87
Schwabing,88
Schwabing,89
Schwabing,90
Schwabing,91
Schwabing,92
Schwabing,93
Schwabing,94
Schwanthalerhoehe,1
Schwanthalerhoehe,2
Schwanthalerhoehe,3
Schwanthalerhoehe,4
Schwanthalerhoehe,5
Schwanthalerhoehe,6
Schwanthalerhoehe,7
Schwanthalerhoehe,8
Schwanthalerhoehe,9
Schwanthalerhoehe,10
Schwanthalerhoehe,11
Schwanthalerhoehe,12
Schwanthalerhoehe,13
Schwanthalerhoehe,14
Schwanthalerhoehe,15
Schwanthalerhoehe,16
Schwanthalerhoehe,17
Schwanthalerhoehe,18
Schwanthalerhoehe,19
Schwanthalerhoehe,20
Schwanthalerhoehe,21
Schwanthalerhoehe,22
Schwanthalerhoehe,23
Schwanthalerhoehe,24
Schwanthalerhoehe,25
Schwanthalerhoehe,26
Schwanthalerhoehe,27
Schwanthalerhoehe,28
Schwanthalerhoehe,29
Schwanthalerhoehe,30
Schwanthalerhoehe,31
Schwanthalerhoehe,32
Schwanthalerhoehe,33
Schwanthalerhoehe,34
Schwanthalerhoehe,35
Schwanthalerhoehe,36
Schwanthalerhoehe,37
Schwanthalerhoehe,38
Schwanthalerhoehe,39
Schwanthalerhoehe,40
Schwanthalerhoehe,41
Schwanthalerhoehe,42
Schwanthalerhoehe,43
Schwanthalerhoehe,44
Schwanthalerhoehe,45
Schwanthalerhoehe,46
Schwanthalerhoehe,47
Schwanthalerhoehe,48
Schwanthalerhoehe,49
Schwanthalerhoehe,50
Schwanthalerhoehe,51
Schwanthalerhoehe,52
Schwanthalerhoehe,53
Schwanthalerhoehe,54
Schwanthalerhoehe,55
Schwanthalerhoehe,56
Schwanthalerhoehe,57
Schwanthalerhoehe,58
Schwanthalerhoehe,59
Schwanthalerhoehe,60
Schwanthalerhoehe,61
Schwanthalerhoehe,62
Schwanthalerhoehe,63
Schwanthalerhoehe,64
Schwanthalerhoehe,65
Schwanthalerhoehe,66
Schwanthalerhoehe,67
Schwanthalerhoehe,68
Schwanthalerhoehe,69
Schwanthalerhoehe,70
Schwanthalerhoehe,71
Schwanthalerhoehe,72
Schwanthalerhoehe,73
Schwanthalerhoehe,74
Schwanthalerhoehe,75
Schwanthalerhoehe,76
Schwanthalerstrasse,1
Schwanthalerstrasse,2
Schwanthalerstrasse,3
Schwanthalerstrasse,4
Schwanthalerstrasse,5
Schwanthalerstrasse,6
Schwanthalerstrasse,7
Schwanthalerstrasse,8
Schwanthalerstrasse,9
Schwanthalerstrasse,10
Schwanthalerstrasse,11
Schwanthalerstrasse,12
Schwanthalerstrasse,13
Schwanthalerstrasse,14
Schwanthalerstrasse,15
Schwanthalerstrasse,16
Schwanthalerstrasse,17
Schwanthalerstrasse,18
Schwanthalerstrasse,19
Schwanthalerstrasse,20
Schwanthalerstrasse,21
Schwanthalerstrasse,22
Schwanthalerstrasse,23
Schwanthalerstrasse,24
Schwanthalerstrasse,25
Schwanthalerstrasse,26
Schwanthalerstrasse,27
Schwanthalerstrasse,28
Schwanthalerstrasse,29
Schwanthalerstrasse,30
Schwanthalerstrasse,31
Schwanthalerstrasse,32
Schwanthalerstrasse,33
Schwanthalerstrasse,34
Schwanthalerstrasse,35
Schwanthalerstrasse,36
Schwanthalerstrasse,37
Schwanthalerstrasse,38
Schwanthalerstrasse,39
Schwanthalerstrasse,40
Schwanthalerstrasse,41
Schwanthalerstrasse,42
Schwanthalerstrasse,43
Schwanthalerstrasse,44
Schwanthalerstrasse,45
Schwanthalerstrasse,46
Schwanthalerstrasse,47
Schwanthalerstrasse,48
Schwanthalerstrasse,49
Schwanthalerstrasse,50
Schwanthalerstrasse,51
Schwanthalerstrasse,52
Schwanthalerstrasse,53
Schwanthalerstrasse,54
Schwanthalerstrasse,55
Schwanthalerstrasse,56
Schwanthalerstrasse,57
Schwanthalerstrasse,58
Schwanthalerstrasse,59
Schwanthalerstrasse,60
Schwanthalerstrasse,61
Schwanthalerstrasse,62
Schwanthalerstrasse,63
Schwanthalerstrasse,64
Schwanthalerstrasse,65
Schwanthalerstrasse,66
Schwanthalerstrasse,67
Schwanthalerstrasse,68
Schwanthalerstrasse,69
Schwanthalerstrasse,70
Schwanthalerstrasse,71
Schwanthalerstrasse,72
Schwanthalerstrasse,73
Schwanthalerstrasse,74
Schwanthalerstrasse,75
Schwanthalerstrasse,76
Schwanthalerstrasse,77
Schwanthalerstrasse,78
Schwanthalerstrasse,79
Schwanthalerstrasse,80
Schwanthalerstrasse,81
Schwanthalerstrasse,82
Schwanthalerstrasse,83
Schwanthalerstrasse,84
Schwanthalerstrasse,85
Schwanthalerstrasse,86
Schwanthalerstrasse,87
Schwanthalerstrasse,88
Schwanthalerstrasse,89
Schwanthalerstrasse,90
Schwanthalerstrasse,91
Schwanthalerstrasse,92
Schwarzstrasse,1
Schwarzstrasse,2
Schwarzstrasse,3
Schwarzstrasse,4
Schwarzstrasse,5
Schwarzstrasse,6
Schwarzstrasse,7
Schwarzstrasse,8
Schwarzstrasse,9
Schwarzstrasse,10
Schwarzstrasse,11
Schwarzstrasse,12
Schwarzstrasse,13
Schwindstrasse,1
Schwindstrasse,2
Schwindstrasse,3
Schwindstrasse,4
Schwindstrasse,5
Schwindstrasse,6
Schwindstrasse,7
Schwindstrasse,8
Schwindstrasse,9
Schwindstrasse,10
Schwindstrasse,11
Schwindstrasse,12
Schwindstrasse,13
Schwindstrasse,14
Schwindstrasse,15
Schwindstrasse,16
Schwindstrasse,17
Schwindstrasse,18
Schwindstrasse,19
Schwindstrasse,20
Schwindstrasse,21
Schwindstrasse,22
Schwindstrasse,23
Schwindstrasse,24
Schwindstrasse,25
Schwindstrasse,26
Schwindstrasse,27
Schwindstrasse,28
Schwindstrasse,29
Schwindstrasse,30
Schwindstrasse,31
Schwindstrasse,32
Schwindstrasse,33
Schwindstrasse,34
Schwindstrasse,35
Schwindstrasse,36
Schwindstrasse,37
Schwindstrasse,38
Schwindstrasse,39
Schwindstrasse,40
Schwindstrasse,41
Schwindstrasse,42
Schwindstrasse,43
Schwindstrasse,44
Schwindstrasse,45
Schwindstrasse,46
Schwindstrasse,47
Schwindstrasse,48
Schwindstrasse,49
Schwindstrasse,50
Schwindstrasse,51
Schwindstrasse,52
Schwindstrasse,53
Schwindstrasse,54
Schwindstrasse,55
Schwindstrasse,56
Schwindstrasse,57
Schwindstrasse,58
Schyrenstrasse,1
Schyrenstrasse,2
Schyrenstrasse,3
Schyrenstrasse,4
Sckellstrasse,1
Sckellstrasse,2
Sckellstrasse,3
Sckellstrasse,4
Sckellstrasse,5
Sckellstrasse,6
Sckellstrasse,7
Sckellstrasse,8
Sckellstrasse,9
Sckellstrasse,10
Sckellstrasse,11
Sckellstrasse,12
Sebastiansgasse,1
Sebastiansgasse,2
Sebastiansgasse,3
Sebastiansgasse,4
Sebastiansgasse,5
Sebastiansgasse,6
Sebastiansgasse,7
Sebastiansplatz,1
Sebastiansplatz,2
Sebastiansplatz,3
Sebastiansplatz,4
Sebastiansplatz,5
Sebastiansplatz,6
Sebastiansplatz,7
Sebastiansplatz,8
Sebastiansplatz,9
Sebastiansplatz,10
Sebastiansplatz,11
Sedanstrasse,1
Sedanstrasse,2
Sedanstrasse,3
Sedanstrasse,4
Sedanstrasse,5
Sedanstrasse,6
Sedanstrasse,7
Sedanstrasse,8
Sedanstrasse,9
Sedanstrasse,10
Sedanstrasse,11
Sedanstrasse,12
Sedanstrasse,13
Sedanstrasse,14
Sedanstrasse,15
Sedanstrasse,16
Sedanstrasse,17
Sedanstrasse,18
Sedanstrasse,19
Sedanstrasse,20
Sedanstrasse,21
Sedanstrasse,22
Sedanstrasse,23
Sedanstrasse,24
Sedanstrasse,25
Sedanstrasse,26
Sedanstrasse,27
Sedanstrasse,28
Sedanstrasse,29
Sedanstrasse,30
Sedanstrasse,31
Sedanstrasse,32
Sedanstrasse,33
Sedanstrasse,34
Sedanstrasse,35
Sedanstrasse,36
Sedanstrasse,37
Sedanstrasse,38
Sedanstrasse,39
Sedanstrasse,40
Sedanstrasse,41
Sedanstrasse,42
Sedanstrasse,43
Sedanstrasse,44
Sedanstrasse,45
Sedanstrasse,46
Sedanstrasse,47
Sedanstrasse,48
Sedanstrasse,49
Sedanstrasse,50
Sedanstrasse,51
Seeaustrasse,1
Seeaustrasse,2
Seeriederstrasse,1
Seeriederstrasse,2
Seeriederstrasse,3
Seeriederstrasse,4
Seeriederstrasse,5
Seestrasse,1
Seestrasse,2
Seestrasse,3
Seestrasse,4
Seestrasse,5
Seestrasse,6
Seestrasse,7
Seestrasse,8
Seestrasse,9
Seestrasse,10
Seestrasse,11
Seestrasse,12
Seestrasse,13
Seestrasse,14
Seitzstrasse,1
Seitzstrasse,2
Seitzstrasse,3
Seitzstrasse,4
Seitzstrasse,5
Sendlinger Feldweg,1
Sendlinger Feldweg,2
Sendlinger Feldweg,3
Sendlinger Landstrasse,1
Sendlinger Landstrasse,2
Sendlinger Landstrasse,3
Sendlinger Landstrasse,4
Sendlinger Landstrasse,5
Sendlinger Landstrasse,6
Sendlinger Landstrasse,7
Sendlinger Landstrasse,8
Sendlinger Landstrasse,9
Sendlinger Landstrasse,10
Sendlinger Landstrasse,11
Sendlinger Landstrasse,12
Sendlinger Landstrasse,13
Sendlinger Landstrasse,14
Sendlinger Landstrasse,15
Sendlinger Landstrasse,16
Sendlinger Landstrasse,17
Sendlinger Landstrasse,18
Sendlinger Landstrasse,19
Sendlinger Landstrasse,20
Sendlinger Landstrasse,21
Sendlinger Landstrasse,22
Sendlinger Landstrasse,23
Sendlinger Landstrasse,24
Sendlinger Landstrasse,25
Sendlinger Landstrasse,26
Sendlinger Landstrasse,27
Sendlinger Landstrasse,28
Sendlinger Landstrasse,29
Sendlinger Landstrasse,30
Sendlinger Landstrasse,31
Sendlinger Landstrasse,32
Sendlinger Landstrasse,33
Sendlinger Landstrasse,34
Sendlinger Landstrasse,35
Sendlinger Landstrasse,36
Sendlinger Landstrasse,37
Sendlinger Landstrasse,38
Sendlinger Landstrasse,39
Sendlinger Landstrasse,40
Sendlinger Landstrasse,41
Sendlinger Landstrasse,42
Sendlinger Landstrasse,43
Sendlinger Landstrasse,44
Sendlinger Landstrasse,45
Sendlinger Landstrasse,46
Sendlinger Landstrasse,47
Sendlinger Landstrasse,48
Sendlinger Landstrasse,49
Sendlinger Landstrasse,50
Sendlinger Landstrasse,51
Sendlinger Landstrasse,52
Sendlinger Landstrasse,53
Sendlinger Landstrasse,54
Sendlinger Landstrasse,55
Sendlinger Landstrasse,56
Sendlinger Landstrasse,57
Sendlinger Landstrasse,58
Sendlinger Landstrasse,59
Sendlinger Landstrasse,60
Sendlinger Landstrasse,61
Sendlinger Landstrasse,62
Sendlinger Landstrasse,63
Sendlinger Landstrasse,64
Sendlinger Landstrasse,65
Sendlinger Landstrasse,66
Sendlinger Landstrasse,67
Sendlinger Landstrasse,68
Sendlinger Strasse,1
Sendlinger Strasse,2
Sendlinger Strasse,3
Sendlinger Strasse,4
Sendlinger Strasse,5
Sendlinger Strasse,6
Sendlinger Strasse,7
Sendlinger Strasse,8
Sendlinger Strasse,9
Sendlinger Strasse,10
Sendlinger Strasse,11
Sendlinger Strasse,12
Sendlinger Strasse,13
Sendlinger Strasse,14
Sendlinger Strasse,15
Sendlinger Strasse,16
Sendlinger Strasse,17
Sendlinger Strasse,18
Sendlinger Strasse,19
Sendlinger Strasse,20
Sendlinger Strasse,21
Sendlinger Strasse,22
Sendlinger Strasse,23
Sendlinger Strasse,24
Sendlinger Strasse,25
Sendlinger Strasse,26
Sendlinger Strasse,27
Sendlinger Strasse,28
Sendlinger Strasse,29
Sendlinger Strasse,30
Sendlinger Strasse,31
Sendlinger Strasse,32
Sendlinger Strasse,33
Sendlinger Strasse,34
Sendlinger Strasse,35
Sendlinger Strasse,36
Sendlinger Strasse,37
Sendlinger Strasse,38
Sendlinger Strasse,39
Sendlinger Strasse,40
Sendlinger Strasse,41
Sendlinger Strasse,42
Sendlinger Strasse,43
Sendlinger Strasse,44
Sendlinger Strasse,45
Sendlinger Strasse,46
Sendlinger Strasse,47
Sendlinger Strasse,48
Sendlinger Strasse,49
Sendlinger Strasse,50
Sendlinger Strasse,51
Sendlinger Strasse,52
Sendlinger Strasse,53
Sendlinger Strasse,54
Sendlinger Strasse,55
Sendlinger Strasse,56
Sendlinger Strasse,57
Sendlinger Strasse,58
Sendlinger Strasse,59
Sendlinger Strasse,60
Sendlinger Strasse,61
Sendlinger Strasse,62
Sendlinger Strasse,63
Sendlinger Strasse,64
Sendlinger Strasse,65
Sendlinger Strasse,66
Sendlinger Strasse,67
Sendlinger Strasse,68
Sendlinger Strasse,69
Sendlinger Strasse,70
Sendlinger Strasse,71
Sendlinger Strasse,72
Sendlinger Strasse,73
Sendlinger Strasse,74
Sendlinger Strasse,75
Sendlinger Strasse,76
Sendlinger Strasse,77
Sendlinger Strasse,78
Sendlinger Strasse,79
Sendlinger Strasse,80
Sendlinger Strasse,81
Sendlinger Strasse,82
Sendlinger Strasse,83
Sendlinger Strasse,84
Sendlinger Strasse,85
Sendlinger Strasse,86
Sendlinger Strasse,87
Sendlinger Strasse,88
Sendlinger Strasse,89
Sendlinger Weg,1
Sendlinger Weg,2
Sendlinger Weg,3
Sendlinger Weg,4
Sendlinger-Tor-Platz,1
Sendlinger-Tor-Platz,2
Sendlinger-Tor-Platz,3
Sendlinger-Tor-Platz,4
Sendlinger-Tor-Platz,5
Sendlinger-Tor-Platz,6
Sendlinger-Tor-Platz,7
Sendlinger-Tor-Platz,8
Sendlinger-Tor-Platz,9
Sendlinger-Tor-Platz,10
Sendlinger-Tor-Platz,11
Senefelderstrasse,1
Senefelderstrasse,2
Senefelderstrasse,3
Senefelderstrasse,4
Senefelderstrasse,5
Senefelderstrasse,6
Senefelderstrasse,7
Senefelderstrasse,8
Senefelderstrasse,9
Senefelderstrasse,10
Senefelderstrasse,11
Senefelderstrasse,12
Senefelderstrasse,13
Senefelderstrasse,14
Senefelderstrasse,15
Senefelderstrasse,16
Senefelderstrasse,17
Senserstrasse,1
Senserstrasse,2
Senserstrasse,3
Senserstrasse,4
Senserstrasse,5
Senserstrasse,6
Senserstrasse,7
Senserstrasse,8
Senserstrasse,9
Senserstrasse,10
Senserstrasse,11
Senserstrasse,12
Senserstrasse,13
Senserstrasse,14
Senserstrasse,15
Senserstrasse,16
Senserstrasse,17
Senserstrasse,18
Senserstrasse,19
Senserstrasse,20
Senserstrasse,21
Senserstrasse,22
Siebenbrunn,1
Siegesstrasse,1
Siegesstrasse,2
Siegesstrasse,3
Siegesstrasse,4
Siegesstrasse,5
Siegesstrasse,6
Siegesstrasse,7
Siegesstrasse,8
Siegesstrasse,9
Siegesstrasse,10
Siegesstrasse,11
Siegesstrasse,12
Siegesstrasse,13
Siegesstrasse,14
Siegesstrasse,15
Siegesstrasse,16
Siegesstrasse,17
Siegesstrasse,18
Siegesstrasse,19
Siegesstrasse,20
Siegesstrasse,21
Siegesstrasse,22
Siegesstrasse,23
Siegesstrasse,24
Siegesstrasse,25
Siegesstrasse,26
Siegesstrasse,27
Siegesstrasse,28
Siegesstrasse,29
Siegesstrasse,30
Siegesstrasse,31
Siegesstrasse,32
Siegesstrasse,33
Siegfriedstrasse,1
Siegfriedstrasse,2
Siegfriedstrasse,3
Siegfriedstrasse,4
Siegfriedstrasse,5
Siegfriedstrasse,6
Siegfriedstrasse,7
Siegfriedstrasse,8
Siegfriedstrasse,9
Siegfriedstrasse,10
Siegfriedstrasse,11
Siegfriedstrasse,12
Siegfriedstrasse,13
Siegfriedstrasse,14
Siegfriedstrasse,15
Sigmundstrasse,1
Sigmundstrasse,2
Sigmundstrasse,3
Sigmundstrasse,4
Sigmundstrasse,5
Sigmundstrasse,6
Sigmundstrasse,7
Singlspielerstrasse,1
Singstrasse,1
Singstrasse,2
Singstrasse,3
Singstrasse,4
Singstrasse,5
Singstrasse,6
Singstrasse,7
Singstrasse,8
Singstrasse,9
Singstrasse,10
Singstrasse,11
Singstrasse,12
Singstrasse,13
Singstrasse,14
Singstrasse,15
Singstrasse,16
Singstrasse,17
Singstrasse,18
Singstrasse,19
Singstrasse,20
Singstrasse,21
Singstrasse,22
Singstrasse,23
Singstrasse,24
Singstrasse,25
Singstrasse,26
Singstrasse,27
Singstrasse,28
Singstrasse,29
Singstrasse,30
Singstrasse,31
Singstrasse,32
Singstrasse,33
Singstrasse,34
Singstrasse,35
Singstrasse,36
Singstrasse,37
Singstrasse,38
Singstrasse,39
Singstrasse,40
Singstrasse,41
Singstrasse,42
Singstrasse,43
Singstrasse,44
Singstrasse,45
Sommerstrasse,1
Sommerstrasse,2
Sommerstrasse,3
Sommerstrasse,4
Sommerstrasse,5
Sommerstrasse,6
Sommerstrasse,7
Sonnenstrasse,1
Sonnenstrasse,2
Sonnenstrasse,3
Sonnenstrasse,4
Sonnenstrasse,5
Sonnenstrasse,6
Sonnenstrasse,7
Sonnenstrasse,8
Sonnenstrasse,9
Sonnenstrasse,10
Sonnenstrasse,11
Sonnenstrasse,12
Sonnenstrasse,13
Sonnenstrasse,14
Sonnenstrasse,15
Sonnenstrasse,16
Sonnenstrasse,17
Sonnenstrasse,18
Sonnenstrasse,19
Sonnenstrasse,20
Sonnenstrasse,21
Sonnenstrasse,22
Sonnenstrasse,23
Sonnenstrasse,24
Sonnenstrasse,25
Sonnenstrasse,26
Sonnenstrasse,27
Sonnenstrasse,28
Sonnenstrasse,29
Sonnenstrasse,30
Sonnenstrasse,31
Sophienstrasse,1
Sophienstrasse,2
Sophienstrasse,3
Sophienstrasse,4
Sophienstrasse,5
Sophienstrasse,6
Sophienstrasse,7
Soyerhof,1
Spatenstrasse,1
Spatenstrasse,2
Spatenstrasse,3
Spatzenstrasse,1
Spatzenstrasse,2
Spicherenstrasse,1
Spitalstrasse,1
Spitalstrasse,2
Spitalstrasse,3
Spitalstrasse,4
Spitalstrasse,5
Spitalstrasse,6
Spitalstrasse,7
Spitalstrasse,8
Spitalstrasse,9
Spitalstrasse,10
Spitalstrasse,11
Spitalstrasse,12
Spitalstrasse,13
Sporerstrasse,1
Sporerstrasse,2
Sporerstrasse,3
Sporerstrasse,4
St.-Anna-Platz,1
St.-Anna-Platz,2
St.-Anna-Platz,3
St.-Anna-Platz,4
St.-Anna-Platz,5
St.-Anna-Platz,6
St.-Anna-Platz,7
St.-Anna-Platz,8
St.-Anna-Platz,9
St.-Anna-Strasse,1
St.-Anna-Strasse,2
St.-Anna-Strasse,3
St.-Anna-Strasse,4
St.-Anna-Strasse,5
St.-Anna-Strasse,6
St.-Anna-Strasse,7
St.-Anna-Strasse,8
St.-Anna-Strasse,9
St.-Anna-Strasse,10
St.-Anna-Strasse,11
St.-Anna-Strasse,12
St.-Anna-Strasse,13
St.-Anna-Strasse,14
St.-Anna-Strasse,15
St.-Anna-Strasse,16
St.-Anna-Strasse,17
St.-Anna-Strasse,18
St.-Anna-Strasse,19
St.-Jakobs-Platz,1
St.-Jakobs-Platz,2
St.-Jakobs-Platz,3
St.-Jakobs-Platz,4
St.-Jakobs-Platz,5
St.-Jakobs-Platz,6
St.-Jakobs-Platz,7
St.-Jakobs-Platz,8
St.-Jakobs-Platz,9
St.-Jakobs-Platz,10
St.-Jakobs-Platz,11
St.-Jakobs-Platz,12
St.-Jakobs-Platz,13
St.-Jakobs-Platz,14
St.-Paul-Strasse,1
St.-Paul-Strasse,2
St.-Paul-Strasse,3
St.-Paul-Strasse,4
St.-Paul-Strasse,5
St.-Paul-Strasse,6
St.-Paul-Strasse,7
St.-Paul-Strasse,8
St.-Paul-Strasse,9
St.-Paul-Strasse,10
Stadelheim,1
Stadelheim,2
Stadelheim,3
Stadelheim,4
Stadelheim,5
Stadelheim,6
Stadelheim,7
Stadelheim,8
Stadelheim,9
Stadelheim,10
Stadelheim,11
Stadelheim,12
Staubstrasse,1
Staubstrasse,2
Staubstrasse,3
Staubstrasse,4
Staubstrasse,5
Staubstrasse,6
Staubstrasse,7
Staubstrasse,8
Staubstrasse,9
Staubstrasse,10
Staubstrasse,11
Staubstrasse,12
Staubstrasse,13
Staubstrasse,14
Staubstrasse,15
Staudstrasse,1
Staudstrasse,2
Staudstrasse,3
Staudstrasse,4
Staudstrasse,5
Staudstrasse,6
Staudstrasse,7
Steinhausen,1
Steinhausen,2
Steinhausen,3
Steinheilstrasse,1
Steinheilstrasse,2
Steinheilstrasse,3
Steinheilstrasse,4
Steinheilstrasse,5
Steinheilstrasse,6
Steinheilstrasse,7
Steinheilstrasse,8
Steinheilstrasse,9
Steinheilstrasse,10
Steinheilstrasse,11
Steinheilstrasse,12
Steinheilstrasse,13
Steinsdorfstrasse,1
Steinsdorfstrasse,2
Steinsdorfstrasse,3
Steinsdorfstrasse,4
Steinsdorfstrasse,5
Steinsdorfstrasse,6
Steinsdorfstrasse,7
Steinsdorfstrasse,8
Steinsdorfstrasse,9
Steinsdorfstrasse,10
Steinsdorfstrasse,11
Steinsdorfstrasse,12
Steinsdorfstrasse,13
Steinsdorfstrasse,14
Steinsdorfstrasse,15
Steinsdorfstrasse,16
Steinsdorfstrasse,17
Steinsdorfstrasse,18
Steinsdorfstrasse,19
Steinsdorfstrasse,20
Steinsdorfstrasse,21
Steinstrasse,1
Steinstrasse,2
Steinstrasse,3
Steinstrasse,4
Steinstrasse,5
Steinstrasse,6
Steinstrasse,7
Steinstrasse,8
Steinstrasse,9
Steinstrasse,10
Steinstrasse,11
Steinstrasse,12
Steinstrasse,13
Steinstrasse,14
Steinstrasse,15
Steinstrasse,16
Steinstrasse,17
Steinstrasse,18
Steinstrasse,19
Steinstrasse,20
Steinstrasse,21
Steinstrasse,22
Steinstrasse,23
Steinstrasse,24
Steinstrasse,25
Steinstrasse,26
Steinstrasse,27
Steinstrasse,28
Steinstrasse,29
Steinstrasse,30
Steinstrasse,31
Steinstrasse,32
Steinstrasse,33
Steinstrasse,34
Steinstrasse,35
Steinstrasse,36
Steinstrasse,37
Steinstrasse,38
Steinstrasse,39
Steinstrasse,40
Steinstrasse,41
Steinstrasse,42
Steinstrasse,43
Steinstrasse,44
Steinstrasse,45
Steinstrasse,46
Steinstrasse,47
Steinstrasse,48
Steinstrasse,49
Steinstrasse,50
Steinstrasse,51
Steinstrasse,52
Steinstrasse,53
Steinstrasse,54
Steinstrasse,55
Steinstrasse,56
Steinstrasse,57
Steinstrasse,58
Steinstrasse,59
Steinstrasse,60
Steinstrasse,61
Steinstrasse,62
Steinstrasse,63
Steinstrasse,64
Steinstrasse,65
Steinstrasse,66
Steinstrasse,67
Steinstrasse,68
Steinstrasse,69
Steinstrasse,70
Steinstrasse,71
Steinstrasse,72
Steinstrasse,73
Steinstrasse,74
Steinstrasse,75
Steinstrasse,76
Steinstrasse,77
Steinstrasse,78
Steinstrasse,79
Steinstrasse,80
Steinstrasse,81
Steinstrasse,82
Steinstrasse,83
Steinstrasse,84
Steinstrasse,85
Stephanstrasse,1
Sterneckerstrasse,1
Sterneckerstrasse,2
Sterneckerstrasse,3
Sternstrasse,1
Sternstrasse,2
Sternstrasse,3
Sternstrasse,4
Sternstrasse,5
Sternstrasse,6
Sternstrasse,7
Sternstrasse,8
Sternstrasse,9
Sternstrasse,10
Sternstrasse,11
Sternstrasse,12
Sternstrasse,13
Sternstrasse,14
Sternstrasse,15
Sternstrasse,16
Sternstrasse,17
Sternstrasse,18
Sternstrasse,19
Sternstrasse,20
Sternstrasse,21
Sternstrasse,22
Sternstrasse,23
Sternstrasse,24
Sternstrasse,25
Sternstrasse,26
Sternstrasse,27
Sternstrasse,28
Sternstrasse,29
Sternstrasse,30
Sternstrasse,31
Sternstrasse,32
Sternstrasse,33
Sternstrasse,34
Sternstrasse,35
Sternstrasse,36
Sternstrasse,37
Sternstrasse,38
Sternstrasse,39
Sternstrasse,40
Sternstrasse,41
Sternstrasse,42
Sternstrasse,43
Sternstrasse,44
Sternstrasse,45
Sternstrasse,46
Sternstrasse,47
Stiglmaierplatz,1
Stiglmaierplatz,2
Taegergasse,1
Taegergasse,2
Taegergasse,3
Taegergasse,4
Taegergasse,5
Tal,1
Tal,2
Tal,3
Tal,4
Tal,5
Tal,6
Tal,7
Tal,8
Tal,9
Tal,10
Tal,11
Tal,12
Tal,13
Tal,14
Tal,15
Tal,16
Tal,17
Tal,18
Tal,19
Tal,20
Tal,21
Tal,22
Tal,23
Tal,24
Tal,25
Tal,26
Tal,27
Tal,28
Tal,29
Tal,30
Tal,31
Tal,32
Tal,33
Tal,34
Tal,35
Tal,36
Tal,37
Tal,38
Tal,39
Tal,40
Tal,41
Tal,42
Tal,43
Tal,44
Tal,45
Tal,46
Tal,47
Tal,48
Tal,49
Tal,50
Tal,51
Tal,52
Tal,53
Tal,54
Tal,55
Tal,56
Tal,57
Tal,58
Tal,59
Tal,60
Tal,61
Tal,62
Tal,63
Tal,64
Tal,65
Tal,66
Tal,67
Tal,68
Tal,69
Tal,70
Tal,71
Tal,72
Tal,73
Tal,74
Tal,75
Tal,76
Tal,77
Tal,78
Tal,79
Tannenstrasse,1
Tannenstrasse,2
Tannenstrasse,3
Tannenstrasse,4
Tannenstrasse,5
Tannenstrasse,6
Tannenstrasse,7
Tannenstrasse,8
Tannenstrasse,9
Tannenstrasse,10
Tannenstrasse,11
Tannenstrasse,12
Taschenturmgaesschen,1
Taschenturmgaesschen,2
Taschenturmgaesschen,3
Taschenturmgaesschen,4
Taschenturmgaesschen,5
Taschenturmgaesschen,6
Taschenturmgaesschen,7
Taschenturmgaesschen,8
Taschenturmgaesschen,9
Tattenbachstrasse,1
Tattenbachstrasse,2
Tattenbachstrasse,3
Tattenbachstrasse,4
Tattenbachstrasse,5
Tattenbachstrasse,6
Tattenbachstrasse,7
Tattenbachstrasse,8
Tattenbachstrasse,9
Tattenbachstrasse,10
Tattenbachstrasse,11
Tattenbachstrasse,12
Tattenbachstrasse,13
Tattenbachstrasse,14
Tattenbachstrasse,15
Tegernseer Landstrasse,1
Tegernseer Landstrasse,2
Tegernseer Landstrasse,3
Tegernseer Landstrasse,4
Tegernseer Landstrasse,5
Tegernseer Landstrasse,6
Tegernseer Landstrasse,7
Tegernseer Landstrasse,8
Tegernseer Landstrasse,9
Tegernseer Landstrasse,10
Tegernseer Landstrasse,11
Tegernseer Landstrasse,12
Tegernseer Landstrasse,13
Tegernseer Landstrasse,14
Tegernseer Landstrasse,15
Tegernseer Landstrasse,16
Tegernseer Landstrasse,17
Tegernseer Landstrasse,18
Tegernseer Landstrasse,19
Tegernseer Landstrasse,20
Tegernseer Landstrasse,21
Tegernseer Landstrasse,22
Tegernseer Landstrasse,23
Tegernseer Landstrasse,24
Tegernseer Landstrasse,25
Tegernseer Landstrasse,26
Tegernseer Landstrasse,27
Tegernseer Landstrasse,28
Tegernseer Landstrasse,29
Tegernseer Landstrasse,30
Tegernseer Landstrasse,31
Tegernseer Landstrasse,32
Tegernseer Landstrasse,33
Tegernseer Landstrasse,34
Tegernseer Landstrasse,35
Tegernseer Landstrasse,36
Tegernseer Landstrasse,37
Tegernseer Landstrasse,38
Tegernseer Landstrasse,39
Tegernseer Landstrasse,40
Tegernseer Landstrasse,41
Tegernseer Landstrasse,42
Tegernseer Landstrasse,43
Tegernseer Landstrasse,44
Tegernseer Landstrasse,45
Tegernseer Landstrasse,46
Tegernseer Landstrasse,47
Tegernseer Landstrasse,48
Tegernseer Landstrasse,49
Tegernseer Landstrasse,50
Tegernseer Landstrasse,51
Tegernseer Landstrasse,52
Tegernseer Landstrasse,53
Tegernseer Landstrasse,54
Tegernseer Landstrasse,55
Tegernseer Landstrasse,56
Tegernseer Landstrasse,57
Tegernseer Landstrasse,58
Tegernseer Landstrasse,59
Tegernseer Landstrasse,60
Tegernseer Landstrasse,61
Tegernseer Landstrasse,62
Tegernseer Landstrasse,63
Tegernseer Landstrasse,64
Tegernseer Landstrasse,65
Tegernseer Landstrasse,66
Tegernseer Landstrasse,67
Tegernseer Landstrasse,68
Tegernseer Landstrasse,69
Tegernseer Landstrasse,70
Tegernseer Landstrasse,71
Tegernseer Landstrasse,72
Tegernseer Landstrasse,73
Tegernseer Landstrasse,74
Tegernseer Landstrasse,75
Tegernseer Landstrasse,76
Tegernseer Landstrasse,77
Tegernseer Landstrasse,78
Tegernseer Landstrasse,79
Tegernseer Landstrasse,80
Tegernseer Landstrasse,81
Tegernseer Landstrasse,82
Tegernseer Landstrasse,83
Tegernseer Landstrasse,84
Tegernseer Landstrasse,85
Tegernseer Landstrasse,86
Tegernseer Landstrasse,87
Tegernseer Landstrasse,88
Tegernseer Landstrasse,89
Tegernseer Landstrasse,90
Tegernseer Landstrasse,91
Tegernseer Landstrasse,92
Tegernseer Landstrasse,93
Tegernseer Landstrasse,94
Tegernseer Landstrasse,95
Tegernseer Landstrasse,96
Tegernseer Landstrasse,97
Tegernseer Landstrasse,98
Tegernseer Landstrasse,99
Tegernseer Landstrasse,100
Tegernseer Landstrasse,101
Tegernseer Landstrasse,102
Tegernseer Landstrasse,103
Tegernseer Landstrasse,104
Tegernseer Landstrasse,105
Tegernseer Landstrasse,106
Tegernseer Landstrasse,107
Tegernseer Landstrasse,108
Tegernseer Landstrasse,109
Tegernseer Landstrasse,110
Tegernseer Landstrasse,111
Tegernseer Landstrasse,112
Tegernseer Landstrasse,113
Tegernseer Landstrasse,114
Tegernseer Landstrasse,115
Tegernseer Landstrasse,116
Tegernseer Landstrasse,117
Tegernseer Landstrasse,118
Tegernseer Landstrasse,119
Tegernseer Landstrasse,120
Tegernseer Landstrasse,121
Tegernseer Landstrasse,122
Tegernseer Landstrasse,123
Tegernseer Landstrasse,124
Tegernseer Landstrasse,125
Tegernseer Landstrasse,126
Tegernseer Landstrasse,127
Tegernseer Landstrasse,128
Tegernseer Landstrasse,129
Tegernseer Landstrasse,130
Tegernseer Landstrasse,131
Tegernseer Landstrasse,132
Tegernseer Landstrasse,133
Tegernseer Landstrasse,134
Tegernseer Landstrasse,135
Tegernseer Landstrasse,136
Tegernseer Landstrasse,137
Tegernseer Landstrasse,138
Tegernseer Landstrasse,139
Tegernseer Landstrasse,140
Tegernseer Landstrasse,141
Tegernseer Landstrasse,142
Tegernseer Landstrasse,143
Tegernseer Landstrasse,144
Tegernseer Landstrasse,145
Tegernseer Landstrasse,146
Tegernseer Landstrasse,147
Tegernseer Landstrasse,148
Tegernseer Landstrasse,149
Tegernseer Landstrasse,150
Tegernseer Landstrasse,151
Tegernseer Landstrasse,152
Tegernseer Landstrasse,153
Tegernseer Landstrasse,154
Tegernseer Landstrasse,155
Tegernseer Landstrasse,156
Tegernseer Landstrasse,157
Tegernseer Landstrasse,158
Tegernseer Landstrasse,159
Tegernseer Landstrasse,160
Tegernseer Landstrasse,161
Tegernseer Landstrasse,162
Tegernseer Landstrasse,163
Tegernseer Landstrasse,164
Tegernseer Landstrasse,165
Tegernseer Landstrasse,166
Tegernseer Landstrasse,167
Tegernseer Landstrasse,168
Tegernseer Landstrasse,169
Tegernseer Landstrasse,170
Tegernseer Landstrasse,171
Tegernseer Landstrasse,172
Tegernseer Landstrasse,173
Tegernseer Landstrasse,174
Tegernseer Landstrasse,175
Tegernseer Landstrasse,176
Tegernseer Landstrasse,177
Tegernseer Landstrasse,178
Tegernseer Landstrasse,179
Tegernseer Landstrasse,180
Tegernseer Landstrasse,181
Tegernseer Landstrasse,182
Tegernseer Landstrasse,183
Tegernseer Landstrasse,184
Tegernseer Landstrasse,185
Tegernseer Landstrasse,186
Tegernseer Landstrasse,187
Tegernseer Landstrasse,188
Tegernseer Landstrasse,189
Tegernseer Landstrasse,190
Tegernseer Landstrasse,191
Tegernseer Landstrasse,192
Tegernseer Landstrasse,193
Tegernseer Landstrasse,194
Tegernseer Landstrasse,195
Tegernseer Strasse,1
Tegernseer Strasse,2
Thalkirchner Platz,1
Thalkirchner Platz,2
Thalkirchner Platz,3
Thalkirchner Platz,4
Thalkirchner Platz,5
Thalkirchner Platz,6
Thalkirchner Platz,7
Thalkirchner Platz,8
Thalkirchner Platz,9
Thalkirchner Platz,10
Thalkirchner Platz,11
Thalkirchner Platz,12
Thalkirchner Platz,13
Thalkirchner Platz,14
Thalkirchner Platz,15
Thalkirchner Platz,16
Thalkirchner Platz,17
Thalkirchner Platz,18
Thalkirchner Platz,19
Thalkirchner Platz,20
Thalkirchner Platz,21
Thalkirchner Platz,22
Thalkirchner Platz,23
Thalkirchner Platz,24
Thalkirchner Platz,25
Thalkirchner Platz,26
Thalkirchner Platz,27
Thalkirchner Platz,28
Thalkirchner Platz,29
Thalkirchner Platz,30
Thalkirchner Platz,31
Thalkirchner Platz,32
Thalkirchner Platz,33
Thalkirchner Platz,34
Thalkirchner Platz,35
Thalkirchner Platz,36
Thalkirchner Platz,37
Thalkirchner Platz,38
Thalkirchner Platz,39
Thalkirchner Platz,40
Thalkirchner Platz,41
Thalkirchner Platz,42
Thalkirchner Platz,43
Thalkirchner Platz,44
Thalkirchner Strasse,1
Thalkirchner Strasse,2
Thalkirchner Strasse,3
Thalkirchner Strasse,4
Thalkirchner Strasse,5
Thalkirchner Strasse,6
Thalkirchner Strasse,7
Thalkirchner Strasse,8
Thalkirchner Strasse,9
Thalkirchner Strasse,10
Thalkirchner Strasse,11
Thalkirchner Strasse,12
Thalkirchner Strasse,13
Thalkirchner Strasse,14
Thalkirchner Strasse,15
Thalkirchner Strasse,16
Thalkirchner Strasse,17
Thalkirchner Strasse,18
Thalkirchner Strasse,19
Thalkirchner Strasse,20
Thalkirchner Strasse,21
Thalkirchner Strasse,22
Thalkirchner Strasse,23
Thalkirchner Strasse,24
Thalkirchner Strasse,25
Thalkirchner Strasse,26
Thalkirchner Strasse,27
Thalkirchner Strasse,28
Thalkirchner Strasse,29
Thalkirchner Strasse,30
Thalkirchner Strasse,31
Thalkirchner Strasse,32
Thalkirchner Strasse,33
Thalkirchner Strasse,34
Thalkirchner Strasse,35
Thalkirchner Strasse,36
Thalkirchner Strasse,37
Thalkirchner Strasse,38
Thalkirchner Strasse,39
Thalkirchner Strasse,40
Thalkirchner Strasse,41
Thalkirchner Strasse,42
Thalkirchner Strasse,43
Thalkirchner Strasse,44
Thalkirchner Strasse,45
Thalkirchner Strasse,46
Thalkirchner Strasse,47
Thalkirchner Strasse,48
Thalkirchner Strasse,49
Thalkirchner Strasse,50
Thalkirchner Strasse,51
Thalkirchner Strasse,52
Thalkirchner Strasse,53
Thalkirchner Strasse,54
Thalkirchner Strasse,55
Thalkirchner Strasse,56
Thalkirchner Strasse,57
Thalkirchner Strasse,58
Thalkirchner Strasse,59
Thalkirchner Strasse,60
Thalkirchner Strasse,61
Thalkirchner Strasse,62
Thalkirchner Strasse,63
Thalkirchner Strasse,64
Thalkirchner Strasse,65
Thalkirchner Strasse,66
Thalkirchner Strasse,67
Thalkirchner Strasse,68
Thalkirchner Strasse,69
Thalkirchner Strasse,70
Thalkirchner Strasse,71
Thalkirchner Strasse,72
Thalkirchner Strasse,73
Thalkirchner Strasse,74
Thalkirchner Strasse,75
Thalkirchner Strasse,76
Thalkirchner Strasse,77
Thalkirchner Strasse,78
Thalkirchner Strasse,79
Thalkirchner Strasse,80
Thalkirchner Strasse,81
Thalkirchner Strasse,82
Thalkirchner Strasse,83
Thalkirchner Strasse,84
Thalkirchner Strasse,85
Thalkirchner Strasse,86
Thalkirchner Strasse,87
Thalkirchner Strasse,88
Thalkirchner Strasse,89
Thalkirchner Strasse,90
Thalkirchner Strasse,91
Thalkirchner Strasse,92
Thalkirchner Strasse,93
Thalkirchner Strasse,94
Thalkirchner Strasse,95
Thalkirchner Strasse,96
Thalkirchner Strasse,97
Thalkirchner Strasse,98
Thalkirchner Strasse,99
Thalkirchner Strasse,100
Thalkirchner Strasse,101
Thalkirchner Strasse,102
Thalkirchner Strasse,103
Thalkirchner Strasse,104
Thalkirchner Strasse,105
Thalkirchner Strasse,106
Thalkirchner Strasse,107
Thalkirchner Strasse,108
Thalkirchner Strasse,109
Thalkirchner Strasse,110
Thalkirchner Strasse,111
Thalkirchner Strasse,112
Thalkirchner Strasse,113
Thalkirchner Strasse,114
Thalkirchner Strasse,115
Thalkirchner Strasse,116
Thalkirchner Strasse,117
Thalkirchner Strasse,118
Thalkirchner Strasse,119
Thalkirchner Strasse,120
Thalkirchner Strasse,121
Thalkirchner Strasse,122
Thalkirchner Strasse,123
Thalkirchner Strasse,124
Thalkirchner Strasse,125
Thalkirchner Strasse,126
Thalkirchner Strasse,127
Thalkirchner Strasse,128
Thalkirchner Strasse,129
Thalkirchner Strasse,130
Thalkirchner Strasse,131
Thalkirchner Strasse,132
Thalkirchner Strasse,133
Thalkirchner Strasse,134
Thalkirchner Strasse,135
Thalkirchner Strasse,136
Thalkirchner Strasse,137
Thalkirchner Strasse,138
Thalkirchner Strasse,139
Thalkirchner Strasse,140
Thalkirchner Strasse,141
Thalkirchner Strasse,142
Thalkirchner Strasse,143
Thalkirchner Strasse,144
Thalkirchner Strasse,145
Thalkirchner Strasse,146
Thalkirchner Strasse,147
Thalkirchner Strasse,148
Thalkirchner Strasse,149
Thalkirchner Strasse,150
Thalkirchner Strasse,151
Thalkirchner Strasse,152
Thalkirchner Strasse,153
Thalkirchner Strasse,154
Thalkirchner Strasse,155
Thalkirchner Strasse,156
Thalkirchner Strasse,157
Thalkirchner Strasse,158
Thalkirchner Strasse,159
Thalkirchner Strasse,160
Thalkirchner Strasse,161
Thalkirchner Strasse,162
Thalkirchner Strasse,163
Thalkirchner Strasse,164
Thalkirchner Strasse,165
Thalkirchner Strasse,166
Thalkirchner Strasse,167
Thalkirchner Strasse,168
Thalkirchner Strasse,169
Thalkirchner Strasse,170
Thalkirchner Strasse,171
Thalkirchner Strasse,172
Thalkirchner Strasse,173
Thalkirchner Strasse,174
Thalkirchner Strasse,175
Thalkirchner Strasse,176
Thalkirchner Strasse,177
Thalkirchner Strasse,178
Thalkirchner Strasse,179
Thalkirchner Strasse,180
Thalkirchner Strasse,181
Thalkirchner Strasse,182
Thalkirchner Strasse,183
Thalkirchner Strasse,184
Thalkirchner Strasse,185
Thalkirchner Strasse,186
Thalkirchner Strasse,187
Thalkirchner Strasse,188
Thalkirchner Strasse,189
Thalkirchner Strasse,190
Thalkirchner Strasse,191
Thalkirchner Strasse,192
Thalkirchner Strasse,193
Thalkirchner Strasse,194
Thalkirchner Strasse,195
Thalkirchner Strasse,196
Thalkirchner Strasse,197
Thalkirchner Strasse,198
Thalkirchner Strasse,199
Thalkirchner Strasse,200
Thalkirchner Strasse,201
Thalkirchner Strasse,202
Thalkirchner Strasse,203
Thalkirchner Strasse,204
Thalkirchner Strasse,205
Thalkirchner Strasse,206
Thalkirchner Strasse,207
Thalkirchner Strasse,208
Thalkirchner Strasse,209
Thalkirchner Strasse,210
Thalkirchner Strasse,211
Thalkirchner Strasse,212
Thalkirchner Strasse,213
Thalkirchner Strasse,214
Thalkirchner Strasse,215
Thalkirchner Strasse,216
Thalkirchner Strasse,217
Thalkirchner Strasse,218
Thalkirchner Strasse,219
Thalkirchner Strasse,220
Thalkirchner Strasse,221
Thalkirchner Strasse,222
Thalkirchner Strasse,223
Thalkirchner Strasse,224
Thalkirchner Strasse,225
Thalkirchner Strasse,226
Thalkirchner Strasse,227
Thalkirchner Strasse,228
Thalkirchner Strasse,229
Thalkirchner Strasse,230
Thalkirchner Strasse,231
Thalkirchner Strasse,232
Thalkirchner Strasse,233
Thalkirchner Strasse,234
Thalkirchner Strasse,235
Thalkirchner Strasse,236
Thalkirchner Strasse,237
Thalkirchner Strasse,238
Thalkirchner Strasse,239
Thalkirchner Strasse,240
Thalkirchner Strasse,241
Thalkirchner Strasse,242
Thalkirchner Strasse,243
Thalkirchner Strasse,244
Thalkirchner Strasse,245
Thalkirchner Strasse,246
Thalkirchner Strasse,247
Thalkirchner Strasse,248
Thalkirchner Strasse,249
Thalkirchner Strasse,250
Thalkirchner Strasse,251
Thalkirchner Strasse,252
Thalkirchner Strasse,253
Thalkirchner Strasse,254
Thalkirchner Strasse,255
Thalkirchner Strasse,256
Thalkirchner Strasse,257
Thalkirchner Strasse,258
Thalkirchner Strasse,259
Thalkirchner Strasse,260
Thalkirchner Strasse,261
Thalkirchner Strasse,262
Thalkirchner Strasse,263
Thalkirchner Strasse,264
Thalkirchner Strasse,265
Thalkirchner Strasse,266
Thalkirchner Strasse,267
Thalkirchner Strasse,268
Thalkirchner Strasse,269
Thalkirchner Strasse,270
Thalkirchner Strasse,271
Thalkirchner Strasse,272
Thalkirchner Strasse,273
Thalkirchner Strasse,274
Thalkirchner Strasse,275
Thalkirchner Strasse,276
Thalkirchner Strasse,277
Thalkirchner Strasse,278
Thalkirchner Strasse,279
Thalkirchner Strasse,280
Thalkirchner Strasse,281
Thalkirchner Strasse,282
Thalkirchner Strasse,283
Thalkirchner Strasse,284
Thalkirchner Strasse,285
Thalkirchner Strasse,286
Thalkirchner Strasse,287
Thalkirchner Strasse,288
Thalkirchner Strasse,289
Thalkirchner Strasse,290
Theatinerstrasse,1
Theatinerstrasse,2
Theatinerstrasse,3
Theatinerstrasse,4
Theatinerstrasse,5
Theatinerstrasse,6
Theatinerstrasse,7
Theatinerstrasse,8
Theatinerstrasse,9
Theatinerstrasse,10
Theatinerstrasse,11
Theatinerstrasse,12
Theatinerstrasse,13
Theatinerstrasse,14
Theatinerstrasse,15
Theatinerstrasse,16
Theatinerstrasse,17
Theatinerstrasse,18
Theatinerstrasse,19
Theatinerstrasse,20
Theatinerstrasse,21
Theatinerstrasse,22
Theatinerstrasse,23
Theatinerstrasse,24
Theatinerstrasse,25
Theatinerstrasse,26
Theatinerstrasse,27
Theatinerstrasse,28
Theatinerstrasse,29
Theatinerstrasse,30
Theatinerstrasse,31
Theatinerstrasse,32
Theatinerstrasse,33
Theatinerstrasse,34
Theatinerstrasse,35
Theatinerstrasse,36
Theatinerstrasse,37
Theatinerstrasse,38
Theatinerstrasse,39
Theatinerstrasse,40
Theatinerstrasse,41
Theatinerstrasse,42
Theatinerstrasse,43
Theatinerstrasse,44
Theatinerstrasse,45
Theatinerstrasse,46
Theatinerstrasse,47
Theatinerstrasse,48
Theatinerstrasse,49
Theatinerstrasse,50
Theatinerstrasse,51
Theatinerstrasse,52
Theatinerstrasse,53
Theatinerstrasse,54
Theklastrasse,1
Theklastrasse,2
Theklastrasse,3
Theklastrasse,4
Theresienhoehe,1
Theresienhoehe,2
Theresienhoehe,3
Theresienhoehe,4
Theresienhoehe,5
Theresienhoehe,6
Theresienhoehe,7
Theresienhoehe,8
Theresienhoehe,9
Theresienhoehe,10
Theresienhoehe,11
Theresienhoehe,12
Theresienhoehe,13
Theresienhoehe,14
Theresienhoehe,15
Theresienhoehe,16
Theresienhoehe,17
Theresienhoehe,18
Theresienhoehe,19
Theresienhoehe,20
Theresienhoehe,21
Theresienstrasse,1
Theresienstrasse,2
Theresienstrasse,3
Theresienstrasse,4
Theresienstrasse,5
Theresienstrasse,6
Theresienstrasse,7
Theresienstrasse,8
Theresienstrasse,9
Theresienstrasse,10
Theresienstrasse,11
Theresienstrasse,12
Theresienstrasse,13
Theresienstrasse,14
Theresienstrasse,15
Theresienstrasse,16
Theresienstrasse,17
Theresienstrasse,18
Theresienstrasse,19
Theresienstrasse,20
Theresienstrasse,21
Theresienstrasse,22
Theresienstrasse,23
Theresienstrasse,24
Theresienstrasse,25
Theresienstrasse,26
Theresienstrasse,27
Theresienstrasse,28
Theresienstrasse,29
Theresienstrasse,30
Theresienstrasse,31
Theresienstrasse,32
Theresienstrasse,33
Theresienstrasse,34
Theresienstrasse,35
Theresienstrasse,36
Theresienstrasse,37
Theresienstrasse,38
Theresienstrasse,39
Theresienstrasse,40
Theresienstrasse,41
Theresienstrasse,42
Theresienstrasse,43
Theresienstrasse,44
Theresienstrasse,45
Theresienstrasse,46
Theresienstrasse,47
Theresienstrasse,48
Theresienstrasse,49
Theresienstrasse,50
Theresienstrasse,51
Theresienstrasse,52
Theresienstrasse,53
Theresienstrasse,54
Theresienstrasse,55
Theresienstrasse,56
Theresienstrasse,57
Theresienstrasse,58
Theresienstrasse,59
Theresienstrasse,60
Theresienstrasse,61
Theresienstrasse,62
Theresienstrasse,63
Theresienstrasse,64
Theresienstrasse,65
Theresienstrasse,66
Theresienstrasse,67
Theresienstrasse,68
Theresienstrasse,69
Theresienstrasse,70
Theresienstrasse,71
Theresienstrasse,72
Theresienstrasse,73
Theresienstrasse,74
Theresienstrasse,75
Theresienstrasse,76
Theresienstrasse,77
Theresienstrasse,78
Theresienstrasse,79
Theresienstrasse,80
Theresienstrasse,81
Theresienstrasse,82
Theresienstrasse,83
Theresienstrasse,84
Theresienstrasse,85
Theresienstrasse,86
Theresienstrasse,87
Theresienstrasse,88
Theresienstrasse,89
Theresienstrasse,90
Theresienstrasse,91
Theresienstrasse,92
Theresienstrasse,93
Theresienstrasse,94
Theresienstrasse,95
Theresienstrasse,96
Theresienstrasse,97
Theresienstrasse,98
Theresienstrasse,99
Theresienstrasse,100
Theresienstrasse,101
Theresienstrasse,102
Theresienstrasse,103
Theresienstrasse,104
Theresienstrasse,105
Theresienstrasse,106
Theresienstrasse,107
Theresienstrasse,108
Theresienstrasse,109
Theresienstrasse,110
Theresienstrasse,111
Theresienstrasse,112
Theresienstrasse,113
Theresienstrasse,114
Theresienstrasse,115
Theresienstrasse,116
Theresienstrasse,117
Theresienstrasse,118
Theresienstrasse,119
Theresienstrasse,120
Theresienstrasse,121
Theresienstrasse,122
Theresienstrasse,123
Theresienstrasse,124
Theresienstrasse,125
Theresienstrasse,126
Theresienstrasse,127
Theresienstrasse,128
Theresienstrasse,129
Theresienstrasse,130
Theresienstrasse,131
Theresienstrasse,132
Theresienstrasse,133
Theresienstrasse,134
Theresienstrasse,135
Theresienstrasse,136
Theresienstrasse,137
Theresienstrasse,138
Theresienstrasse,139
Theresienstrasse,140
Theresienstrasse,141
Theresienstrasse,142
Theresienstrasse,143
Theresienstrasse,144
Theresienstrasse,145
Theresienstrasse,146
Theresienstrasse,147
Theresienstrasse,148
Theresienstrasse,149
Theresienstrasse,150
Theresienstrasse,151
Theresienstrasse,152
Theresienstrasse,153
Theresienstrasse,154
Theresienstrasse,155
Theresienstrasse,156
Theresienstrasse,157
Theresienstrasse,158
Theresienstrasse,159
Theresienstrasse,160
Theresienwiese,1
Theresienwiese,2
Thiereckstrasse,1
Thiereckstrasse,2
Thiereckstrasse,3
Thiereckstrasse,4
Thierschplatz,1
Thierschplatz,2
Thierschplatz,3
Thierschplatz,4
Thierschstrasse,1
Thierschstrasse,2
Thierschstrasse,3
Thierschstrasse,4
Thierschstrasse,5
Thierschstrasse,6
Thierschstrasse,7
Thierschstrasse,8
Thierschstrasse,9
Thierschstrasse,10
Thierschstrasse,11
Thierschstrasse,12
Thierschstrasse,13
Thierschstrasse,14
Thierschstrasse,15
Thierschstrasse,16
Thierschstrasse,17
Thierschstrasse,18
Thierschstrasse,19
Thierschstrasse,20
Thierschstrasse,21
Thierschstrasse,22
Thierschstrasse,23
Thierschstrasse,24
Thierschstrasse,25
Thierschstrasse,26
Thierschstrasse,27
Thierschstrasse,28
Thierschstrasse,29
Thierschstrasse,30
Thierschstrasse,31
Thierschstrasse,32
Thierschstrasse,33
Thierschstrasse,34
Thierschstrasse,35
Thierschstrasse,36
Thierschstrasse,37
Thierschstrasse,38
Thierschstrasse,39
Thierschstrasse,40
Thierschstrasse,41
Thierschstrasse,42
Thierschstrasse,43
Thierschstrasse,44
Thierschstrasse,45
Thierschstrasse,46
Thierschstrasse,47
Thierschstrasse,48
Thierschstrasse,49
Thierschstrasse,50
Thierschstrasse,51
Thorplatz,1
Thorplatz,2
Thorplatz,3
Thorplatz,4
Thorplatz,5
Thorplatz,6
Thorplatz,7
Thorplatz,8
Thorwaldsenstrasse,1
Thorwaldsenstrasse,2
Thorwaldsenstrasse,3
Thorwaldsenstrasse,4
Thorwaldsenstrasse,5
Thorwaldsenstrasse,6
Thorwaldsenstrasse,7
Thorwaldsenstrasse,8
Thorwaldsenstrasse,9
Thorwaldsenstrasse,10
Thorwaldsenstrasse,11
Thorwaldsenstrasse,12
Thorwaldsenstrasse,13
Thorwaldsenstrasse,14
Thorwaldsenstrasse,15
Thorwaldsenstrasse,16
Thorwaldsenstrasse,17
Thorwaldsenstrasse,18
Thorwaldsenstrasse,19
Thorwaldsenstrasse,20
Thorwaldsenstrasse,21
Thorwaldsenstrasse,22
Thorwaldsenstrasse,23
Thorwaldsenstrasse,24
Thorwaldsenstrasse,25
Thorwaldsenstrasse,26
Thorwaldsenstrasse,27
Thorwaldsenstrasse,28
Thorwaldsenstrasse,29
Thorwaldsenstrasse,30
Thorwaldsenstrasse,31
Thorwaldsenstrasse,32
Thorwaldsenstrasse,33
Thorwaldsenstrasse,34
Thorwaldsenstrasse,35
Tivoli,1
Tivoli,2
Tivoli,3
Tivoli,4
Tivoli,5
Trauerstrasse,1
Trauerstrasse,2
Trauerstrasse,3
Trauerstrasse,4
Trauerstrasse,5
Trauerstrasse,6
Trauerstrasse,7
Trauerstrasse,8
Trauerstrasse,9
Trauerstrasse,10
Trauerstrasse,11
Trauerstrasse,12
Trauerstrasse,13
Trauerstrasse,14
Trauerstrasse,15
Trauerstrasse,16
Trauerstrasse,17
Trauerstrasse,18
Trauerstrasse,19
Trauerstrasse,20
Trauerstrasse,21
Trauerstrasse,22
Trauerstrasse,23
Trauerstrasse,24
Trauerstrasse,25
Trauerstrasse,26
Trauerstrasse,27
Trauerstrasse,28
Trauerstrasse,29
Trauerstrasse,30
Triftstrasse,1
Triftstrasse,2
Triftstrasse,3
Triftstrasse,4
Triftstrasse,5
Triftstrasse,6
Triftstrasse,7
Triftstrasse,8
Triftstrasse,9
Triftstrasse,10
Tristrasse,1
Tristrasse,2
Tristrasse,3
Tristrasse,4
Tristrasse,5
Tristrasse,6
Tristrasse,7
Tristrasse,8
Tristrasse,9
Trogerstrasse,1
Trogerstrasse,2
Trogerstrasse,3
Trogerstrasse,4
Trogerstrasse,5
Trogerstrasse,6
Trogerstrasse,7
Trogerstrasse,8
Trogerstrasse,9
Trogerstrasse,10
Trogerstrasse,11
Trogerstrasse,12
Trogerstrasse,13
Trogerstrasse,14
Trogerstrasse,15
Trogerstrasse,16
Trogerstrasse,17
Trogerstrasse,18
Trogerstrasse,19
Trogerstrasse,20
Trogerstrasse,21
Trogerstrasse,22
Trogerstrasse,23
Trogerstrasse,24
Trogerstrasse,25
Tuerkengraben,1
Tuerkengraben,2
Tuerkengraben,3
Tuerkengraben,4
Tuerkengraben,5
Tuerkengraben,6
Tuerkengraben,7
Tuerkengraben,8
Tuerkengraben,9
Tuerkengraben,10
Tuerkengraben,11
Tuerkengraben,12
Tuerkengraben,13
Tuerkengraben,14
Tuerkengraben,15
Tuerkengraben,16
Tuerkengraben,17
Tuerkengraben,18
Tuerkengraben,19
Tuerkengraben,20
Tuerkengraben,21
Tuerkengraben,22
Tuerkengraben,23
Tuerkengraben,24
Tuerkengraben,25
Tuerkengraben,26
Tuerkengraben,27
Tuerkengraben,28
Tuerkengraben,29
Tuerkengraben,30
Tuerkengraben,31
Tuerkengraben,32
Tuerkengraben,33
Tuerkengraben,34
Tuerkengraben,35
Tuerkengraben,36
Tuerkengraben,37
Tuerkengraben,38
Tuerkengraben,39
Tuerkengraben,40
Tuerkengraben,41
Tuerkengraben,42
Tuerkengraben,43
Tuerkengraben,44
Tuerkengraben,45
Tuerkengraben,46
Tuerkengraben,47
Tuerkengraben,48
Tuerkengraben,49
Tuerkengraben,50
Tuerkengraben,51
Tuerkengraben,52
Tuerkengraben,53
Tuerkengraben,54
Tuerkengraben,55
Tuerkengraben,56
Tuerkengraben,57
Tuerkengraben,58
Tuerkengraben,59
Tuerkengraben,60
Tuerkengraben,61
Tuerkengraben,62
Tuerkenstrasse,1
Tuerkenstrasse,2
Tuerkenstrasse,3
Tuerkenstrasse,4
Tuerkenstrasse,5
Tuerkenstrasse,6
Tuerkenstrasse,7
Tuerkenstrasse,8
Tuerkenstrasse,9
Tuerkenstrasse,10
Tuerkenstrasse,11
Tuerkenstrasse,12
Tuerkenstrasse,13
Tuerkenstrasse,14
Tuerkenstrasse,15
Tuerkenstrasse,16
Tuerkenstrasse,17
Tuerkenstrasse,18
Tuerkenstrasse,19
Tuerkenstrasse,20
Tuerkenstrasse,21
Tuerkenstrasse,22
Tuerkenstrasse,23
Tuerkenstrasse,24
Tuerkenstrasse,25
Tuerkenstrasse,26
Tuerkenstrasse,27
Tuerkenstrasse,28
Tuerkenstrasse,29
Tuerkenstrasse,30
Tuerkenstrasse,31
Tuerkenstrasse,32
Tuerkenstrasse,33
Tuerkenstrasse,34
Tuerkenstrasse,35
Tuerkenstrasse,36
Tuerkenstrasse,37
Tuerkenstrasse,38
Tuerkenstrasse,39
Tuerkenstrasse,40
Tuerkenstrasse,41
Tuerkenstrasse,42
Tuerkenstrasse,43
Tuerkenstrasse,44
Tuerkenstrasse,45
Tuerkenstrasse,46
Tuerkenstrasse,47
Tuerkenstrasse,48
Tuerkenstrasse,49
Tuerkenstrasse,50
Tuerkenstrasse,51
Tuerkenstrasse,52
Tuerkenstrasse,53
Tuerkenstrasse,54
Tuerkenstrasse,55
Tuerkenstrasse,56
Tuerkenstrasse,57
Tuerkenstrasse,58
Tuerkenstrasse,59
Tuerkenstrasse,60
Tuerkenstrasse,61
Tuerkenstrasse,62
Tuerkenstrasse,63
Tuerkenstrasse,64
Tuerkenstrasse,65
Tuerkenstrasse,66
Tuerkenstrasse,67
Tuerkenstrasse,68
Tuerkenstrasse,69
Tuerkenstrasse,70
Tuerkenstrasse,71
Tuerkenstrasse,72
Tuerkenstrasse,73
Tuerkenstrasse,74
Tuerkenstrasse,75
Tuerkenstrasse,76
Tuerkenstrasse,77
Tuerkenstrasse,78
Tuerkenstrasse,79
Tuerkenstrasse,80
Tuerkenstrasse,81
Tuerkenstrasse,82
Tuerkenstrasse,83
Tuerkenstrasse,84
Tuerkenstrasse,85
Tuerkenstrasse,86
Tuerkenstrasse,87
Tuerkenstrasse,88
Tuerkenstrasse,89
Tuerkenstrasse,90
Tuerkenstrasse,91
Tuerkenstrasse,92
Tuerkenstrasse,93
Tuerkenstrasse,94
Tuerkenstrasse,95
Tuerkenstrasse,96
Tuerkenstrasse,97
Tuerkenstrasse,98
Tuerkenstrasse,99
Tuerkenstrasse,100
Tuerkenstrasse,101
Tuerkenstrasse,102
Tuerkenstrasse,103
Tulbeckstrasse,1
Tulbeckstrasse,2
Tulbeckstrasse,3
Tulbeckstrasse,4
Tulbeckstrasse,5
Tulbeckstrasse,6
Tulbeckstrasse,7
Tulbeckstrasse,8
Tulbeckstrasse,9
Tulbeckstrasse,10
Tulbeckstrasse,11
Tulbeckstrasse,12
Tulbeckstrasse,13
Tulbeckstrasse,14
Tulbeckstrasse,15
Tulbeckstrasse,16
Tulbeckstrasse,17
Tulbeckstrasse,18
Tulbeckstrasse,19
Tulbeckstrasse,20
Tulbeckstrasse,21
Tulbeckstrasse,22
Tulbeckstrasse,23
Tulbeckstrasse,24
Tulbeckstrasse,25
Tumblingerstrasse,1
Tumblingerstrasse,2
Tumblingerstrasse,3
Tumblingerstrasse,4
Tumblingerstrasse,5
Tumblingerstrasse,6
Tumblingerstrasse,7
Tumblingerstrasse,8
Tumblingerstrasse,9
Tumblingerstrasse,10
Tumblingerstrasse,11
Tumblingerstrasse,12
Tumblingerstrasse,13
Tumblingerstrasse,14
Tumblingerstrasse,15
Tumblingerstrasse,16
Tumblingerstrasse,17
Tumblingerstrasse,18
Tumblingerstrasse,19
Tumblingerstrasse,20
Tumblingerstrasse,21
Tumblingerstrasse,22
Tumblingerstrasse,23
Tumblingerstrasse,24
Tumblingerstrasse,25
Tumblingerstrasse,26
Tumblingerstrasse,27
Tumblingerstrasse,28
Tumblingerstrasse,29
Tumblingerstrasse,30
Tumblingerstrasse,31
Tumblingerstrasse,32
Tumblingerstrasse,33
Tumblingerstrasse,34
Tumblingerstrasse,35
Tumblingerstrasse,36
Tumblingerstrasse,37
Tumblingerstrasse,38
Tumblingerstrasse,39
Tumblingerstrasse,40
Tumblingerstrasse,41
Tumblingerstrasse,42
Tumblingerstrasse,43
Tumblingerstrasse,44
Tumblingerstrasse,45
Tumblingerstrasse,46
Tumblingerstrasse,47
Tumblingerstrasse,48
Tumblingerstrasse,49
Tumblingerstrasse,50
Tumblingerstrasse,51
Tumblingerstrasse,52
Uhlandstrasse,1
Uhlandstrasse,2
Uhlandstrasse,3
Uhlandstrasse,4
Uhlandstrasse,5
Uhlandstrasse,6
Uhlandstrasse,7
Uhlandstrasse,8
Uhlmannstrasse,1
Uhlmannstrasse,2
Uhlmannstrasse,3
Uhlmannstrasse,4
Uhlmannstrasse,5
Uhlmannstrasse,6
Uhlmannstrasse,7
Uhlmannstrasse,8
Uhlmannstrasse,9
Uhlmannstrasse,10
Uhlmannstrasse,11
Uhlmannstrasse,12
Uhlmannstrasse,13
Uhlmannstrasse,14
Uhlmannstrasse,15
Uhlmannstrasse,16
Uhlmannstrasse,17
Uhlmannstrasse,18
Uhlmannstrasse,19
Uhlmannstrasse,20
Uhlmannstrasse,21
Uhlmannstrasse,22
Uhlmannstrasse,23
Uhlmannstrasse,24
Uhlmannstrasse,25
Uhlmannstrasse,26
Uhlmannstrasse,27
Uhlmannstrasse,28
Uhlmannstrasse,29
Uhlmannstrasse,30
Uhlmannstrasse,31
Uhlmannstrasse,32
Uhlmannstrasse,33
Uhlmannstrasse,34
Uhlmannstrasse,35
Uhlmannstrasse,36
Uhlmannstrasse,37
Uhlmannstrasse,38
Uhlmannstrasse,39
Uhlmannstrasse,40
Uhlmannstrasse,41
Uhlmannstrasse,42
Uhlmannstrasse,43
Uhlmannstrasse,44
Uhlmannstrasse,45
Uhlmannstrasse,46
Uhlmannstrasse,47
Uhlmannstrasse,48
Uhlmannstrasse,49
Uhlmannstrasse,50
Uhlmannstrasse,51
Uhlmannstrasse,52
Uhlmannstrasse,53
Uhlmannstrasse,54
Uhlmannstrasse,55
Uhlmannstrasse,56
Uhlmannstrasse,57
Uhlmannstrasse,58
Uhlmannstrasse,59
Uhlmannstrasse,60
Uhlmannstrasse,61
Uhlmannstrasse,62
Uhlmannstrasse,63
Uhlmannstrasse,64
Uhlmannstrasse,65
Uhlmannstrasse,66
Uhlmannstrasse,67
Uhlmannstrasse,68
Ungererstrasse,1
Ungererstrasse,2
Ungererstrasse,3
Ungererstrasse,4
Ungererstrasse,5
Ungererstrasse,6
Ungererstrasse,7
Ungererstrasse,8
Ungererstrasse,9
Ungererstrasse,10
Ungererstrasse,11
Ungererstrasse,12
Ungererstrasse,13
Ungererstrasse,14
Ungererstrasse,15
Ungererstrasse,16
Ungererstrasse,17
Ungererstrasse,18
Ungererstrasse,19
Ungererstrasse,20
Untere Angerstrasse,1
Untere Angerstrasse,2
Untere Angerstrasse,3
Untere Angerstrasse,4
Untere Angerstrasse,5
Untere Angerstrasse,6
Untere Angerstrasse,7
Untere Angerstrasse,8
Untere Angerstrasse,9
Untere Angerstrasse,10
Untere Angerstrasse,11
Untere Angerstrasse,12
Untere Angerstrasse,13
Untere Angerstrasse,14
Untere Angerstrasse,15
Untere Angerstrasse,16
Untere Angerstrasse,17
Untere Angerstrasse,18
Untere Angerstrasse,19
Untere Angerstrasse,20
Untere Angerstrasse,21
Untere Angerstrasse,22
Untere Angerstrasse,23
Untere Angerstrasse,24
Untere Angerstrasse,25
Untere Angerstrasse,26
Untere Angerstrasse,27
Untere Angerstrasse,28
Untere Angerstrasse,29
Untere Angerstrasse,30
Untere Angerstrasse,31
Untere Angerstrasse,32
Untere Angerstrasse,33
Untere Angerstrasse,34
Untere Angerstrasse,35
Untere Feldstrasse,1
Untere Feldstrasse,2
Untere Feldstrasse,3
Untere Feldstrasse,4
Untere Feldstrasse,5
Untere Feldstrasse,6
Untere Feldstrasse,7
Untere Feldstrasse,8
Untere Feldstrasse,9
Untere Feldstrasse,10
Untere Feldstrasse,11
Untere Feldstrasse,12
Untere Feldstrasse,13
Untere Feldstrasse,14
Untere Feldstrasse,15
Untere Gartenstrasse,1
Untere Gartenstrasse,2
Untere Gartenstrasse,3
Untere Gartenstrasse,4
Untere Gartenstrasse,5
Untere Gartenstrasse,6
Untere Gartenstrasse,7
Untere Gartenstrasse,8
Untere Gartenstrasse,9
Untere Gartenstrasse,10
Untere Gartenstrasse,11
Untere Gartenstrasse,12
Untere Gartenstrasse,13
Untere Gartenstrasse,14
Untere Gartenstrasse,15
Untere Grasstrasse,1
Untere Grasstrasse,2
Untere Grasstrasse,3
Untere Grasstrasse,4
Untere Grasstrasse,5
Untere Grasstrasse,6
Untere Grasstrasse,7
Untere Grasstrasse,8
Untere Grasstrasse,9
Untere Grasstrasse,10
Untere Grasstrasse,11
Untere Grasstrasse,12
Untere Grasstrasse,13
Untere Johannisstrasse,1
Untere Johannisstrasse,2
Untere Johannisstrasse,3
Untere Johannisstrasse,4
Untere Johannisstrasse,5
Untere Weidengasse,1
Untere Weidengasse,2
Untere Weidenstrasse,1
Untere Weidenstrasse,2
Untere Weidenstrasse,3
Untere Weidenstrasse,4
Untere Weidenstrasse,5
Untere Weidenstrasse,6
Untere Weidenstrasse,7
Untere Weidenstrasse,8
Untere Weidenstrasse,9
Untere Weidenstrasse,10
Untere Weidenstrasse,11
Unterer Anger,1
Unterer Anger,2
Unterer Anger,3
Unterer Anger,4
Unterer Anger,5
Unterer Anger,6
Unterer Anger,7
Unterer Anger,8
Unterer Anger,9
Unterer Anger,10
Unterer Anger,11
Unterer Anger,12
Unterer Anger,13
Unterer Anger,14
Unterer Anger,15
Unterer Anger,16
Unterer Anger,17
Unterer Anger,18
Unterer Anger,19
Unterer Anger,20
Unterer Anger,21
Unterer Anger,22
Unterer Anger,23
Unterer Anger,24
Unterer Anger,25
Unterer Anger,26
Unterer Anger,27
Unterer Anger,28
Unterer Anger,29
Unterer Anger,30
Unterer Anger,31
Unterer Anger,32
Unterer Anger,33
Unterer Anger,34
Unterer Anger,35
Unterer Anger,36
Unterer Anger,37
Unterer Anger,38
Unterer Anger,39
Unterer Anger,40
Unterer Anger,41
Unterer Anger,42
Unterer Anger,43
Unterer Anger,44
Unterer Anger,45
Unterer Anger,46
Ursulastrasse,1
Ursulastrasse,2
Ursulastrasse,3
Ursulastrasse,4
Ursulastrasse,5
Ursulastrasse,6
Ursulastrasse,7
Ursulastrasse,8
Ursulastrasse,9
Ursulastrasse,10
Utzschneiderstrasse,1
Utzschneiderstrasse,2
Utzschneiderstrasse,3
Utzschneiderstrasse,4
Utzschneiderstrasse,5
Utzschneiderstrasse,6
Utzschneiderstrasse,7
Utzschneiderstrasse,8
Utzschneiderstrasse,9
Utzschneiderstrasse,10
Utzschneiderstrasse,11
Utzschneiderstrasse,12
Utzschneiderstrasse,13
Utzschneiderstrasse,14
Utzschneiderstrasse,15
Utzschneiderstrasse,16
Utzschneiderstrasse,17
Utzschneiderstrasse,18
Utzschneiderstrasse,19
Utzschneiderstrasse,20
Utzschneiderstrasse,21
Utzschneiderstrasse,22
Utzschneiderstrasse,23
Utzschneiderstrasse,24
Utzschneiderstrasse,25
Utzschneiderstrasse,26
Utzschneiderstrasse,27
Veterinaerstrasse,1
Veterinaerstrasse,2
Veterinaerstrasse,3
Veterinaerstrasse,4
Veterinaerstrasse,5
Veterinaerstrasse,6
Veterinaerstrasse,7
Veterinaerstrasse,8
Veterinaerstrasse,9
Veterinaerstrasse,10
Veterinaerstrasse,11
Viehhofstrasse,1
Viehhofstrasse,2
Viehhofstrasse,3
Viehhofstrasse,4
Viehhofstrasse,5
Viehhofstrasse,6
Viehhofstrasse,7
Viehhofstrasse,8
Viehhofstrasse,9
Viehhofstrasse,10
Viehhofstrasse,11
Viehhofstrasse,12
Viehhofstrasse,13
Viehhofstrasse,14
Viehhofstrasse,15
Viehhofstrasse,16
Viehhofstrasse,17
Viehhofstrasse,18
Viehhofstrasse,19
Viehhofstrasse,20
Viehhofstrasse,21
Viehhofstrasse,22
Viehhofstrasse,23
Viehhofstrasse,24
Viehhofstrasse,25
Viehhofstrasse,26
Viehhofstrasse,27
Viehhofstrasse,28
Viehhofstrasse,29
Viehhofstrasse,30
Viehhofstrasse,31
Viehhofstrasse,32
Viehhofstrasse,33
Viehhofstrasse,34
Viktoriastrasse,1
Viktoriastrasse,2
Viktoriastrasse,3
Viktoriastrasse,4
Viktoriastrasse,5
Viktoriastrasse,6
Viktoriastrasse,7
Viktualienmarkt,1
Viktualienmarkt,2
Viktualienmarkt,3
Viktualienmarkt,4
Viktualienmarkt,5
Viktualienmarkt,6
Viktualienmarkt,7
Viktualienmarkt,8
Viktualienmarkt,9
Viktualienmarkt,10
Viktualienmarkt,11
Viktualienmarkt,12
Viktualienmarkt,13
Viktualienmarkt,14
Viktualienmarkt,15
Viktualienmarkt,16
Viktualienmarkt,17
Viktualienmarkt,18
Volkartstrasse,1
Volkartstrasse,2
Volkartstrasse,3
Volkartstrasse,4
Volkartstrasse,5
Volkartstrasse,6
Volkartstrasse,7
Volkartstrasse,8
Volkartstrasse,9
Volkartstrasse,10
Volkartstrasse,11
Volkartstrasse,12
Volkartstrasse,13
Volkartstrasse,14
Volkartstrasse,15
Volkartstrasse,16
Volkartstrasse,17
Volkartstrasse,18
Volkartstrasse,19
Volkartstrasse,20
Volkartstrasse,21
Volkartstrasse,22
Volkartstrasse,23
Volkartstrasse,24
Volkartstrasse,25
Volkartstrasse,26
Volkartstrasse,27
Volkartstrasse,28
Volkartstrasse,29
Volkartstrasse,30
Volkartstrasse,31
Volkartstrasse,32
Volkartstrasse,33
Volkartstrasse,34
Volkartstrasse,35
Volkartstrasse,36
Volkartstrasse,37
Volkartstrasse,38
Volkartstrasse,39
Volkartstrasse,40
Volkartstrasse,41
Volkartstrasse,42
Volkartstrasse,43
Volkartstrasse,44
Volkartstrasse,45
Volkartstrasse,46
Volkartstrasse,47
Volkartstrasse,48
Volkartstrasse,49
Volkartstrasse,50
Volkartstrasse,51
Volkartstrasse,52
Volkartstrasse,53
Volkartstrasse,54
Volkartstrasse,55
Volkartstrasse,56
Von-der-Tann-Strasse,1
Von-der-Tann-Strasse,2
Von-der-Tann-Strasse,3
Von-der-Tann-Strasse,4
Von-der-Tann-Strasse,5
Von-der-Tann-Strasse,6
Von-der-Tann-Strasse,7
Von-der-Tann-Strasse,8
Von-der-Tann-Strasse,9
Von-der-Tann-Strasse,10
Von-der-Tann-Strasse,11
Von-der-Tann-Strasse,12
Von-der-Tann-Strasse,13
Von-der-Tann-Strasse,14
Von-der-Tann-Strasse,15
Von-der-Tann-Strasse,16
Von-der-Tann-Strasse,17
Von-der-Tann-Strasse,18
Von-der-Tann-Strasse,19
Von-der-Tann-Strasse,20
Von-der-Tann-Strasse,21
Von-der-Tann-Strasse,22
Von-der-Tann-Strasse,23
Von-der-Tann-Strasse,24
Von-der-Tann-Strasse,25
Von-der-Tann-Strasse,26
Von-der-Tann-Strasse,27
Von-der-Tann-Strasse,28
Von-der-Tann-Strasse,29
Von-der-Tann-Strasse,30
Vorst. Au,1
Vorst. Au,2
Vorst. Au,3
Vorst. Au,4
Vorst. Au,5
Vorst. Au,6
Vorst. Au,7
Vorst. Au,8
Vorst. Au,9
Vorst. Au,10
Vorst. Au,11
Vorst. Au,12
Vorst. Au,13
Vorst. Au,14
Vorst. Au,15
Vorst. Au,16
Vorst. Au,17
Vorst. Au,18
Vorst. Au,19
Vorst. Au,20
Vorst. Au,21
Vorst. Au,22
Vorst. Au,23
Vorst. Au,24
Vorst. Au,25
Vorst. Au,26
Vorst. Au,27
Vorst. Au,28
Vorst. Au,29
Vorst. Au,30
Vorst. Au,31
Vorst. Au,32
Vorst. Au,33
Vorst. Au,34
Vorst. Au,35
Vorst. Au,36
Vorst. Au,37
Vorst. Au,38
Vorst. Au,39
Vorst. Au,40
Vorst. Au,41
Vorst. Au,42
Vorst. Au,43
Vorst. Au,44
Vorst. Au,45
Vorst. Au,46
Vorst. Au,47
Vorst. Au,48
Vorst. Au,49
Vorst. Au,50
Vorst. Au,51
Vorst. Au,52
Vorst. Au,53
Vorst. Au,54
Vorst. Au,55
Vorst. Au,56
Vorst. Au,57
Vorst. Au,58
Vorst. Au,59
Vorst. Au,60
Vorst. Au,61
Vorst. Au,62
Vorst. Au,63
Vorst. Au,64
Vorst. Au,65
Vorst. Au,66
Vorst. Au,67
Vorst. Au,68
Vorst. Au,69
Vorst. Au,70
Vorst. Au,71
Vorst. Au,72
Vorst. Au,73
Vorst. Au,74
Vorst. Au,75
Vorst. Au,76
Vorst. Au,77
Vorst. Au,78
Vorst. Au,79
Vorst. Au,80
Vorst. Au,81
Vorst. Au,82
Vorst. Au,83
Vorst. Au,84
Vorst. Au,85
Vorst. Au,86
Vorst. Au,87
Vorst. Au,88
Vorst. Au,89
Vorst. Au,90
Vorst. Au,91
Vorst. Au,92
Vorst. Au,93
Vorst. Au,94
Vorst. Au,95
Vorst. Au,96
Vorst. Au,97
Vorst. Au,98
Vorst. Au,99
Vorst. Au,100
Vorst. Au,101
Vorst. Au,102
Vorst. Au,103
Vorst. Au,104
Vorst. Au,105
Vorst. Au,106
Vorst. Au,107
Vorst. Au,108
Vorst. Au,109
Vorst. Au,110
Vorst. Au,111
Vorst. Au,112
Vorst. Au,113
Vorst. Au,114
Vorst. Au,115
Vorst. Au,116
Vorst. Au,117
Vorst. Au,118
Vorst. Au,119
Vorst. Au,120
Vorst. Au,121
Vorst. Au,122
Vorst. Au,123
Vorst. Au,124
Vorst. Au,125
Vorst. Au,126
Vorst. Au,127
Vorst. Au,128
Vorst. Au,129
Vorst. Au,130
Vorst. Au,131
Vorst. Au,132
Vorst. Au,133
Vorst. Au,134
Vorst. Au,135
Vorst. Au,136
Vorst. Au,137
Vorst. Au,138
Vorst. Au,139
Vorst. Au,140
Vorst. Au,141
Vorst. Au,142
Vorst. Au,143
Vorst. Au,144
Vorst. Au,145
Vorst. Au,146
Vorst. Au,147
Vorst. Au,148
Vorst. Au,149
Vorst. Au,150
Vorst. Au,151
Vorst. Au,152
Vorst. Au,153
Vorst. Au,154
Vorst. Au,155
Vorst. Au,156
Vorst. Au,157
Vorst. Au,158
Vorst. Au,159
Vorst. Au,160
Vorst. Au,161
Vorst. Au,162
Vorst. Au,163
Vorst. Au,164
Vorst. Au,165
Vorst. Au,166
Vorst. Au,167
Vorst. Au,168
Vorst. Au,169
Vorst. Au,170
Vorst. Au,171
Vorst. Au,172
Vorst. Au,173
Vorst. Au,174
Vorst. Au,175
Vorst. Au,176
Vorst. Au,177
Vorst. Au,178
Vorst. Au,179
Vorst. Au,180
Vorst. Au,181
Vorst. Au,182
Vorst. Au,183
Vorst. Au,184
Vorst. Au,185
Vorst. Au,186
Vorst. Au,187
Vorst. Au,188
Vorst. Au,189
Vorst. Au,190
Vorst. Au,191
Vorst. Au,192
Vorst. Au,193
Vorst. Au,194
Vorst. Au,195
Vorst. Au,196
Vorst. Au,197
Vorst. Au,198
Vorst. Au,199
Vorst. Au,200
Vorst. Au,201
Vorst. Au,202
Vorst. Au,203
Vorst. Au,204
Vorst. Au,205
Vorst. Au,206
Vorst. Au,207
Vorst. Au,208
Vorst. Au,209
Vorst. Au,210
Vorst. Au,211
Vorst. Au,212
Vorst. Au,213
Vorst. Au,214
Vorst. Au,215
Vorst. Au,216
Vorst. Au,217
Vorst. Au,218
Vorst. Au,219
Vorst. Au,220
Vorst. Au,221
Vorst. Au,222
Vorst. Au,223
Vorst. Au,224
Vorst. Au,225
Vorst. Au,226
Vorst. Au,227
Vorst. Au,228
Vorst. Au,229
Vorst. Au,230
Vorst. Au,231
Vorst. Au,232
Vorst. Au,233
Vorst. Au,234
Vorst. Au,235
Vorst. Au,236
Vorst. Au,237
Vorst. Au,238
Vorst. Au,239
Vorst. Au,240
Vorst. Au,241
Vorst. Au,242
Vorst. Au,243
Vorst. Au,244
Vorst. Au,245
Vorst. Au,246
Vorst. Au,247
Vorst. Au,248
Vorst. Au,249
Vorst. Au,250
Vorst. Au,251
Vorst. Au,252
Vorst. Au,253
Vorst. Au,254
Vorst. Au,255
Vorst. Au,256
Vorst. Au,257
Vorst. Au,258
Vorst. Au,259
Vorst. Au,260
Vorst. Au,261
Vorst. Au,262
Vorst. Au,263
Vorst. Au,264
Vorst. Au,265
Vorst. Au,266
Vorst. Au,267
Vorst. Au,268
Vorst. Au,269
Vorst. Au,270
Vorst. Au,271
Vorst. Au,272
Vorst. Au,273
Vorst. Au,274
Vorst. Au,275
Vorst. Au,276
Vorst. Au,277
Vorst. Au,278
Vorst. Au,279
Vorst. Au,280
Vorst. Au,281
Vorst. Au,282
Vorst. Au,283
Vorst. Au,284
Vorst. Au,285
Vorst. Au,286
Vorst. Au,287
Vorst. Au,288
Vorst. Au,289
Vorst. Au,290
Vorst. Au,291
Vorst. Au,292
Vorst. Au,293
Vorst. Au,294
Vorst. Au,295
Vorst. Au,296
Vorst. Au,297
Vorst. Au,298
Vorst. Au,299
Vorst. Au,300
Vorst. Au,301
Vorst. Au,302
Vorst. Au,303
Vorst. Au,304
Vorst. Au,305
Vorst. Au,306
Vorst. Au,307
Vorst. Au,308
Vorst. Au,309
Vorst. Au,310
Vorst. Au,311
Vorst. Au,312
Vorst. Au,313
Vorst. Au,314
Vorst. Au,315
Vorst. Au,316
Vorst. Au,317
Vorst. Au,318
Vorst. Au,319
Vorst. Au,320
Vorst. Au,321
Vorst. Au,322
Vorst. Au,323
Vorst. Au,324
Vorst. Au,325
Vorst. Au,326
Vorst. Au,327
Vorst. Au,328
Vorst. Au,329
Vorst. Au,330
Vorst. Au,331
Vorst. Au,332
Vorst. Au,333
Vorst. Au,334
Vorst. Au,335
Vorst. Au,336
Vorst. Au,337
Vorst. Au,338
Vorst. Au,339
Vorst. Au,340
Vorst. Au,341
Vorst. Au,342
Vorst. Au,343
Vorst. Au,344
Vorst. Au,345
Vorst. Au,346
Vorst. Au,347
Vorst. Au,348
Vorst. Au,349
Vorst. Au,350
Vorst. Au,351
Vorst. Au,352
Vorst. Au,353
Vorst. Au,354
Vorst. Au,355
Vorst. Au,356
Vorst. Au,357
Vorst. Au,358
Vorst. Au,359
Vorst. Au,360
Vorst. Au,361
Vorst. Au,362
Vorst. Au,363
Vorst. Au,364
Vorst. Au,365
Vorst. Au,366
Vorst. Au,367
Vorst. Au,368
Vorst. Au,369
Vorst. Au,370
Vorst. Au,371
Vorst. Au,372
Vorst. Au,373
Vorst. Au,374
Vorst. Au,375
Vorst. Au,376
Vorst. Au,377
Vorst. Au,378
Vorst. Au,379
Vorst. Au,380
Vorst. Au,381
Vorst. Au,382
Vorst. Au,383
Vorst. Au,384
Vorst. Au,385
Vorst. Au,386
Vorst. Au,387
Vorst. Au,388
Vorst. Au,389
Vorst. Au,390
Vorst. Au,391
Vorst. Au,392
Vorst. Au,393
Vorst. Au,394
Vorst. Au,395
Vorst. Au,396
Vorst. Au,397
Vorst. Au,398
Vorst. Au,399
Vorst. Au,400
Vorst. Au,401
Vorst. Au,402
Vorst. Au,403
Vorst. Au,404
Vorst. Au,405
Vorst. Au,406
Vorst. Au,407
Vorst. Au,408
Vorst. Au,409
Vorst. Au,410
Vorst. Au,411
Vorst. Au,412
Vorst. Au,413
Vorst. Au,414
Vorst. Au,415
Vorst. Au,416
Vorst. Au,417
Vorst. Au,418
Vorst. Au,419
Vorst. Au,420
Vorst. Au,421
Vorst. Au,422
Vorst. Au,423
Vorst. Au,424
Vorst. Au,425
Vorst. Au,426
Vorst. Au,427
Vorst. Au,428
Vorst. Au,429
Vorst. Au,430
Vorst. Au,431
Vorst. Au,432
Vorst. Au,433
Vorst. Au,434
Vorst. Au,435
Vorst. Au,436
Vorst. Au,437
Vorst. Au,438
Vorst. Au,439
Vorst. Au,440
Vorst. Au,441
Vorst. Au,442
Vorst. Au,443
Vorst. Au,444
Vorst. Au,445
Vorst. Au,446
Vorst. Au,447
Vorst. Au,448
Vorst. Au,449
Vorst. Au,450
Vorst. Au,451
Vorst. Au,452
Vorst. Au,453
Vorst. Au,454
Vorst. Au,455
Vorst. Au,456
Vorst. Au,457
Vorst. Au,458
Vorst. Au,459
Vorst. Au,460
Vorst. Au,461
Vorst. Au,462
Vorst. Au,463
Vorst. Au,464
Vorst. Au,465
Vorst. Au,466
Vorst. Au,467
Vorst. Au,468
Vorst. Au,469
Vorst. Au,470
Vorst. Au,471
Vorst. Au,472
Vorst. Au,473
Vorst. Au,474
Vorst. Au,475
Vorst. Au,476
Vorst. Au,477
Vorst. Au,478
Vorst. Au,479
Vorst. Au,480
Vorst. Au,481
Vorst. Au,482
Vorst. Au,483
Vorst. Au,484
Vorst. Au,485
Vorst. Au,486
Vorst. Au,487
Vorst. Au,488
Vorst. Au,489
Vorst. Au,490
Vorst. Au,491
Vorst. Au,492
Vorst. Au,493
Vorst. Au,494
Vorst. Au,495
Vorst. Au,496
Vorst. Au,497
Vorst. Au,498
Vorst. Au,499
Vorst. Au,500
Vorst. Au,501
Vorst. Au,502
Vorst. Au,503
Vorst. Au,504
Vorst. Au,505
Vorst. Au,506
Vorst. Au,507
Vorst. Au,508
Vorst. Au,509
Vorst. Au,510
Vorst. Au,511
Vorst. Au,512
Vorst. Au,513
Vorst. Au,514
Vorst. Au,515
Vorst. Au,516
Vorst. Au,517
Vorst. Au,518
Vorst. Au,519
Vorst. Au,520
Vorst. Au,521
Vorst. Au,522
Vorst. Au,523
Vorst. Au,524
Vorst. Au,525
Vorst. Au,526
Vorst. Au,527
Vorst. Au,528
Vorst. Au,529
Vorst. Au,530
Vorst. Au,531
Vorst. Au,532
Vorst. Au,533
Vorst. Au,534
Vorst. Au,535
Vorst. Au,536
Vorst. Au,537
Vorst. Au,538
Vorst. Au,539
Vorst. Au,540
Vorst. Au,541
Vorst. Au,542
Vorst. Au,543
Vorst. Au,544
Vorst. Au,545
Vorst. Au,546
Vorst. Au,547
Vorst. Au,548
Vorst. Au,549
Vorst. Au,550
Vorst. Au,551
Vorst. Au,552
Vorst. Au,553
Vorst. Au,554
Vorst. Au,555
Vorst. Au,556
Vorst. Au,557
Vorst. Au,558
Vorst. Au,559
Vorst. Au,560
Vorst. Au,561
Vorst. Au,562
Vorst. Au,563
Vorst. Au,564
Vorst. Au,565
Vorst. Au,566
Vorst. Au,567
Vorst. Au,568
Vorst. Au,569
Vorst. Au,570
Vorst. Au,571
Vorst. Au,572
Vorst. Au,573
Vorst. Au,574
Vorstadt-Au,1
Vorstadt-Au,2
Vorstadt-Au,3
Vorstadt-Au,4
Vorstadt-Au,5
Vorstadt-Au,6
Vorstadt-Au,7
Vorstadt-Au,8
Vorstadt-Au,9
Vorstadt-Au,10
Vorstadt-Au,11
Vorstadt-Au,12
Vorstadt-Au,13
Vorstadt-Au,14
Vorstadt-Au,15
Vorstadt-Au,16
Vorstadt-Au,17
Vorstadt-Au,18
Vorstadt-Au,19
Vorstadt-Au,20
Vorstadt-Au,21
Vorstadt-Au,22
Vorstadt-Au,23
Vorstadt-Au,24
Vorstadt-Au,25
Vorstadt-Au,26
Vorstadt-Au,27
Vorstadt-Au,28
Vorstadt-Au,29
Vorstadt-Au,30
Vorstadt-Au,31
Vorstadt-Au,32
Vorstadt-Au,33
Vorstadt-Au,34
Vorstadt-Au,35
Vorstadt-Au,36
Vorstadt-Au,37
Vorstadt-Au,38
Vorstadt-Au,39
Vorstadt-Au,40
Vorstadt-Au,41
Vorstadt-Au,42
Vorstadt-Au,43
Vorstadt-Au,44
Vorstadt-Au,45
Vorstadt-Au,46
Vorstadt-Au,47
Vorstadt-Au,48
Vorstadt-Au,49
Vorstadt-Au,50
Vorstadt-Au,51
Vorstadt-Au,52
Vorstadt-Au,53
Vorstadt-Au,54
Vorstadt-Au,55
Vorstadt-Au,56
Vorstadt-Au,57
Vorstadt-Au,58
Vorstadt-Au,59
Vorstadt-Au,60
Vorstadt-Au,61
Vorstadt-Au,62
Vorstadt-Au,63
Vorstadt-Au,64
Vorstadt-Au,65
Vorstadt-Au,66
Vorstadt-Au,67
Vorstadt-Au,68
Vorstadt-Au,69
Vorstadt-Au,70
Vorstadt-Au,71
Vorstadt-Au,72
Vorstadt-Au,73
Vorstadt-Au,74
Vorstadt-Au,75
Vorstadt-Au,76
Vorstadt-Au,77
Vorstadt-Au,78
Vorstadt-Au,79
Vorstadt-Au,80
Vorstadt-Au,81
Vorstadt-Au,82
Vorstadt-Au,83
Vorstadt-Au,84
Vorstadt-Au,85
Vorstadt-Au,86
Vorstadt-Au,87
Vorstadt-Au,88
Vorstadt-Au,89
Vorstadt-Au,90
Vorstadt-Au,91
Vorstadt-Au,92
Vorstadt-Au,93
Vorstadt-Au,94
Vorstadt-Au,95
Vorstadt-Au,96
Vorstadt-Au,97
Vorstadt-Au,98
Vorstadt-Au,99
Vorstadt-Au,100
Vorstadt-Au,101
Vorstadt-Au,102
Vorstadt-Au,103
Vorstadt-Au,104
Vorstadt-Au,105
Vorstadt-Au,106
Vorstadt-Au,107
Vorstadt-Au,108
Vorstadt-Au,109
Vorstadt-Au,110
Vorstadt-Au,111
Vorstadt-Au,112
Vorstadt-Au,113
Vorstadt-Au,114
Vorstadt-Au,115
Vorstadt-Au,116
Vorstadt-Au,117
Vorstadt-Au,118
Vorstadt-Au,119
Vorstadt-Au,120
Vorstadt-Au,121
Vorstadt-Au,122
Vorstadt-Au,123
Vorstadt-Au,124
Vorstadt-Au,125
Vorstadt-Au,126
Vorstadt-Au,127
Vorstadt-Au,128
Vorstadt-Au,129
Vorstadt-Au,130
Vorstadt-Au,131
Vorstadt-Au,132
Vorstadt-Au,133
Vorstadt-Au,134
Vorstadt-Au,135
Vorstadt-Au,136
Vorstadt-Au,137
Vorstadt-Au,138
Vorstadt-Au,139
Vorstadt-Au,140
Vorstadt-Au,141
Vorstadt-Au,142
Vorstadt-Au,143
Vorstadt-Au,144
Vorstadt-Au,145
Vorstadt-Au,146
Vorstadt-Au,147
Vorstadt-Au,148
Vorstadt-Au,149
Vorstadt-Au,150
Vorstadt-Au,151
Vorstadt-Au,152
Vorstadt-Au,153
Vorstadt-Au,154
Vorstadt-Au,155
Vorstadt-Au,156
Vorstadt-Au,157
Vorstadt-Au,158
Vorstadt-Au,159
Vorstadt-Au,160
Vorstadt-Au,161
Vorstadt-Au,162
Vorstadt-Au,163
Vorstadt-Au,164
Vorstadt-Au,165
Vorstadt-Au,166
Vorstadt-Au,167
Vorstadt-Au,168
Vorstadt-Au,169
Vorstadt-Au,170
Vorstadt-Au,171
Vorstadt-Au,172
Vorstadt-Au,173
Vorstadt-Au,174
Vorstadt-Au,175
Vorstadt-Au,176
Vorstadt-Au,177
Vorstadt-Au,178
Vorstadt-Au,179
Vorstadt-Au,180
Vorstadt-Au,181
Vorstadt-Au,182
Vorstadt-Au,183
Vorstadt-Au,184
Vorstadt-Au,185
Vorstadt-Au,186
Vorstadt-Au,187
Vorstadt-Au,188
Vorstadt-Au,189
Vorstadt-Au,190
Vorstadt-Au,191
Vorstadt-Au,192
Vorstadt-Au,193
Vorstadt-Au,194
Vorstadt-Au,195
Vorstadt-Au,196
Vorstadt-Au,197
Vorstadt-Au,198
Vorstadt-Au,199
Vorstadt-Au,200
Vorstadt-Au,201
Vorstadt-Au,202
Vorstadt-Au,203
Vorstadt-Au,204
Vorstadt-Au,205
Vorstadt-Au,206
Vorstadt-Au,207
Vorstadt-Au,208
Vorstadt-Au,209
Vorstadt-Au,210
Vorstadt-Au,211
Vorstadt-Au,212
Vorstadt-Au,213
Vorstadt-Au,214
Vorstadt-Au,215
Vorstadt-Au,216
Vorstadt-Au,217
Vorstadt-Au,218
Vorstadt-Au,219
Vorstadt-Au,220
Vorstadt-Au,221
Vorstadt-Au,222
Vorstadt-Au,223
Vorstadt-Au,224
Vorstadt-Au,225
Vorstadt-Au,226
Vorstadt-Au,227
Vorstadt-Au,228
Vorstadt-Au,229
Vorstadt-Au,230
Vorstadt-Au,231
Vorstadt-Au,232
Vorstadt-Au,233
Vorstadt-Au,234
Vorstadt-Au,235
Vorstadt-Au,236
Vorstadt-Au,237
Vorstadt-Au,238
Vorstadt-Au,239
Vorstadt-Au,240
Vorstadt-Au,241
Vorstadt-Au,242
Vorstadt-Au,243
Vorstadt-Au,244
Vorstadt-Au,245
Vorstadt-Au,246
Vorstadt-Au,247
Vorstadt-Au,248
Vorstadt-Au,249
Vorstadt-Au,250
Vorstadt-Au,251
Vorstadt-Au,252
Vorstadt-Au,253
Vorstadt-Au,254
Vorstadt-Au,255
Vorstadt-Au,256
Vorstadt-Au,257
Vorstadt-Au,258
Vorstadt-Au,259
Vorstadt-Au,260
Vorstadt-Au,261
Vorstadt-Au,262
Vorstadt-Au,263
Vorstadt-Au,264
Vorstadt-Au,265
Wagnerstrasse,1
Wagnerstrasse,2
Wagnerstrasse,3
Wagnerstrasse,4
Wallstrasse,1
Wallstrasse,2
Wallstrasse,3
Walserstrasse,1
Walserstrasse,2
Walserstrasse,3
Walserstrasse,4
Walserstrasse,5
Walserstrasse,6
Walserstrasse,7
Walserstrasse,8
Walserstrasse,9
Walserstrasse,10
Walserstrasse,11
Walserstrasse,12
Walserstrasse,13
Walserstrasse,14
Waltherstrasse,1
Waltherstrasse,2
Waltherstrasse,3
Waltherstrasse,4
Waltherstrasse,5
Waltherstrasse,6
Waltherstrasse,7
Waltherstrasse,8
Waltherstrasse,9
Waltherstrasse,10
Waltherstrasse,11
Waltherstrasse,12
Waltherstrasse,13
Waltherstrasse,14
Waltherstrasse,15
Waltherstrasse,16
Waltherstrasse,17
Waltherstrasse,18
Waltherstrasse,19
Waltherstrasse,20
Waltherstrasse,21
Waltherstrasse,22
Waltherstrasse,23
Waltherstrasse,24
Waltherstrasse,25
Waltherstrasse,26
Waltherstrasse,27
Waltherstrasse,28
Waltherstrasse,29
Waltherstrasse,30
Waltherstrasse,31
Waltherstrasse,32
Waltherstrasse,33
Waltherstrasse,34
Waltherstrasse,35
Waltherstrasse,36
Waltherstrasse,37
Waltherstrasse,38
Warthofstrasse,1
Wassergang,1
Wassergang,2
Wasserstrasse,1
Wasserstrasse,2
Wasserstrasse,3
Wasserstrasse,4
Wasserstrasse,5
Wasserstrasse,6
Wasserstrasse,7
Wasserstrasse,8
Wasserstrasse,9
Wasserstrasse,10
Wasserstrasse,11
Wasserstrasse,12
Wasserstrasse,13
Wasserstrasse,14
Wasserstrasse,15
Wasserstrasse,16
Wasserstrasse,17
Wasserstrasse,18
Wasserstrasse,19
Wasserstrasse,20
Wasserstrasse,21
Wasserstrasse,22
Wasserstrasse,23
Wasserstrasse,24
Wasserstrasse,25
Wasserstrasse,26
Wasserstrasse,27
Wasserstrasse,28
Wasserstrasse,29
Wasserstrasse,30
Wasserstrasse,31
Watzmannstrasse,1
Watzmannstrasse,2
Watzmannstrasse,3
Watzmannstrasse,4
Watzmannstrasse,5
Watzmannstrasse,6
Watzmannstrasse,7
Watzmannstrasse,8
Watzmannstrasse,9
Watzmannstrasse,10
Watzmannstrasse,11
Watzmannstrasse,12
Watzmannstrasse,13
Watzmannstrasse,14
Watzmannstrasse,15
Watzmannstrasse,16
Watzmannstrasse,17
Watzmannstrasse,18
Watzmannstrasse,19
Watzmannstrasse,20
Watzmannstrasse,21
Watzmannstrasse,22
Watzmannstrasse,23
Watzmannstrasse,24
Watzmannstrasse,25
Watzmannstrasse,26
Watzmannstrasse,27
Watzmannstrasse,28
Watzmannstrasse,29
Watzmannstrasse,30
Weinbauernstrasse,1
Weinbauernstrasse,2
Weinbauernstrasse,3
Weinbauernstrasse,4
Weinbauernstrasse,5
Weinbauernstrasse,6
Weinbauernstrasse,7
Weinbauernstrasse,8
Weinbauernstrasse,9
Weinbauernstrasse,10
Weinbauernstrasse,11
Weinbauernstrasse,12
Weinbierlhof,1
Weinbierlhof,2
Weinbierlhof,3
Weinbierlhof,4
Weinbierlhof,5
Weinbierlhof,6
Weinbierlhof,7
Weinbierlhof,8
Weinbierlhof,9
Weinstrasse,1
Weinstrasse,2
Weinstrasse,3
Weinstrasse,4
Weinstrasse,5
Weinstrasse,6
Weinstrasse,7
Weinstrasse,8
Weinstrasse,9
Weinstrasse,10
Weinstrasse,11
Weinstrasse,12
Weinstrasse,13
Weinstrasse,14
Weinstrasse,15
Weinstrasse,16
Weinstrasse,17
Weinstrasse,18
Weinstrasse,19
Weinstrasse,20
Weinstrasse,21
Weinstrasse,22
Weinstrasse,23
Weissenburger Strasse,1
Weissenburger Strasse,2
Weissenburger Strasse,3
Weissenburger Strasse,4
Weissenburger Strasse,5
Weissenburger Strasse,6
Weissenburger Strasse,7
Weissenburger Strasse,8
Weissenburger Strasse,9
Weissenburger Strasse,10
Weissenburger Strasse,11
Weissenburger Strasse,12
Weissenburger Strasse,13
Weissenburger Strasse,14
Weissenburger Strasse,15
Weissenburger Strasse,16
Weissenburger Strasse,17
Weissenburger Strasse,18
Weissenburger Strasse,19
Weissenburger Strasse,20
Weissenburger Strasse,21
Weissenburger Strasse,22
Weissenburger Strasse,23
Weissenburger Strasse,24
Weissenburger Strasse,25
Weissenburger Strasse,26
Weissenburger Strasse,27
Weissenburger Strasse,28
Weissenburger Strasse,29
Weissenburger Strasse,30
Weissenburger Strasse,31
Weissenburger Strasse,32
Weissenburger Strasse,33
Weissenburger Strasse,34
Weissenburger Strasse,35
Weissenburger Strasse,36
Weissenburger Strasse,37
Weissenburger Strasse,38
Weissenburger Strasse,39
Weissenburger Strasse,40
Weissenburger Strasse,41
Weissenburger Strasse,42
Weissenburger Strasse,43
Weissenburger Strasse,44
Wendelsteinstrasse,1
Wendelsteinstrasse,2
Wendelsteinstrasse,3
Wendelsteinstrasse,4
Wendelsteinstrasse,5
Wendelsteinstrasse,6
Wendelsteinstrasse,7
Wendelsteinstrasse,8
Wendelsteinstrasse,9
Wendelsteinstrasse,10
Wendelsteinstrasse,11
Wendlstrasse,1
Wendlstrasse,2
Wendlstrasse,3
Wendlstrasse,4
Werneckstrasse,1
Werneckstrasse,2
Werneckstrasse,3
Werneckstrasse,4
Werneckstrasse,5
Werneckstrasse,6
Werneckstrasse,7
Werneckstrasse,8
Werneckstrasse,9
Werneckstrasse,10
Werneckstrasse,11
Werneckstrasse,12
Werneckstrasse,13
Werneckstrasse,14
Werneckstrasse,15
Werneckstrasse,16
Werneckstrasse,17
Werneckstrasse,18
Werneckstrasse,19
Werneckstrasse,20
Werneckstrasse,21
Werneckstrasse,22
Werneckstrasse,23
Werneckstrasse,24
Werneckstrasse,25
Werneckstrasse,26
Werneckstrasse,27
Werneckstrasse,28
Werneckstrasse,29
Westendstrasse,1
Westendstrasse,2
Westendstrasse,3
Westendstrasse,4
Westendstrasse,5
Westendstrasse,6
Westendstrasse,7
Westendstrasse,8
Westendstrasse,9
Westendstrasse,10
Westendstrasse,11
Westendstrasse,12
Westendstrasse,13
Westendstrasse,14
Westendstrasse,15
Westendstrasse,16
Westendstrasse,17
Westendstrasse,18
Westendstrasse,19
Westendstrasse,20
Westendstrasse,21
Westendstrasse,22
Westendstrasse,23
Westendstrasse,24
Westendstrasse,25
Westendstrasse,26
Westendstrasse,27
Westendstrasse,28
Westendstrasse,29
Westendstrasse,30
Westendstrasse,31
Westendstrasse,32
Westendstrasse,33
Westendstrasse,34
Westendstrasse,35
Westendstrasse,36
Westendstrasse,37
Westendstrasse,38
Westendstrasse,39
Westendstrasse,40
Westendstrasse,41
Westendstrasse,42
Westendstrasse,43
Westendstrasse,44
Westendstrasse,45
Westendstrasse,46
Westendstrasse,47
Westendstrasse,48
Westendstrasse,49
Westendstrasse,50
Westendstrasse,51
Westendstrasse,52
Westendstrasse,53
Westendstrasse,54
Westendstrasse,55
Westendstrasse,56
Westendstrasse,57
Westendstrasse,58
Westendstrasse,59
Westendstrasse,60
Westendstrasse,61
Westendstrasse,62
Westendstrasse,63
Westendstrasse,64
Westendstrasse,65
Westendstrasse,66
Westendstrasse,67
Westendstrasse,68
Westendstrasse,69
Westendstrasse,70
Westendstrasse,71
Westendstrasse,72
Westendstrasse,73
Westendstrasse,74
Westendstrasse,75
Westendstrasse,76
Westendstrasse,77
Westendstrasse,78
Westendstrasse,79
Westendstrasse,80
Westendstrasse,81
Westendstrasse,82
Westendstrasse,83
Westendstrasse,84
Westendstrasse,85
Westendstrasse,86
Westendstrasse,87
Westendstrasse,88
Westendstrasse,89
Westendstrasse,90
Westendstrasse,91
Westendstrasse,92
Westendstrasse,93
Westendstrasse,94
Westendstrasse,95
Westendstrasse,96
Westendstrasse,97
Westendstrasse,98
Westendstrasse,99
Westendstrasse,100
Westendstrasse,101
Westendstrasse,102
Westendstrasse,103
Westendstrasse,104
Westendstrasse,105
Westendstrasse,106
Westendstrasse,107
Westendstrasse,108
Westendstrasse,109
Westendstrasse,110
Westendstrasse,111
Westendstrasse,112
Westendstrasse,113
Westendstrasse,114
Westendstrasse,115
Westendstrasse,116
Westendstrasse,117
Westendstrasse,118
Westendstrasse,119
Westendstrasse,120
Westendstrasse,121
Westendstrasse,122
Westendstrasse,123
Westendstrasse,124
Westendstrasse,125
Westendstrasse,126
Westendstrasse,127
Westendstrasse,128
Westendstrasse,129
Westendstrasse,130
Westendstrasse,131
Westendstrasse,132
Westendstrasse,133
Westendstrasse,134
Westendstrasse,135
Westendstrasse,136
Westendstrasse,137
Westendstrasse,138
Westendstrasse,139
Westendstrasse,140
Westendstrasse,141
Westendstrasse,142
Westendstrasse,143
Westendstrasse,144
Westendstrasse,145
Westendstrasse,146
Westendstrasse,147
Westendstrasse,148
Westendstrasse,149
Westendstrasse,150
Westendstrasse,151
Westendstrasse,152
Westendstrasse,153
Westendstrasse,154
Westendstrasse,155
Westendstrasse,156
Westendstrasse,157
Westendstrasse,158
Westendstrasse,159
Westendstrasse,160
Westendstrasse,161
Westendstrasse,162
Westendstrasse,163
Westendstrasse,164
Westendstrasse,165
Westendstrasse,166
Westendstrasse,167
Westendstrasse,168
Westendstrasse,169
Westendstrasse,170
Westendstrasse,171
Westendstrasse,172
Westendstrasse,173
Westendstrasse,174
Westendstrasse,175
Westendstrasse,176
Westendstrasse,177
Westendstrasse,178
Westendstrasse,179
Westendstrasse,180
Westendstrasse,181
Westendstrasse,182
Westendstrasse,183
Westendstrasse,184
Westendstrasse,185
Westendstrasse,186
Westendstrasse,187
Westendstrasse,188
Westendstrasse,189
Westendstrasse,190
Westendstrasse,191
Westendstrasse,192
Westendstrasse,193
Westendstrasse,194
Westendstrasse,195
Westendstrasse,196
Westendstrasse,197
Westendstrasse,198
Westendstrasse,199
Westendstrasse,200
Westendstrasse,201
Westendstrasse,202
Westendstrasse,203
Westendstrasse,204
Westendstrasse,205
Westendstrasse,206
Westendstrasse,207
Westendstrasse,208
Westendstrasse,209
Westendstrasse,210
Westendstrasse,211
Westendstrasse,212
Westendstrasse,213
Westendstrasse,214
Westendstrasse,215
Westendstrasse,216
Westendstrasse,217
Westendstrasse,218
Westendstrasse,219
Westendstrasse,220
Westendstrasse,221
Westendstrasse,222
Westendstrasse,223
Westendstrasse,224
Westendstrasse,225
Westendstrasse,226
Westendstrasse,227
Westendstrasse,228
Westendstrasse,229
Westendstrasse,230
Westendstrasse,231
Westendstrasse,232
Westendstrasse,233
Westendstrasse,234
Westendstrasse,235
Westendstrasse,236
Westendstrasse,237
Westendstrasse,238
Westendstrasse,239
Westendstrasse,240
Westendstrasse,241
Westendstrasse,242
Westendstrasse,243
Westendstrasse,244
Westendstrasse,245
Westendstrasse,246
Westendstrasse,247
Westendstrasse,248
Westendstrasse,249
Westendstrasse,250
Westendstrasse,251
Westendstrasse,252
Westendstrasse,253
Westendstrasse,254
Westendstrasse,255
Westendstrasse,256
Westendstrasse,257
Westendstrasse,258
Westendstrasse,259
Westendstrasse,260
Westendstrasse,261
Westendstrasse,262
Westendstrasse,263
Westendstrasse,264
Westendstrasse,265
Westendstrasse,266
Westendstrasse,267
Westendstrasse,268
Westendstrasse,269
Westendstrasse,270
Westenriederstrasse,1
Westenriederstrasse,2
Westenriederstrasse,3
Westenriederstrasse,4
Westenriederstrasse,5
Westenriederstrasse,6
Westenriederstrasse,7
Westenriederstrasse,8
Westenriederstrasse,9
Westenriederstrasse,10
Westenriederstrasse,11
Westenriederstrasse,12
Westenriederstrasse,13
Westenriederstrasse,14
Westenriederstrasse,15
Westenriederstrasse,16
Westenriederstrasse,17
Westenriederstrasse,18
Westenriederstrasse,19
Westenriederstrasse,20
Westenriederstrasse,21
Westenriederstrasse,22
Westenriederstrasse,23
Westenriederstrasse,24
Westenriederstrasse,25
Westenriederstrasse,26
Westenriederstrasse,27
Westenriederstrasse,28
Westenriederstrasse,29
Westenriederstrasse,30
Westenriederstrasse,31
Westenriederstrasse,32
Westenriederstrasse,33
Westenriederstrasse,34
Westermuehlstrasse,1
Westermuehlstrasse,2
Westermuehlstrasse,3
Westermuehlstrasse,4
Westermuehlstrasse,5
Westermuehlstrasse,6
Westermuehlstrasse,7
Westermuehlstrasse,8
Westermuehlstrasse,9
Westermuehlstrasse,10
Westermuehlstrasse,11
Westermuehlstrasse,12
Westermuehlstrasse,13
Westermuehlstrasse,14
Westermuehlstrasse,15
Westermuehlstrasse,16
Westermuehlstrasse,17
Westermuehlstrasse,18
Westermuehlstrasse,19
Westermuehlstrasse,20
Westermuehlstrasse,21
Westermuehlstrasse,22
Westermuehlstrasse,23
Westermuehlstrasse,24
Westermuehlstrasse,25
Westermuehlstrasse,26
Wiener Platz,1
Wiener Platz,2
Wiener Platz,3
Wiener Platz,4
Wiener Platz,5
Wiener Platz,6
Wiener Platz,7
Wiener Platz,8
Wiener Platz,9
Wiener Platz,10
Wiener Platz,11
Wiener Platz,12
Wiener Platz,13
Wiener Platz,14
Wiener Platz,15
Wiener Platz,16
Wiener Platz,17
Wiener Platz,18
Wiener Platz,19
Wienerstrasse,1
Wienerstrasse,2
Wienerstrasse,3
Wienerstrasse,4
Wienerstrasse,5
Wienerstrasse,6
Wienerstrasse,7
Wienerstrasse,8
Wienerstrasse,9
Wienerstrasse,10
Wienerstrasse,11
Wienerstrasse,12
Wienerstrasse,13
Wienerstrasse,14
Wienerstrasse,15
Wienerstrasse,16
Wienerstrasse,17
Wienerstrasse,18
Wienerstrasse,19
Wienerstrasse,20
Wienerstrasse,21
Wienerstrasse,22
Wienerstrasse,23
Wienerstrasse,24
Wienerstrasse,25
Wienerstrasse,26
Wienerstrasse,27
Wienerstrasse,28
Wienerstrasse,29
Wienerstrasse,30
Wienerstrasse,31
Wienerstrasse,32
Wienerstrasse,33
Wienerstrasse,34
Wienerstrasse,35
Wienerstrasse,36
Wienerstrasse,37
Wienerstrasse,38
Wienerstrasse,39
Wienerstrasse,40
Wienerstrasse,41
Wienerstrasse,42
Wienerstrasse,43
Wienerstrasse,44
Wienerstrasse,45
Wienerstrasse,46
Wienerstrasse,47
Wienerstrasse,48
Wienerstrasse,49
Wienerstrasse,50
Wienerstrasse,51
Wienerstrasse,52
Wienerstrasse,53
Wienerstrasse,54
Wienerstrasse,55
Wienerstrasse,56
Wienerstrasse,57
Wienerstrasse,58
Wienerstrasse,59
Wienerstrasse,60
Wienerstrasse,61
Wienerstrasse,62
Wienerstrasse,63
Wienerstrasse,64
Wienerstrasse,65
Wienerstrasse,66
Wienerstrasse,67
Wienerstrasse,68
Wienerstrasse,69
Wienerstrasse,70
Wienerstrasse,71
Wiesenstrasse,1
Wiesenstrasse,2
Wiesenstrasse,3
Wiesenstrasse,4
Wiesenstrasse,5
Wiesenstrasse,6
Wiesenstrasse,7
Wiesenstrasse,8
Wiesenstrasse,9
Wiesenstrasse,10
Wiesenstrasse,11
Wiesenstrasse,12
Wilhelmstrasse,1
Wilhelmstrasse,2
Wilhelmstrasse,3
Wilhelmstrasse,4
Wilhelmstrasse,5
Wilhelmstrasse,6
Wilhelmstrasse,7
Wilhelmstrasse,8
Wilhelmstrasse,9
Wilhelmstrasse,10
Wilhelmstrasse,11
Wilhelmstrasse,12
Wilhelmstrasse,13
Wilhelmstrasse,14
Wilhelmstrasse,15
Wilhelmstrasse,16
Wilhelmstrasse,17
Wilhelmstrasse,18
Wilhelmstrasse,19
Wilhelmstrasse,20
Wilhelmstrasse,21
Wilhelmstrasse,22
Wilhelmstrasse,23
Wilhelmstrasse,24
Wilhelmstrasse,25
Wilhelmstrasse,26
Wilhelmstrasse,27
Wilhelmstrasse,28
Wilhelmstrasse,29
Wilhelmstrasse,30
Wilhelmstrasse,31
Wilhelmstrasse,32
Wilhelmstrasse,33
Wilhelmstrasse,34
Wilhelmstrasse,35
Wilhelmstrasse,36
Wilhelmstrasse,37
Wilhelmstrasse,38
Wilhelmstrasse,39
Wilhelmstrasse,40
Wilhelmstrasse,41
Wilhelmstrasse,42
Wilhelmstrasse,43
Windenmacherstrasse,1
Windenmacherstrasse,2
Windenmacherstrasse,3
Windenmacherstrasse,4
Windenmacherstrasse,5
Windenmacherstrasse,6
Windenmacherstrasse,7
Windenmacherstrasse,8
Winthirstrasse,1
Winthirstrasse,2
Winthirstrasse,3
Winthirstrasse,4
Winthirstrasse,5
Winthirstrasse,6
Winthirstrasse,7
Winthirstrasse,8
Winthirstrasse,9
Winthirstrasse,10
Winthirstrasse,11
Winthirstrasse,12
Winthirstrasse,13
Winthirstrasse,14
Winthirstrasse,15
Winthirstrasse,16
Winthirstrasse,17
Winthirstrasse,18
Winthirstrasse,19
Winthirstrasse,20
Winthirstrasse,21
Winthirstrasse,22
Winthirstrasse,23
Winthirstrasse,24
Winthirstrasse,25
Winthirstrasse,26
Winthirstrasse,27
Winthirstrasse,28
Winthirstrasse,29
Winthirstrasse,30
Winthirstrasse,31
Winthirstrasse,32
Winthirstrasse,33
Winthirstrasse,34
Winthirstrasse,35
Winthirstrasse,36
Winthirstrasse,37
Winthirstrasse,38
Winthirstrasse,39
Winzererstrasse,1
Winzererstrasse,2
Winzererstrasse,3
Winzererstrasse,4
Winzererstrasse,5
Winzererstrasse,6
Winzererstrasse,7
Winzererstrasse,8
Winzererstrasse,9
Winzererstrasse,10
Winzererstrasse,11
Winzererstrasse,12
Winzererstrasse,13
Winzererstrasse,14
Winzererstrasse,15
Winzererstrasse,16
Winzererstrasse,17
Winzererstrasse,18
Winzererstrasse,19
Winzererstrasse,20
Winzererstrasse,21
Winzererstrasse,22
Winzererstrasse,23
Winzererstrasse,24
Winzererstrasse,25
Winzererstrasse,26
Winzererstrasse,27
Winzererstrasse,28
Winzererstrasse,29
Winzererstrasse,30
Winzererstrasse,31
Winzererstrasse,32
Winzererstrasse,33
Winzererstrasse,34
Winzererstrasse,35
Winzererstrasse,36
Winzererstrasse,37
Winzererstrasse,38
Winzererstrasse,39
Winzererstrasse,40
Wirtstrasse,1
Wirtstrasse,2
Wirtstrasse,3
Wirtstrasse,4
Wirtstrasse,5
Wirtstrasse,6
Wirtstrasse,7
Wirtstrasse,8
Wirtstrasse,9
Wirtstrasse,10
Wirtstrasse,11
Wirtstrasse,12
Wirtstrasse,13
Wirtstrasse,14
Wirtstrasse,15
Wirtstrasse,16
Wirtstrasse,17
Wirtstrasse,18
Wirtstrasse,19
Wirtstrasse,20
Wirtstrasse,21
Wirtstrasse,22
Wirtstrasse,23
Wirtstrasse,24
Wirtstrasse,25
Wirtstrasse,26
Wittelsbacherplatz,1
Wittelsbacherplatz,2
Wittelsbacherplatz,3
Wittelsbacherplatz,4
Wittelsbacherstrasse,1
Wittelsbacherstrasse,2
Wittelsbacherstrasse,3
Wittelsbacherstrasse,4
Wittelsbacherstrasse,5
Wittelsbacherstrasse,6
Wittelsbacherstrasse,7
Wittelsbacherstrasse,8
Wittelsbacherstrasse,9
Wittelsbacherstrasse,10
Wittelsbacherstrasse,11
Wittelsbacherstrasse,12
Wittelsbacherstrasse,13
Wittelsbacherstrasse,14
Wittelsbacherstrasse,15
Wittelsbacherstrasse,16
Woerthplatz,1
Woerthplatz,2
Woerthplatz,3
Woerthplatz,4
Woerthplatz,5
Woerthplatz,6
Woerthplatz,7
Woerthplatz,8
Woerthplatz,9
Woerthplatz,10
Woerthplatz,11
Woerthplatz,12
Woerthplatz,13
Woerthplatz,14
Woerthplatz,15
Woerthplatz,16
Woerthplatz,17
Woerthplatz,18
Woerthplatz,19
Woerthplatz,20
Woerthplatz,21
Woerthplatz,22
Woerthplatz,23
Woerthplatz,24
Woerthplatz,25
Woerthplatz,26
Woerthplatz,27
Woerthplatz,28
Woerthplatz,29
Woerthplatz,30
Woerthplatz,31
Woerthplatz,32
Woerthplatz,33
Woerthplatz,34
Woerthplatz,35
Woerthplatz,36
Woerthplatz,37
Woerthplatz,38
Woerthplatz,39
Woerthplatz,40
Woerthplatz,41
Woerthplatz,42
Woerthplatz,43
Woerthplatz,44
Woerthplatz,45
Woerthplatz,46
Woerthplatz,47
Woerthplatz,48
Woerthplatz,49
Woerthplatz,50
Woerthplatz,51
Woerthplatz,52
Woerthplatz,53
Woerthplatz,54
Woerthplatz,55
Woerthplatz,56
Woerthplatz,57
Woerthplatz,58
Woerthplatz,59
Woerthplatz,60
Woerthplatz,61
Woerthplatz,62
Woerthplatz,63
Woerthplatz,64
Woerthplatz,65
Woerthplatz,66
Woerthplatz,67
Woerthplatz,68
Woerthplatz,69
Woerthplatz,70
Woerthplatz,71
Woerthstrasse,1
Woerthstrasse,2
Woerthstrasse,3
Woerthstrasse,4
Woerthstrasse,5
Woerthstrasse,6
Woerthstrasse,7
Woerthstrasse,8
Woerthstrasse,9
Woerthstrasse,10
Woerthstrasse,11
Woerthstrasse,12
Woerthstrasse,13
Woerthstrasse,14
Woerthstrasse,15
Woerthstrasse,16
Woerthstrasse,17
Woerthstrasse,18
Woerthstrasse,19
Woerthstrasse,20
Woerthstrasse,21
Woerthstrasse,22
Woerthstrasse,23
Woerthstrasse,24
Woerthstrasse,25
Woerthstrasse,26
Woerthstrasse,27
Woerthstrasse,28
Woerthstrasse,29
Woerthstrasse,30
Woerthstrasse,31
Woerthstrasse,32
Woerthstrasse,33
Woerthstrasse,34
Woerthstrasse,35
Woerthstrasse,36
Woerthstrasse,37
Woerthstrasse,38
Woerthstrasse,39
Woerthstrasse,40
Woerthstrasse,41
Woerthstrasse,42
Woerthstrasse,43
Woerthstrasse,44
Woerthstrasse,45
Woerthstrasse,46
Woerthstrasse,47
Woerthstrasse,48
Woerthstrasse,49
Woerthstrasse,50
Woerthstrasse,51
Wolfgangstrasse,1
Wolfgangstrasse,2
Wolfgangstrasse,3
Wolfgangstrasse,4
Wolfgangstrasse,5
Wolfgangstrasse,6
Wolfgangstrasse,7
Wolfgangstrasse,8
Wolfgangstrasse,9
Wolfgangstrasse,10
Wolfgangstrasse,11
Wolfgangstrasse,12
Wolfgangstrasse,13
Wolfgangstrasse,14
Wolfgangstrasse,15
Wolfgangstrasse,16
Wurzerstrasse,1
Wurzerstrasse,2
Wurzerstrasse,3
Wurzerstrasse,4
Wurzerstrasse,5
Wurzerstrasse,6
Wurzerstrasse,7
Wurzerstrasse,8
Wurzerstrasse,9
Wurzerstrasse,10
Wurzerstrasse,11
Wurzerstrasse,12
Wurzerstrasse,13
Wurzerstrasse,14
Wurzerstrasse,15
Wurzerstrasse,16
Wurzerstrasse,17
Wurzerstrasse,18
Wurzerstrasse,19
Wurzerstrasse,20
Wurzerstrasse,21
Wurzerstrasse,22
Wurzerstrasse,23
Wurzerstrasse,24
Wurzerstrasse,25
Wurzerstrasse,26
Wurzerstrassr,1
Wurzerstrassr,2
Wurzerstrassr,3
Wurzerstrassr,4
Wurzerstrassr,5
Wurzerstrassr,6
Wurzerstrassr,7
Wurzerstrassr,8
Zehentbauernstrasse,1
Zehentbauernstrasse,2
Zehentbauernstrasse,3
Zehentbauernstrasse,4
Zehentbauernstrasse,5
Zehentbauernstrasse,6
Zehentbauernstrasse,7
Zehentbauernstrasse,8
Zehentbauernstrasse,9
Zehentbauernstrasse,10
Zehentbauernstrasse,11
Zenettiplatz,1
Zenettiplatz,2
Zenettistrasse,1
Zenettistrasse,2
Zenettistrasse,3
Zenettistrasse,4
Zenettistrasse,5
Zenettistrasse,6
Zenettistrasse,7
Zenettistrasse,8
Zenettistrasse,9
Zenettistrasse,10
Zenettistrasse,11
Zenettistrasse,12
Zenettistrasse,13
Zenettistrasse,14
Zenettistrasse,15
Zenettistrasse,16
Zenettistrasse,17
Zenettistrasse,18
Zenettistrasse,19
Zenettistrasse,20
Zenettistrasse,21
Zenettistrasse,22
Zenettistrasse,23
Zenettistrasse,24
Zenettistrasse,25
Zenettistrasse,26
Zenettistrasse,27
Zenettistrasse,28
Zenettistrasse,29
Zenettistrasse,30
Zenettistrasse,31
Zentnerstrasse,1
Zentnerstrasse,2
Zentnerstrasse,3
Zentnerstrasse,4
Zentnerstrasse,5
Zentnerstrasse,6
Zentnerstrasse,7
Zentnerstrasse,8
Zentnerstrasse,9
Zentnerstrasse,10
Zentnerstrasse,11
Zentnerstrasse,12
Zentnerstrasse,13
Zeughausplatz,1
Zieblandstrasse,1
Zieblandstrasse,2
Zieblandstrasse,3
Zieblandstrasse,4
Zieblandstrasse,5
Zieblandstrasse,6
Zieblandstrasse,7
Zieblandstrasse,8
Zieblandstrasse,9
Zieblandstrasse,10
Zieblandstrasse,11
Zieblandstrasse,12
Zieblandstrasse,13
Zieblandstrasse,14
Zieblandstrasse,15
Zieblandstrasse,16
Zieblandstrasse,17
Zieblandstrasse,18
Zieblandstrasse,19
Zieblandstrasse,20
Zieblandstrasse,21
Zieblandstrasse,22
Zieblandstrasse,23
Zieblandstrasse,24
Zieblandstrasse,25
Zieblandstrasse,26
Zieblandstrasse,27
Zieblandstrasse,28
Zieblandstrasse,29
Zieblandstrasse,30
Zieblandstrasse,31
Zieblandstrasse,32
Zieblandstrasse,33
Zieblandstrasse,34
Zieblandstrasse,35
Zieblandstrasse,36
Zieblandstrasse,37
Zieblandstrasse,38
Zieblandstrasse,39
Zieblandstrasse,40
Zieblandstrasse,41
Zieblandstrasse,42
Zieblandstrasse,43
Zieblandstrasse,44
Zieblandstrasse,45
Zollstrasse,1
Zollstrasse,2
Zollstrasse,3
Zollstrasse,4
Zugspitzstrasse,1
Zugspitzstrasse,2
Zugspitzstrasse,3
Zugspitzstrasse,4
Zugspitzstrasse,5
Zugspitzstrasse,6
Zugspitzstrasse,7
Zugspitzstrasse,8
Zugspitzstrasse,9
Zugspitzstrasse,10
Zugspitzstrasse,11
Zugspitzstrasse,12
Zugspitzstrasse,13
Zugspitzstrasse,14
Zugspitzstrasse,15
Zugspitzstrasse,16
Zugspitzstrasse,17
Zugspitzstrasse,18
Zugspitzstrasse,19
Zugspitzstrasse,20
Zugspitzstrasse,21
Zugspitzstrasse,22
Zugspitzstrasse,23
Zugspitzstrasse,24
Zugspitzstrasse,25
Zugspitzstrasse,26
Zugspitzstrasse,27
Zugspitzstrasse,28
Zugspitzstrasse,29
Zugspitzstrasse,30
Zugspitzstrasse,31
Zugspitzstrasse,32
Zugspitzstrasse,33
Zugspitzstrasse,34
Zugspitzstrasse,35
Zugspitzstrasse,36
Zugspitzstrasse,37
Zugspitzstrasse,38
Zugspitzstrasse,39
Zugspitzstrasse,40
Zugspitzstrasse,41
Zugspitzstrasse,42
Zugspitzstrasse,43
Zugspitzstrasse,44
Zugspitzstrasse,45
Zugspitzstrasse,46
Zugspitzstrasse,47
Zugspitzstrasse,48
Zugspitzstrasse,49
Zugspitzstrasse,50
Zugspitzstrasse,51
Zugspitzstrasse,52
Zugspitzstrasse,53
Zugspitzstrasse,54
Zugspitzstrasse,55
Zugspitzstrasse,56
Zugspitzstrasse,57
Zugspitzstrasse,58
Zugspitzstrasse,59
Zugspitzstrasse,60
Zugspitzstrasse,61
Zugspitzstrasse,62
Zugspitzstrasse,63
Zugspitzstrasse,64
Zugspitzstrasse,65
Zugspitzstrasse,66
Zugspitzstrasse,67
Zugspitzstrasse,68
Zugspitzstrasse,69
Zugspitzstrasse,70
Zugspitzstrasse,71
Zugspitzstrasse,72
Zweibrueckenstrasse,1
Zweibrueckenstrasse,2
Zweibrueckenstrasse,3
Zweibrueckenstrasse,4
Zweibrueckenstrasse,5
Zweibrueckenstrasse,6
Zweibrueckenstrasse,7
Zweibrueckenstrasse,8
Zweibrueckenstrasse,9
Zweibrueckenstrasse,10
Zweibrueckenstrasse,11
Zweibrueckenstrasse,12
Zweibrueckenstrasse,13
Zweibrueckenstrasse,14
Zweibrueckenstrasse,15
Zweibrueckenstrasse,16
Zweibrueckenstrasse,17
Zweibrueckenstrasse,18
Zweibrueckenstrasse,19
Zweibrueckenstrasse,20
Zweibrueckenstrasse,21
Zweibrueckenstrasse,22
Zweibrueckenstrasse,23
Zweibrueckenstrasse,24
Zweibrueckenstrasse,25
Zweibrueckenstrasse,26
Zweibrueckenstrasse,27
Zweibrueckenstrasse,28
Zweibrueckenstrasse,29
Zweibrueckenstrasse,30
Zweibrueckenstrasse,31
Zweibrueckenstrasse,32
Zweibrueckenstrasse,33
Zweibrueckenstrasse,34
Zweibrueckenstrasse,35
Zweibrueckenstrasse,36
Zweibrueckenstrasse,37
Zweibrueckenstrasse,38
Zweibrueckenstrasse,39
Zweigstrasse,1
Zweigstrasse,2
Zweigstrasse,3
Zweigstrasse,4
Zweigstrasse,5
Zweigstrasse,6
Zweigstrasse,7
Zweigstrasse,8
Zweigstrasse,9
Zweigstrasse,10
Zwingerstrasse,1
Zwingerstrasse,2
_,1
